Open Time,Open,High,Low,Close,Volume,Close Time,Quote Asset Volume,Number of Trades,Taker Buy Base Asset Volume,Taker Buy Quote Asset Volume
2024-04-28 22:00:00,63662.00000000,63714.76000000,62870.00000000,63151.05000000,2240.65115000,2024-04-28 22:59:59.999,141639868.30794920,70580,1128.89444000,71348027.42327780
2024-04-28 23:00:00,63151.06000000,63164.70000000,62781.00000000,63118.62000000,1452.80370000,2024-04-28 23:59:59.999,91453730.28627130,58490,699.67378000,44055584.77366260
2024-04-29 00:00:00,63118.62000000,63321.90000000,63002.86000000,63257.43000000,639.83326000,2024-04-29 00:59:59.999,40440773.92917220,34235,300.20958000,18973096.26637630
2024-04-29 01:00:00,63257.42000000,63367.05000000,63084.18000000,63232.00000000,538.92170000,2024-04-29 01:59:59.999,34063746.62924360,28838,253.93356000,16051326.30895040
2024-04-29 02:00:00,63231.99000000,63285.08000000,62570.00000000,62706.33000000,1267.73202000,2024-04-29 02:59:59.999,79672627.20265720,52653,521.25574000,32764329.57321430
2024-04-29 03:00:00,62706.34000000,62764.84000000,62150.52000000,62279.67000000,1735.88484000,2024-04-29 03:59:59.999,108512784.47632640,66473,778.60181000,48677259.78741770
2024-04-29 04:00:00,62279.68000000,62639.40000000,62200.03000000,62542.00000000,968.14551000,2024-04-29 04:59:59.999,60486070.73597980,42525,503.66728000,31463130.02801550
2024-04-29 05:00:00,62542.00000000,62542.00000000,62059.27000000,62444.88000000,916.04523000,2024-04-29 05:59:59.999,57089845.48658180,41783,445.68902000,27783265.20338970
2024-04-29 06:00:00,62444.88000000,62473.80000000,61923.13000000,62199.69000000,1730.38453000,2024-04-29 06:59:59.999,107583310.46538350,66592,771.34860000,47965290.94340390
2024-04-29 07:00:00,62199.69000000,62417.85000000,61942.38000000,62399.98000000,1363.33041000,2024-04-29 07:59:59.999,84814341.92129680,51365,748.12695000,46545135.38543480
2024-04-29 08:00:00,62399.98000000,62498.61000000,62220.01000000,62398.00000000,810.86485000,2024-04-29 08:59:59.999,50566873.22849140,39707,428.30791000,26712306.92045720
2024-04-29 09:00:00,62397.99000000,62660.01000000,62276.73000000,62536.01000000,676.75773000,2024-04-29 09:59:59.999,42231673.96033520,36151,431.08531000,26902838.70626410
2024-04-29 10:00:00,62536.01000000,62673.18000000,62388.96000000,62388.97000000,758.89579000,2024-04-29 10:59:59.999,47449967.59427880,35466,389.45263000,24350380.18471110
2024-04-29 11:00:00,62388.96000000,62421.66000000,62179.99000000,62256.00000000,787.39096000,2024-04-29 11:59:59.999,49061524.24254290,36005,385.04971000,23994061.60441320
2024-04-29 12:00:00,62256.00000000,62653.44000000,62049.00000000,62602.33000000,1426.98241000,2024-04-29 12:59:59.999,89012847.74847780,49763,843.07660000,52606529.77977730
2024-04-29 13:00:00,62602.32000000,62698.55000000,61765.53000000,62014.00000000,2539.89307000,2024-04-29 13:59:59.999,157997265.01454010,87647,1172.65324000,72962747.55713970
2024-04-29 14:00:00,62014.00000000,63014.67000000,61878.61000000,62834.99000000,2963.05386000,2024-04-29 14:59:59.999,185336130.19392900,86023,1609.42469000,100674116.71720230
2024-04-29 15:00:00,62834.99000000,63112.29000000,62735.55000000,63039.07000000,1282.58611000,2024-04-29 15:59:59.999,80694642.48576530,48450,631.93664000,39762895.10807850
2024-04-29 16:00:00,63039.07000000,63158.80000000,62754.00000000,62792.02000000,1229.02619000,2024-04-29 16:59:59.999,77373535.40922490,48135,535.77178000,33735891.17079700
2024-04-29 17:00:00,62792.01000000,63221.74000000,62774.38000000,63033.23000000,779.87808000,2024-04-29 17:59:59.999,49141143.82187880,39670,394.66504000,24865656.31032080
2024-04-29 18:00:00,63033.24000000,63050.00000000,62705.88000000,62870.00000000,612.29352000,2024-04-29 18:59:59.999,38500381.32070720,32501,231.29209000,14540987.33324830
2024-04-29 19:00:00,62870.00000000,62988.00000000,62546.37000000,62987.37000000,882.87940000,2024-04-29 19:59:59.999,55375443.55369150,44031,413.27459000,25920300.82468930
2024-04-29 20:00:00,62987.37000000,63134.12000000,62894.85000000,62968.82000000,540.43192000,2024-04-29 20:59:59.999,34062730.92417550,29527,226.49269000,14274763.71362120
2024-04-29 21:00:00,62968.83000000,63172.58000000,62820.00000000,63092.24000000,479.12589000,2024-04-29 21:59:59.999,30180209.59351990,25461,229.23330000,14439625.53599300
2024-04-29 22:00:00,63092.23000000,63935.91000000,63041.04000000,63890.00000000,1736.53980000,2024-04-29 22:59:59.999,110440935.01218470,72533,1030.64107000,65548459.26382370
2024-04-29 23:00:00,63890.01000000,64228.35000000,63810.00000000,63866.00000000,1483.35239000,2024-04-29 23:59:59.999,94949519.73333700,56762,711.40454000,45538928.08125760
2024-04-30 00:00:00,63866.00000000,64734.00000000,63688.04000000,64580.00000000,2057.93388000,2024-04-30 00:59:59.999,132175659.00752670,71345,1150.92884000,73937760.37966960
2024-04-30 01:00:00,64579.99000000,64614.00000000,63560.50000000,63606.01000000,1516.74943000,2024-04-30 01:59:59.999,97306775.98926510,63164,624.21776000,40065312.27380650
2024-04-30 02:00:00,63606.01000000,63896.12000000,62995.70000000,63780.91000000,2440.35663000,2024-04-30 02:59:59.999,154792089.09232730,81990,1313.99723000,83352691.35196230
2024-04-30 03:00:00,63780.92000000,63820.58000000,63561.32000000,63647.99000000,626.95140000,2024-04-30 03:59:59.999,39926186.03116090,32698,311.40268000,19832697.82695280
2024-04-30 04:00:00,63647.99000000,63708.70000000,63343.47000000,63403.98000000,599.67518000,2024-04-30 04:59:59.999,38092317.34655520,32916,254.67079000,16179465.50213700
2024-04-30 05:00:00,63403.98000000,63491.59000000,63069.68000000,63330.00000000,968.56930000,2024-04-30 05:59:59.999,61293607.79087290,46201,471.56413000,29840247.28622990
2024-04-30 06:00:00,63330.00000000,63465.10000000,63227.47000000,63412.00000000,482.60665000,2024-04-30 06:59:59.999,30575850.84783090,29609,256.81345000,16270142.32103950
2024-04-30 07:00:00,63412.00000000,63461.96000000,63135.70000000,63148.74000000,984.22900000,2024-04-30 07:59:59.999,62312548.01643470,42758,496.41540000,31429034.21873160
2024-04-30 08:00:00,63148.74000000,63244.00000000,61816.46000000,61919.32000000,4286.06285000,2024-04-30 08:59:59.999,267569085.37247120,140502,1876.07085000,117081045.74408590
2024-04-30 09:00:00,61919.32000000,62148.00000000,61600.00000000,61688.01000000,2706.32317000,2024-04-30 09:59:59.999,167505718.40770910,93692,1357.32743000,84016348.62534730
2024-04-30 10:00:00,61688.01000000,61788.05000000,61451.01000000,61782.19000000,1881.13832000,2024-04-30 10:59:59.999,115986072.16995830,70386,885.28091000,54590702.81830140
2024-04-30 11:00:00,61782.18000000,61782.19000000,61000.00000000,61204.42000000,5194.60935000,2024-04-30 11:59:59.999,318331581.87330360,133547,2904.16624000,177937466.95186810
2024-04-30 12:00:00,61204.41000000,61337.78000000,60737.45000000,61230.16000000,3012.04453000,2024-04-30 12:59:59.999,184046399.49454750,125730,1352.39713000,82660062.84756560
2024-04-30 13:00:00,61230.16000000,61313.94000000,60779.79000000,60820.57000000,1823.63883000,2024-04-30 13:59:59.999,111421794.29480440,80163,889.76231000,54379576.07023390
2024-04-30 14:00:00,60820.58000000,61559.36000000,60546.22000000,61247.87000000,3223.32351000,2024-04-30 14:59:59.999,196635073.47045500,121212,1646.87459000,100476545.85298490
2024-04-30 15:00:00,61247.87000000,61395.66000000,60600.72000000,60796.85000000,2445.85834000,2024-04-30 15:59:59.999,148966586.43362170,92968,1132.11147000,68951479.54268720
2024-04-30 16:00:00,60796.86000000,60947.55000000,60158.86000000,60336.68000000,3340.71508000,2024-04-30 16:59:59.999,201994023.49091290,125154,1470.77916000,88915164.82026820
2024-04-30 17:00:00,60336.68000000,60514.72000000,60080.00000000,60368.81000000,2543.81372000,2024-04-30 17:59:59.999,153311432.33122510,87043,1243.15683000,74927567.62951110
2024-04-30 18:00:00,60368.82000000,60538.38000000,60018.00000000,60403.67000000,1792.45947000,2024-04-30 18:59:59.999,108079821.31277210,70562,854.36838000,51525079.10209130
2024-04-30 19:00:00,60403.68000000,60503.87000000,59191.60000000,59292.95000000,5586.14319000,2024-04-30 19:59:59.999,334292283.96897890,168691,2089.40520000,125053615.36908170
2024-04-30 20:00:00,59292.95000000,60177.46000000,59274.75000000,59958.62000000,3414.88045000,2024-04-30 20:59:59.999,204266409.20684730,103846,1698.69261000,101604905.50354800
2024-04-30 21:00:00,59958.62000000,60400.00000000,59952.49000000,60180.00000000,1151.18801000,2024-04-30 21:59:59.999,69304766.28419380,48063,603.09852000,36305225.94322920
2024-04-30 22:00:00,60180.00000000,61070.71000000,60156.00000000,60589.79000000,1945.24597000,2024-04-30 22:59:59.999,117966215.41695780,77093,978.69404000,59354228.64262810
2024-04-30 23:00:00,60589.79000000,60924.16000000,60401.06000000,60672.00000000,923.13909000,2024-04-30 23:59:59.999,55990169.78152010,46338,523.22019000,31735483.95473800
2024-05-01 00:00:00,60672.01000000,60841.63000000,60078.52000000,60240.57000000,1687.69405000,2024-05-01 00:59:59.999,102001827.68527480,63890,690.17398000,41698382.39623290
2024-05-01 01:00:00,60240.58000000,60408.29000000,59850.06000000,60133.78000000,1900.93637000,2024-05-01 01:59:59.999,114328448.67225570,69968,889.41560000,53488477.81976610
2024-05-01 02:00:00,60133.79000000,60177.68000000,59590.00000000,59927.99000000,2096.94562000,2024-05-01 02:59:59.999,125372126.22822620,66988,819.31413000,48993400.91369320
2024-05-01 03:00:00,59927.99000000,60317.88000000,59903.17000000,60246.03000000,844.90119000,2024-05-01 03:59:59.999,50793223.06812560,34304,420.49007000,25275553.60759110
2024-05-01 04:00:00,60246.02000000,60361.09000000,60190.00000000,60283.99000000,837.69201000,2024-05-01 04:59:59.999,50493469.68289690,30990,399.32328000,24070982.62241050
2024-05-01 05:00:00,60283.99000000,60334.76000000,59931.59000000,60050.00000000,891.00474000,2024-05-01 05:59:59.999,53553314.38429800,41351,369.54213000,22209851.09238780
2024-05-01 06:00:00,60049.99000000,60113.24000000,59500.55000000,59529.94000000,1347.11313000,2024-05-01 06:59:59.999,80530188.55134440,56146,592.90934000,35442090.86913430
2024-05-01 07:00:00,59529.94000000,59569.23000000,57100.00000000,57499.99000000,12661.81057000,2024-05-01 07:59:59.999,735132790.48605290,340174,5410.12641000,313890278.58250630
2024-05-01 08:00:00,57500.00000000,57596.63000000,56552.82000000,57169.69000000,10517.34359000,2024-05-01 08:59:59.999,600027620.51761380,228592,5061.43091000,288827149.22394820
2024-05-01 09:00:00,57169.70000000,57653.34000000,57042.00000000,57115.61000000,3511.69138000,2024-05-01 09:59:59.999,201286360.28481670,99651,1745.99067000,100084808.84675690
2024-05-01 10:00:00,57115.61000000,57770.00000000,56888.00000000,57768.68000000,2656.85211000,2024-05-01 10:59:59.999,152255180.98415040,90354,1434.32798000,82226380.04316730
2024-05-01 11:00:00,57768.68000000,57909.00000000,57455.58000000,57898.47000000,1920.67432000,2024-05-01 11:59:59.999,110782680.83351440,71863,964.45649000,55649805.82595400
2024-05-01 12:00:00,57898.46000000,58275.87000000,57729.89000000,57969.98000000,3130.89661000,2024-05-01 12:59:59.999,181794661.43585360,91053,1527.25458000,88692282.90512600
2024-05-01 13:00:00,57969.99000000,57999.06000000,57223.29000000,57301.29000000,2703.02650000,2024-05-01 13:59:59.999,155611390.26897740,95287,1264.59189000,72796800.53599750
2024-05-01 14:00:00,57301.29000000,57586.20000000,57101.10000000,57482.00000000,2591.82856000,2024-05-01 14:59:59.999,148677594.40728330,90581,1385.08781000,79459409.73709050
2024-05-01 15:00:00,57482.01000000,57511.10000000,56674.51000000,56886.00000000,3260.99612000,2024-05-01 15:59:59.999,185879357.57197280,98457,1474.87932000,84082180.91020510
2024-05-01 16:00:00,56886.00000000,57456.92000000,56750.10000000,57043.99000000,2281.24833000,2024-05-01 16:59:59.999,130229552.53033980,75999,1282.44234000,73204445.08874100
2024-05-01 17:00:00,57044.00000000,57700.86000000,56625.09000000,57424.65000000,2103.68747000,2024-05-01 17:59:59.999,120299549.92732530,80367,1099.21604000,62889400.50043500
2024-05-01 18:00:00,57424.64000000,59468.00000000,57331.10000000,58913.99000000,8929.48940000,2024-05-01 18:59:59.999,521590324.77799710,233167,4334.63721000,253258610.05661010
2024-05-01 19:00:00,58913.98000000,59264.16000000,56897.27000000,56954.47000000,7193.39968000,2024-05-01 19:59:59.999,416634856.70870780,178282,3208.95822000,185923955.41874700
2024-05-01 20:00:00,56954.46000000,57531.10000000,56760.02000000,57361.70000000,2355.81240000,2024-05-01 20:59:59.999,134770952.98456540,76028,1221.92256000,69912891.97037830
2024-05-01 21:00:00,57361.71000000,58203.34000000,57257.99000000,57909.03000000,1636.98304000,2024-05-01 21:59:59.999,94614550.71573620,68274,890.72757000,51482374.56152980
2024-05-01 22:00:00,57909.03000000,58209.72000000,57857.71000000,57880.58000000,1333.61476000,2024-05-01 22:59:59.999,77364899.15223270,48015,667.29497000,38710968.43613610
2024-05-01 23:00:00,57880.58000000,58575.32000000,57828.00000000,58364.97000000,2770.82628000,2024-05-01 23:59:59.999,161547439.88063900,71308,1049.06027000,61133796.62546590
2024-05-02 00:00:00,58364.97000000,58610.55000000,57641.73000000,57767.29000000,3568.72884000,2024-05-02 00:59:59.999,207833688.09337660,89347,1289.72427000,75109149.04464440
2024-05-02 01:00:00,57767.30000000,57900.02000000,56911.84000000,57112.37000000,5530.96245000,2024-05-02 01:59:59.999,316697393.82880070,117821,3117.93382000,178425192.05391220
2024-05-02 02:00:00,57112.37000000,57641.04000000,57109.01000000,57463.87000000,1214.12627000,2024-05-02 02:59:59.999,69633586.59263570,50740,607.79815000,34856572.85660640
2024-05-02 03:00:00,57463.88000000,57705.08000000,57377.32000000,57442.88000000,898.19946000,2024-05-02 03:59:59.999,51689404.28848080,38608,457.85612000,26352494.79266810
2024-05-02 04:00:00,57442.88000000,57647.40000000,57301.11000000,57396.22000000,740.64053000,2024-05-02 04:59:59.999,42564498.63439400,33986,376.01777000,21609060.89636110
2024-05-02 05:00:00,57396.23000000,57537.73000000,57202.49000000,57484.57000000,1008.46239000,2024-05-02 05:59:59.999,57865764.27955640,40494,608.31774000,34903576.58731490
2024-05-02 06:00:00,57484.57000000,57725.98000000,57404.08000000,57628.56000000,1076.56606000,2024-05-02 06:59:59.999,61987566.40560910,45750,554.23725000,31911427.32230440
2024-05-02 07:00:00,57628.57000000,57945.19000000,57618.07000000,57681.08000000,1204.89032000,2024-05-02 07:59:59.999,69576390.75130160,44507,661.06929000,38172945.66149040
2024-05-02 08:00:00,57681.08000000,57981.46000000,57612.73000000,57834.82000000,1318.55505000,2024-05-02 08:59:59.999,76251838.66962030,51601,716.54847000,41436525.55250720
2024-05-02 09:00:00,57834.82000000,57892.52000000,57626.89000000,57804.36000000,944.31508000,2024-05-02 09:59:59.999,54530926.30536690,40926,418.21197000,24147877.99654880
2024-05-02 10:00:00,57804.37000000,57898.01000000,57561.14000000,57801.41000000,1395.86396000,2024-05-02 10:59:59.999,80597827.29772880,49376,731.11513000,42214880.07961880
2024-05-02 11:00:00,57801.41000000,58689.55000000,57783.04000000,58559.66000000,3611.54754000,2024-05-02 11:59:59.999,210611941.61254460,103446,1964.07828000,114533511.90391850
2024-05-02 12:00:00,58559.66000000,59117.68000000,58446.18000000,58556.59000000,6043.29407000,2024-05-02 12:59:59.999,355644643.86620820,132811,2725.39774000,160343470.22220170
2024-05-02 13:00:00,58556.58000000,58788.75000000,58222.00000000,58450.22000000,2104.25726000,2024-05-02 13:59:59.999,123115978.27891440,73912,992.33280000,58080241.40959190
2024-05-02 14:00:00,58450.22000000,59300.00000000,58300.00000000,59055.25000000,3644.25523000,2024-05-02 14:59:59.999,214439995.54336710,105802,1984.02714000,116767375.94638570
2024-05-02 15:00:00,59055.26000000,59455.00000000,58972.44000000,59264.15000000,3236.14321000,2024-05-02 15:59:59.999,191769248.09786800,94130,1626.37898000,96383858.15875310
2024-05-02 16:00:00,59264.16000000,59315.32000000,58943.38000000,59017.54000000,1660.74835000,2024-05-02 16:59:59.999,98077298.59661300,69520,601.70089000,35537961.60469070
2024-05-02 17:00:00,59017.53000000,59301.10000000,58955.31000000,59190.24000000,1256.68865000,2024-05-02 17:59:59.999,74288229.52451580,58479,667.62486000,39472054.08655620
2024-05-02 18:00:00,59190.24000000,59575.29000000,58987.49000000,59383.52000000,1289.75653000,2024-05-02 18:59:59.999,76460315.44648970,63545,623.17170000,36950584.96345040
2024-05-02 19:00:00,59383.52000000,59385.57000000,59025.51000000,59351.11000000,969.04918000,2024-05-02 19:59:59.999,57364831.85230940,51435,452.68892000,26798045.18977320
2024-05-02 20:00:00,59351.10000000,59431.10000000,58637.62000000,58727.45000000,1774.05031000,2024-05-02 20:59:59.999,104678340.20892570,67550,683.07527000,40316008.01446340
2024-05-02 21:00:00,58727.45000000,59625.00000000,58701.10000000,59112.58000000,1413.45158000,2024-05-02 21:59:59.999,83634003.59571700,64677,705.32855000,41748349.17088140
2024-05-02 22:00:00,59112.59000000,59454.17000000,59083.33000000,59328.00000000,1011.92007000,2024-05-02 22:59:59.999,60007658.27877510,49794,476.81130000,28274929.59402420
2024-05-02 23:00:00,59328.00000000,59377.36000000,59057.73000000,59060.61000000,667.34722000,2024-05-02 23:59:59.999,39518935.00145970,34641,199.30729000,11802682.77806940
2024-05-03 00:00:00,59060.60000000,59131.10000000,58811.32000000,59031.81000000,1076.30755000,2024-05-03 00:59:59.999,63482079.66136010,44357,528.41039000,31168214.16220070
2024-05-03 01:00:00,59031.81000000,59498.00000000,59004.00000000,59311.11000000,1001.70969000,2024-05-03 01:59:59.999,59450277.09531860,52716,484.22961000,28733339.36159540
2024-05-03 02:00:00,59311.10000000,59916.12000000,59255.22000000,59543.76000000,1463.51964000,2024-05-03 02:59:59.999,87303125.79256310,59882,855.46469000,51036496.31911300
2024-05-03 03:00:00,59543.75000000,59999.00000000,59504.00000000,59720.30000000,1567.87229000,2024-05-03 03:59:59.999,93752293.04326420,53088,795.04202000,47545991.66196540
2024-05-03 04:00:00,59720.30000000,59844.94000000,59548.00000000,59604.00000000,781.48259000,2024-05-03 04:59:59.999,46644101.02965520,36432,336.99859000,20117161.31414710
2024-05-03 05:00:00,59604.00000000,59627.90000000,59468.89000000,59522.67000000,819.16238000,2024-05-03 05:59:59.999,48788457.58348460,35509,333.50031000,19862487.12514710
2024-05-03 06:00:00,59522.68000000,59574.60000000,59233.30000000,59254.74000000,941.00457000,2024-05-03 06:59:59.999,55908885.38651770,39155,342.37591000,20341301.44522380
2024-05-03 07:00:00,59254.75000000,59423.00000000,59061.63000000,59190.74000000,1367.38406000,2024-05-03 07:59:59.999,81047639.43648900,49620,738.32498000,43764898.82765470
2024-05-03 08:00:00,59190.74000000,59388.00000000,59136.49000000,59225.99000000,591.24312000,2024-05-03 08:59:59.999,35049787.91623650,35154,265.83615000,15758911.22118770
2024-05-03 09:00:00,59225.99000000,59575.48000000,59196.11000000,59481.12000000,748.34076000,2024-05-03 09:59:59.999,44462438.63769010,33852,432.97630000,25726926.15671270
2024-05-03 10:00:00,59481.11000000,59486.63000000,58849.94000000,59040.00000000,1218.99315000,2024-05-03 10:59:59.999,72015362.58419280,51271,543.82580000,32123041.41507150
2024-05-03 11:00:00,59040.01000000,59438.08000000,58867.92000000,59291.09000000,1082.27573000,2024-05-03 11:59:59.999,63974566.16570900,46762,582.46441000,34431828.84473830
2024-05-03 12:00:00,59291.10000000,60779.29000000,58991.99000000,60641.00000000,5944.47468000,2024-05-03 12:59:59.999,357559736.31501620,160744,3148.00565000,189364316.82703220
2024-05-03 13:00:00,60641.00000000,61836.60000000,60523.34000000,61689.94000000,7023.53920000,2024-05-03 13:59:59.999,430259752.01637030,180894,3617.75925000,221603783.59051690
2024-05-03 14:00:00,61689.95000000,62115.64000000,61347.10000000,61618.17000000,3790.61596000,2024-05-03 14:59:59.999,233930957.99284100,123345,1841.12456000,113652113.91270920
2024-05-03 15:00:00,61618.16000000,61800.00000000,61335.69000000,61690.74000000,2433.09528000,2024-05-03 15:59:59.999,149711121.87844060,78632,1158.90489000,71301705.60538160
2024-05-03 16:00:00,61690.74000000,62179.99000000,61538.70000000,61681.99000000,1826.92288000,2024-05-03 16:59:59.999,112998343.06878810,71212,955.09265000,59082349.18846370
2024-05-03 17:00:00,61682.00000000,61953.80000000,61533.20000000,61805.85000000,919.09272000,2024-05-03 17:59:59.999,56774948.39642790,42970,433.03433000,26750640.20153230
2024-05-03 18:00:00,61805.84000000,61986.00000000,61695.00000000,61829.16000000,722.65945000,2024-05-03 18:59:59.999,44682363.19669440,36542,366.06251000,22632757.85336680
2024-05-03 19:00:00,61829.15000000,62103.00000000,61597.14000000,62067.32000000,1125.63982000,2024-05-03 19:59:59.999,69563175.38508270,43746,602.58726000,37242266.25751950
2024-05-03 20:00:00,62067.32000000,63202.97000000,61974.00000000,62900.00000000,3397.32160000,2024-05-03 20:59:59.999,212994327.05057080,120291,1935.56037000,121331745.66396060
2024-05-03 21:00:00,62899.99000000,62950.00000000,62361.96000000,62738.00000000,1319.94037000,2024-05-03 21:59:59.999,82673175.56945970,57401,612.54446000,38368241.92226970
2024-05-03 22:00:00,62738.00000000,63005.47000000,62637.76000000,62782.43000000,1144.37346000,2024-05-03 22:59:59.999,71910496.40967200,50677,560.13232000,35200758.19762210
2024-05-03 23:00:00,62782.42000000,63333.00000000,62769.86000000,62882.01000000,1321.43048000,2024-05-03 23:59:59.999,83256296.73605960,54409,675.18593000,42546178.52062890
2024-05-04 00:00:00,62882.01000000,63171.16000000,62765.41000000,63083.99000000,1013.93188000,2024-05-04 00:59:59.999,63814886.43083120,44892,568.35419000,35771608.95841490
2024-05-04 01:00:00,63083.99000000,63595.14000000,62797.18000000,62856.03000000,1868.71505000,2024-05-04 01:59:59.999,117968124.08870250,73682,964.14352000,60888275.98584820
2024-05-04 02:00:00,62856.03000000,62900.00000000,62541.03000000,62699.07000000,1116.97163000,2024-05-04 02:59:59.999,70029797.61284340,51361,553.67438000,34710205.36433930
2024-05-04 03:00:00,62699.07000000,62884.62000000,62662.00000000,62724.00000000,743.84639000,2024-05-04 03:59:59.999,46677315.23259380,30949,437.79849000,27474264.06876470
2024-05-04 04:00:00,62724.00000000,63188.00000000,62686.00000000,63057.99000000,1066.51518000,2024-05-04 04:59:59.999,67086781.90454220,47675,660.06963000,41515364.97500230
2024-05-04 05:00:00,63057.99000000,63450.00000000,62956.00000000,63384.01000000,886.44995000,2024-05-04 05:59:59.999,56004931.24507900,46419,480.33472000,30353670.43802370
2024-05-04 06:00:00,63384.01000000,63390.06000000,62905.65000000,62966.93000000,706.19997000,2024-05-04 06:59:59.999,44570082.26502700,40693,282.24263000,17811856.34213020
2024-05-04 07:00:00,62966.92000000,63132.57000000,62851.96000000,62959.03000000,609.42314000,2024-05-04 07:59:59.999,38384090.14343810,33259,258.23010000,16264807.49020750
2024-05-04 08:00:00,62959.03000000,63226.43000000,62924.37000000,63160.95000000,620.20966000,2024-05-04 08:59:59.999,39112452.89910490,32057,293.94856000,18538613.49844620
2024-05-04 09:00:00,63160.95000000,63300.00000000,63055.55000000,63179.80000000,576.45042000,2024-05-04 09:59:59.999,36431039.07172540,32444,247.59331000,15649169.65618290
2024-05-04 10:00:00,63179.80000000,64497.99000000,63110.66000000,64420.91000000,2955.45058000,2024-05-04 10:59:59.999,188683252.46420620,109756,1853.65125000,118352818.51295660
2024-05-04 11:00:00,64420.90000000,64540.00000000,63658.79000000,63873.31000000,2394.63450000,2024-05-04 11:59:59.999,153713710.54034420,85581,1205.95971000,77436986.50376080
2024-05-04 12:00:00,63873.30000000,64098.63000000,63758.51000000,64066.35000000,1062.45014000,2024-05-04 12:59:59.999,67884778.02765950,45292,532.64699000,34035931.20941420
2024-05-04 13:00:00,64066.34000000,64158.19000000,63434.53000000,63730.01000000,1239.67887000,2024-05-04 13:59:59.999,78996331.78865860,59957,505.76684000,32234813.74277580
2024-05-04 14:00:00,63730.00000000,63956.00000000,63550.28000000,63819.09000000,653.55283000,2024-05-04 14:59:59.999,41668336.33233650,36297,348.56240000,22225949.70073510
2024-05-04 15:00:00,63819.08000000,63846.00000000,63439.56000000,63609.17000000,856.25184000,2024-05-04 15:59:59.999,54438748.52124670,37798,429.44487000,27295910.05075550
2024-05-04 16:00:00,63609.17000000,63731.86000000,63386.01000000,63683.01000000,843.18577000,2024-05-04 16:59:59.999,53600105.86163530,43469,452.09879000,28739391.98230810
2024-05-04 17:00:00,63683.02000000,63774.60000000,63300.58000000,63463.30000000,1498.72371000,2024-05-04 17:59:59.999,95184914.61230690,56399,689.12520000,43790019.75944730
2024-05-04 18:00:00,63463.30000000,63744.69000000,63388.12000000,63643.63000000,555.54541000,2024-05-04 18:59:59.999,35319047.95515920,29922,344.53277000,21901338.64926300
2024-05-04 19:00:00,63643.63000000,64019.83000000,63540.41000000,63921.18000000,720.51785000,2024-05-04 19:59:59.999,45953030.71729910,37580,377.39280000,24073959.90011960
2024-05-04 20:00:00,63921.17000000,64240.76000000,63853.74000000,63867.73000000,614.00937000,2024-05-04 20:59:59.999,39308419.44198970,37990,328.16475000,21012894.47968910
2024-05-04 21:00:00,63867.74000000,64112.51000000,63550.00000000,63903.91000000,677.89826000,2024-05-04 21:59:59.999,43264977.02873030,43170,309.91804000,19783140.52473220
2024-05-04 22:00:00,63903.91000000,63945.92000000,63569.99000000,63613.92000000,636.23199000,2024-05-04 22:59:59.999,40529137.57123270,30905,297.05964000,18917993.51161410
2024-05-04 23:00:00,63613.92000000,63932.61000000,63606.62000000,63892.04000000,451.84843000,2024-05-04 23:59:59.999,28844406.11988730,25962,250.49241000,15989779.00131880
2024-05-05 00:00:00,63892.03000000,64188.00000000,63418.53000000,63509.52000000,1260.64900000,2024-05-05 00:59:59.999,80448592.87514730,55346,606.55531000,38729097.80641060
2024-05-05 01:00:00,63509.52000000,63580.00000000,62822.17000000,63315.47000000,1694.41166000,2024-05-05 01:59:59.999,107048590.77816650,70870,733.23086000,46320159.83893070
2024-05-05 02:00:00,63315.47000000,63432.40000000,63140.00000000,63141.71000000,566.24565000,2024-05-05 02:59:59.999,35838191.93370010,29436,237.36361000,15022248.94942340
2024-05-05 03:00:00,63141.70000000,63271.81000000,63001.00000000,63235.93000000,502.50487000,2024-05-05 03:59:59.999,31730204.55594660,29796,237.90491000,15023881.99949300
2024-05-05 04:00:00,63235.93000000,63426.01000000,63234.24000000,63345.20000000,369.34259000,2024-05-05 04:59:59.999,23393692.15124390,24537,216.62710000,13720999.43990450
2024-05-05 05:00:00,63345.19000000,63493.55000000,63119.32000000,63211.67000000,401.54192000,2024-05-05 05:59:59.999,25426172.55910760,26222,176.48744000,11177869.25855970
2024-05-05 06:00:00,63211.66000000,63457.51000000,63162.00000000,63382.84000000,351.10233000,2024-05-05 06:59:59.999,22242129.20709020,24048,168.23465000,10657783.79135770
2024-05-05 07:00:00,63382.83000000,63959.00000000,63362.00000000,63736.87000000,862.96983000,2024-05-05 07:59:59.999,54975004.37640570,47593,498.70738000,31765497.95204000
2024-05-05 08:00:00,63736.86000000,63932.57000000,63539.53000000,63668.00000000,1001.23129000,2024-05-05 08:59:59.999,63837022.96012230,69314,404.96806000,25822401.51989010
2024-05-05 09:00:00,63668.00000000,63743.43000000,63550.28000000,63673.42000000,440.87609000,2024-05-05 09:59:59.999,28064977.29542980,39556,188.52201000,12001560.49195920
2024-05-05 10:00:00,63673.41000000,63844.33000000,63555.39000000,63688.48000000,421.33487000,2024-05-05 10:59:59.999,26834589.54842330,30259,167.77268000,10686501.68798680
2024-05-05 11:00:00,63688.49000000,63937.17000000,63609.48000000,63859.63000000,567.89348000,2024-05-05 11:59:59.999,36234702.76642340,31534,302.48834000,19300487.20956780
2024-05-05 12:00:00,63859.63000000,63884.00000000,63633.01000000,63725.33000000,534.04918000,2024-05-05 12:59:59.999,34032688.21422890,29649,254.98287000,16248651.93607420
2024-05-05 13:00:00,63725.32000000,64279.99000000,63618.91000000,64119.92000000,1786.78823000,2024-05-05 13:59:59.999,114426604.83823480,68787,976.76503000,62541814.59035730
2024-05-05 14:00:00,64119.91000000,64148.08000000,63751.02000000,64100.00000000,739.19784000,2024-05-05 14:59:59.999,47272912.29921750,44379,366.86287000,23461494.70917100
2024-05-05 15:00:00,64100.01000000,64646.00000000,63989.23000000,64428.65000000,2345.80267000,2024-05-05 15:59:59.999,150913177.92813010,100335,1340.92448000,86283897.01669230
2024-05-05 16:00:00,64428.64000000,64554.68000000,64196.73000000,64321.99000000,972.09408000,2024-05-05 16:59:59.999,62561322.30585670,49754,480.34908000,30912098.22645510
2024-05-05 17:00:00,64322.00000000,64476.00000000,64155.77000000,64218.00000000,656.34035000,2024-05-05 17:59:59.999,42203482.50025710,35871,231.38511000,14882473.70429090
2024-05-05 18:00:00,64218.00000000,64249.42000000,63811.01000000,63932.60000000,911.21569000,2024-05-05 18:59:59.999,58332250.88742890,44705,312.58862000,20010912.83764650
2024-05-05 19:00:00,63932.61000000,63999.99000000,63843.99000000,63879.94000000,332.26170000,2024-05-05 19:59:59.999,21239940.51250750,22507,160.40057000,10253072.24919040
2024-05-05 20:00:00,63879.94000000,63879.95000000,63582.08000000,63738.78000000,499.15062000,2024-05-05 20:59:59.999,31807692.97054270,32386,202.76288000,12919059.41339110
2024-05-05 21:00:00,63738.77000000,63868.41000000,63600.00000000,63868.41000000,343.20421000,2024-05-05 21:59:59.999,21869433.03084560,24738,175.13242000,11159686.94383160
2024-05-05 22:00:00,63868.41000000,63891.22000000,63704.32000000,63860.01000000,290.19456000,2024-05-05 22:59:59.999,18509670.88073440,23501,144.16210000,9194992.22860470
2024-05-05 23:00:00,63860.01000000,64227.51000000,63825.35000000,64012.00000000,676.34758000,2024-05-05 23:59:59.999,43329192.15542740,37798,369.75601000,23686784.43824210
2024-05-06 00:00:00,64012.00000000,64346.24000000,64011.01000000,64218.02000000,560.19841000,2024-05-06 00:59:59.999,35949481.69399070,32068,326.26280000,20934246.48423820
2024-05-06 01:00:00,64218.02000000,64465.00000000,64058.82000000,64147.22000000,854.81882000,2024-05-06 01:59:59.999,54955915.63344980,39383,415.66911000,26726265.39560640
2024-05-06 02:00:00,64147.22000000,64227.51000000,63826.08000000,63826.09000000,1099.88280000,2024-05-06 02:59:59.999,70478469.27280450,37281,559.87259000,35881511.19340280
2024-05-06 03:00:00,63826.08000000,63935.31000000,63708.58000000,63866.59000000,647.40358000,2024-05-06 03:59:59.999,41333448.07909760,31823,313.93266000,20044747.10032960
2024-05-06 04:00:00,63866.59000000,64185.58000000,63768.72000000,64166.00000000,1003.49641000,2024-05-06 04:59:59.999,64211110.70054560,42749,610.89677000,39092695.45667100
2024-05-06 05:00:00,64166.01000000,64331.58000000,64036.00000000,64186.93000000,811.25785000,2024-05-06 05:59:59.999,52067950.79911250,36654,423.54957000,27184494.95781900
2024-05-06 06:00:00,64186.93000000,64473.78000000,64137.92000000,64230.02000000,945.78691000,2024-05-06 06:59:59.999,60829781.35936050,41711,464.30920000,29863060.69350640
2024-05-06 07:00:00,64230.02000000,64588.00000000,64150.00000000,64540.75000000,1368.72558000,2024-05-06 07:59:59.999,88091583.18600540,52633,728.18095000,46868110.80499070
2024-05-06 08:00:00,64540.75000000,65500.00000000,64462.48000000,65143.04000000,3758.43767000,2024-05-06 08:59:59.999,244855328.52645980,132723,2080.43657000,135512528.59045930
2024-05-06 09:00:00,65143.04000000,65360.12000000,65111.10000000,65166.20000000,1065.18552000,2024-05-06 09:59:59.999,69475039.80546040,44432,522.83675000,34100533.75100640
2024-05-06 10:00:00,65166.20000000,65275.00000000,63815.38000000,64007.17000000,3241.26513000,2024-05-06 10:59:59.999,208788687.71052940,113335,1385.11376000,89207271.53286470
2024-05-06 11:00:00,64007.16000000,64359.39000000,64003.49000000,64203.56000000,1289.12020000,2024-05-06 11:59:59.999,82749163.29749800,57594,673.73178000,43249866.30080110
2024-05-06 12:00:00,64203.55000000,64319.86000000,63343.86000000,63593.99000000,3239.03285000,2024-05-06 12:59:59.999,206545463.84625730,117946,1562.27309000,99600238.23298340
2024-05-06 13:00:00,63593.99000000,63998.47000000,63450.00000000,63870.00000000,1925.28163000,2024-05-06 13:59:59.999,122630473.29167720,71810,994.41120000,63337690.53373300
2024-05-06 14:00:00,63870.01000000,64261.08000000,63211.66000000,63271.97000000,2546.60149000,2024-05-06 14:59:59.999,162555378.37886140,96568,1074.73363000,68670072.34886180
2024-05-06 15:00:00,63271.97000000,63760.00000000,62909.61000000,63632.01000000,3071.45824000,2024-05-06 15:59:59.999,194190554.51440150,93544,1524.23006000,96382235.14012560
2024-05-06 16:00:00,63632.01000000,63747.59000000,63079.60000000,63192.43000000,1310.82401000,2024-05-06 16:59:59.999,83171963.75781300,56507,641.08661000,40681649.75389770
2024-05-06 17:00:00,63192.42000000,63511.84000000,62968.57000000,63169.93000000,1326.88967000,2024-05-06 17:59:59.999,83810882.12922510,56754,623.04166000,39370200.73615920
2024-05-06 18:00:00,63169.92000000,63532.05000000,62965.40000000,63400.00000000,967.44266000,2024-05-06 18:59:59.999,61210092.56149240,49770,498.54906000,31548476.90181550
2024-05-06 19:00:00,63400.00000000,63404.80000000,62700.00000000,63220.00000000,1434.80332000,2024-05-06 19:59:59.999,90397289.18879970,67261,715.59792000,45091655.49024520
2024-05-06 20:00:00,63220.00000000,63405.61000000,63051.94000000,63308.28000000,631.68257000,2024-05-06 20:59:59.999,39963441.20650240,34120,315.34653000,19949235.26549880
2024-05-06 21:00:00,63308.28000000,63611.85000000,63308.27000000,63550.29000000,501.14599000,2024-05-06 21:59:59.999,31813647.43075080,30099,282.19739000,17913697.28848460
2024-05-06 22:00:00,63550.29000000,63570.00000000,63406.13000000,63495.67000000,386.90151000,2024-05-06 22:59:59.999,24564761.14755020,25147,198.74302000,12618067.57079550
2024-05-06 23:00:00,63495.67000000,63495.67000000,63134.85000000,63165.19000000,687.27667000,2024-05-06 23:59:59.999,43491290.94848730,30645,244.55763000,15474922.75622580
2024-05-07 00:00:00,63165.18000000,63667.00000000,62960.00000000,63545.45000000,928.47484000,2024-05-07 00:59:59.999,58807007.92385610,48359,475.59765000,30126362.45893010
2024-05-07 01:00:00,63545.44000000,63967.19000000,63480.00000000,63895.72000000,1085.17625000,2024-05-07 01:59:59.999,69188809.94560220,46828,587.67119000,37471425.54821420
2024-05-07 02:00:00,63895.72000000,63953.34000000,63620.03000000,63702.76000000,515.58031000,2024-05-07 02:59:59.999,32869267.77414830,27514,184.23530000,11743993.75968330
2024-05-07 03:00:00,63702.76000000,63733.16000000,62832.60000000,63239.49000000,1476.62405000,2024-05-07 03:59:59.999,93376191.90335840,64380,611.43533000,38654737.00375430
2024-05-07 04:00:00,63239.50000000,63470.58000000,63092.76000000,63466.26000000,660.87016000,2024-05-07 04:59:59.999,41849367.10176510,34585,354.49590000,22453683.26389750
2024-05-07 05:00:00,63466.27000000,63725.00000000,63243.92000000,63563.48000000,863.98722000,2024-05-07 05:59:59.999,54833946.44248600,40121,437.01980000,27738840.25006250
2024-05-07 06:00:00,63563.47000000,63719.20000000,63394.28000000,63623.81000000,670.64396000,2024-05-07 06:59:59.999,42630142.71821180,33587,303.99844000,19323436.54390240
2024-05-07 07:00:00,63623.81000000,63853.12000000,63549.99000000,63669.69000000,675.97144000,2024-05-07 07:59:59.999,43069133.63032550,34519,281.54267000,17940353.50161810
2024-05-07 08:00:00,63669.69000000,64422.41000000,63596.13000000,64232.00000000,1813.93045000,2024-05-07 08:59:59.999,116303390.10726030,70866,1012.89373000,64927254.50393450
2024-05-07 09:00:00,64231.99000000,64362.70000000,64064.34000000,64119.98000000,876.33820000,2024-05-07 09:59:59.999,56292811.62239630,42995,371.87432000,23889544.91855230
2024-05-07 10:00:00,64119.98000000,64171.83000000,63746.69000000,64086.37000000,1107.35526000,2024-05-07 10:59:59.999,70826597.20841010,49187,509.05843000,32557170.78069310
2024-05-07 11:00:00,64086.37000000,64124.05000000,63358.00000000,63490.43000000,1203.63388000,2024-05-07 11:59:59.999,76693259.38962670,60362,541.66925000,34504264.10814090
2024-05-07 12:00:00,63490.43000000,63772.45000000,63473.73000000,63663.02000000,808.51866000,2024-05-07 12:59:59.999,51413975.05344110,51035,406.49661000,25848169.40646880
2024-05-07 13:00:00,63663.03000000,63712.86000000,63112.57000000,63213.16000000,1114.61286000,2024-05-07 13:59:59.999,70707129.12517570,65292,527.52435000,33460854.72338660
2024-05-07 14:00:00,63213.17000000,64088.53000000,63050.77000000,64024.47000000,1473.30207000,2024-05-07 14:59:59.999,93539844.63361620,79442,810.79398000,51505761.87484260
2024-05-07 15:00:00,64024.47000000,64320.00000000,63584.28000000,63740.48000000,2024.43200000,2024-05-07 15:59:59.999,129503365.52221250,83216,1048.96102000,67120289.58828980
2024-05-07 16:00:00,63740.48000000,63895.46000000,63455.56000000,63634.00000000,834.79206000,2024-05-07 16:59:59.999,53129247.03715880,48232,416.77456000,26527998.40774290
2024-05-07 17:00:00,63633.99000000,63657.40000000,63310.84000000,63391.79000000,634.53809000,2024-05-07 17:59:59.999,40253245.89755440,46406,298.08535000,18910628.14922900
2024-05-07 18:00:00,63391.79000000,63393.52000000,62789.89000000,63169.99000000,1486.25347000,2024-05-07 18:59:59.999,93731226.09654520,77573,681.88473000,43004358.92977900
2024-05-07 19:00:00,63169.99000000,63269.20000000,62961.81000000,63060.01000000,626.71829000,2024-05-07 19:59:59.999,39576656.96442230,51922,306.10165000,19330295.32520950
2024-05-07 20:00:00,63060.00000000,63197.58000000,62888.68000000,62974.94000000,554.56501000,2024-05-07 20:59:59.999,34959542.72006590,35884,265.07960000,16712055.12829120
2024-05-07 21:00:00,62974.94000000,63162.28000000,62835.00000000,63074.01000000,577.89635000,2024-05-07 21:59:59.999,36404324.76704940,37185,344.65642000,21713184.11442870
2024-05-07 22:00:00,63074.01000000,63123.60000000,62738.80000000,62850.92000000,1499.83173000,2024-05-07 22:59:59.999,94420959.31234620,63525,866.83760000,54576689.55078170
2024-05-07 23:00:00,62850.92000000,62880.00000000,62261.00000000,62312.08000000,2084.74811000,2024-05-07 23:59:59.999,130152188.69534250,79883,857.69493000,53534642.37426950
2024-05-08 00:00:00,62312.07000000,62729.77000000,62111.00000000,62586.01000000,1290.47582000,2024-05-08 00:59:59.999,80611260.59329260,59500,647.25009000,40447671.12407850
2024-05-08 01:00:00,62586.01000000,62718.38000000,62430.00000000,62530.31000000,791.74180000,2024-05-08 01:59:59.999,49543343.98992740,38156,473.18921000,29608480.19579440
2024-05-08 02:00:00,62530.31000000,62849.03000000,62530.30000000,62756.01000000,608.88070000,2024-05-08 02:59:59.999,38200530.13686840,32930,351.31434000,22041824.14977950
2024-05-08 03:00:00,62756.00000000,62973.18000000,62588.00000000,62893.99000000,646.72460000,2024-05-08 03:59:59.999,40617217.52641370,31437,336.29615000,21121762.79432500
2024-05-08 04:00:00,62894.00000000,63020.22000000,62358.09000000,62520.15000000,950.04767000,2024-05-08 04:59:59.999,59588813.27496060,43513,385.93623000,24210233.13530400
2024-05-08 05:00:00,62520.15000000,62760.00000000,62361.51000000,62617.71000000,564.73818000,2024-05-08 05:59:59.999,35339086.97313190,32465,322.16406000,20160855.38836980
2024-05-08 06:00:00,62617.71000000,62709.63000000,62135.48000000,62505.98000000,1299.96940000,2024-05-08 06:59:59.999,81125707.79934420,51136,565.05558000,35270369.48031050
2024-05-08 07:00:00,62505.99000000,62603.64000000,62020.09000000,62208.00000000,1045.14323000,2024-05-08 07:59:59.999,65079089.11690300,46019,425.59470000,26505140.46183110
2024-05-08 08:00:00,62208.00000000,62427.97000000,62042.00000000,62375.99000000,1032.41734000,2024-05-08 08:59:59.999,64253288.35356170,51548,530.19506000,32997702.74593010
2024-05-08 09:00:00,62375.99000000,62428.00000000,62082.30000000,62302.01000000,1000.99800000,2024-05-08 09:59:59.999,62281437.82326120,49063,575.05289000,35780147.23995420
2024-05-08 10:00:00,62302.00000000,62519.70000000,62264.19000000,62450.05000000,809.67814000,2024-05-08 10:59:59.999,50529074.21495290,37940,406.15672000,25347320.08977390
2024-05-08 11:00:00,62450.06000000,62507.00000000,62131.41000000,62243.40000000,670.36372000,2024-05-08 11:59:59.999,41756835.36408360,40343,270.54055000,16854293.08053190
2024-05-08 12:00:00,62243.40000000,62450.14000000,62093.75000000,62238.29000000,730.29598000,2024-05-08 12:59:59.999,45470862.70220320,41794,362.99191000,22601464.97723360
2024-05-08 13:00:00,62238.29000000,62461.28000000,61761.00000000,62447.61000000,2047.08478000,2024-05-08 13:59:59.999,126974468.24424060,95608,1030.40177000,63926818.08520760
2024-05-08 14:00:00,62447.60000000,62828.00000000,62160.72000000,62560.01000000,1703.94563000,2024-05-08 14:59:59.999,106525154.57084150,89329,846.71569000,52930208.97344590
2024-05-08 15:00:00,62560.00000000,62604.35000000,61886.86000000,62273.08000000,1676.92072000,2024-05-08 15:59:59.999,104335068.70047540,101554,846.67386000,52682449.93362250
2024-05-08 16:00:00,62273.07000000,62444.45000000,62000.00000000,62444.45000000,800.51936000,2024-05-08 16:59:59.999,49836765.16172950,66071,400.77704000,24950493.09215480
2024-05-08 17:00:00,62444.45000000,62685.70000000,62368.06000000,62594.18000000,721.63706000,2024-05-08 17:59:59.999,45126256.14377660,59875,356.25080000,22278529.07279430
2024-05-08 18:00:00,62594.19000000,62760.00000000,62450.00000000,62515.46000000,605.54987000,2024-05-08 18:59:59.999,37919480.39023540,51152,289.48203000,18124891.27014680
2024-05-08 19:00:00,62515.46000000,62548.71000000,61949.42000000,62179.45000000,1173.43420000,2024-05-08 19:59:59.999,73025282.44291670,82573,559.18657000,34804432.61219620
2024-05-08 20:00:00,62179.45000000,62248.84000000,61429.62000000,61570.01000000,1896.44470000,2024-05-08 20:59:59.999,117066333.29532930,108678,852.32037000,52620305.82304980
2024-05-08 21:00:00,61570.00000000,61763.37000000,61382.00000000,61485.94000000,938.44954000,2024-05-08 21:59:59.999,57751497.53414870,60189,461.28205000,28389855.48537110
2024-05-08 22:00:00,61485.95000000,61568.85000000,61103.26000000,61251.01000000,1500.49677000,2024-05-08 22:59:59.999,91969368.30098510,68888,616.54739000,37795476.29435050
2024-05-08 23:00:00,61251.02000000,61280.46000000,60888.00000000,61193.03000000,1615.23283000,2024-05-08 23:59:59.999,98634818.47193560,75391,758.20673000,46298690.04252540
2024-05-09 00:00:00,61193.03000000,61468.14000000,61144.33000000,61400.00000000,669.86550000,2024-05-09 00:59:59.999,41073512.66131280,48458,307.65045000,18862704.36646000
2024-05-09 01:00:00,61400.01000000,61567.41000000,61380.54000000,61551.00000000,607.39768000,2024-05-09 01:59:59.999,37346886.26967150,37075,323.75641000,19907001.82756310
2024-05-09 02:00:00,61550.99000000,61694.91000000,61490.34000000,61664.64000000,656.06328000,2024-05-09 02:59:59.999,40412070.84465730,34217,278.10317000,17129746.75062940
2024-05-09 03:00:00,61664.64000000,61806.98000000,61423.24000000,61680.40000000,788.29083000,2024-05-09 03:59:59.999,48582589.73890950,40994,414.92839000,25577747.44428530
2024-05-09 04:00:00,61680.40000000,61760.60000000,61420.00000000,61511.12000000,848.22051000,2024-05-09 04:59:59.999,52232592.71067100,43527,399.13544000,24581693.12184220
2024-05-09 05:00:00,61511.13000000,61727.58000000,61444.44000000,61580.01000000,686.18536000,2024-05-09 05:59:59.999,42245445.43034360,38088,359.79122000,22147261.20102370
2024-05-09 06:00:00,61580.01000000,61780.60000000,61530.69000000,61616.01000000,524.85549000,2024-05-09 06:59:59.999,32373442.20867510,41832,242.28561000,14943989.58685310
2024-05-09 07:00:00,61616.00000000,61648.00000000,61129.00000000,61253.16000000,846.09087000,2024-05-09 07:59:59.999,51931051.36563280,56915,362.23631000,22231807.61369330
2024-05-09 08:00:00,61253.16000000,61447.06000000,61139.79000000,61310.00000000,927.28068000,2024-05-09 08:59:59.999,56875758.02088650,49035,447.30640000,27438119.07906180
2024-05-09 09:00:00,61309.99000000,61361.94000000,60923.22000000,61289.99000000,1553.16258000,2024-05-09 09:59:59.999,94940923.38677060,68075,735.34972000,44951534.85646150
2024-05-09 10:00:00,61289.99000000,61321.76000000,60774.67000000,60805.99000000,1272.99616000,2024-05-09 10:59:59.999,77693970.80639990,63791,577.73750000,35266542.29836810
2024-05-09 11:00:00,60805.99000000,61177.94000000,60630.00000000,61053.99000000,1608.93152000,2024-05-09 11:59:59.999,98040724.20572870,60670,689.69212000,42016590.79748040
2024-05-09 12:00:00,61053.99000000,61631.03000000,61025.42000000,61516.66000000,1514.01068000,2024-05-09 12:59:59.999,92945017.92265120,59812,827.10658000,50769488.24419250
2024-05-09 13:00:00,61516.66000000,61538.73000000,60882.19000000,61182.33000000,1609.99212000,2024-05-09 13:59:59.999,98530295.03457650,63710,680.57131000,41645703.05382320
2024-05-09 14:00:00,61182.32000000,61571.42000000,61119.10000000,61540.61000000,1537.77848000,2024-05-09 14:59:59.999,94349232.67547420,67927,769.24344000,47195340.57521670
2024-05-09 15:00:00,61540.60000000,62285.00000000,61465.36000000,62159.06000000,3626.55350000,2024-05-09 15:59:59.999,224764027.20684660,124303,1946.31091000,120607691.15704100
2024-05-09 16:00:00,62159.06000000,62668.67000000,61820.77000000,61859.81000000,3589.58861000,2024-05-09 16:59:59.999,223916943.18100340,121218,1696.37087000,105826865.56532920
2024-05-09 17:00:00,61859.80000000,62211.45000000,61750.00000000,61946.29000000,1125.20218000,2024-05-09 17:59:59.999,69729987.75816190,52304,541.11310000,33533191.28449600
2024-05-09 18:00:00,61946.30000000,62260.00000000,61890.00000000,62259.69000000,640.09588000,2024-05-09 18:59:59.999,39746811.58743670,38474,300.39210000,18653258.93791180
2024-05-09 19:00:00,62259.68000000,62550.00000000,62180.00000000,62454.92000000,926.36456000,2024-05-09 19:59:59.999,57755664.51329660,46905,464.75668000,28979765.23149560
2024-05-09 20:00:00,62454.92000000,62659.51000000,62346.36000000,62624.70000000,1263.92993000,2024-05-09 20:59:59.999,79001521.94746140,54860,736.70101000,46045796.46505420
2024-05-09 21:00:00,62624.70000000,62822.64000000,62426.82000000,62543.34000000,1306.15453000,2024-05-09 21:59:59.999,81831573.84014970,51748,637.33359000,39936077.81699420
2024-05-09 22:00:00,62543.34000000,63429.03000000,62493.00000000,63280.47000000,1525.42563000,2024-05-09 22:59:59.999,96075313.19551610,70776,880.04930000,55440387.40708140
2024-05-09 23:00:00,63280.46000000,63330.01000000,62862.72000000,63074.01000000,1006.36954000,2024-05-09 23:59:59.999,63454556.26124190,47243,502.09308000,31653450.99587770
2024-05-10 00:00:00,63074.00000000,63094.01000000,62742.00000000,62840.73000000,768.11834000,2024-05-10 00:59:59.999,48301284.35163050,38010,350.10212000,22013734.06475760
2024-05-10 01:00:00,62840.72000000,62968.00000000,62662.07000000,62883.50000000,776.17158000,2024-05-10 01:59:59.999,48758820.04148440,42152,403.68249000,25359990.15106880
2024-05-10 02:00:00,62883.50000000,63043.29000000,62771.76000000,62910.61000000,605.44697000,2024-05-10 02:59:59.999,38073011.23701930,36727,338.94846000,21314778.07955750
2024-05-10 03:00:00,62910.62000000,62932.15000000,62793.94000000,62916.16000000,586.04818000,2024-05-10 03:59:59.999,36846764.04238120,29669,254.47134000,15998790.37279960
2024-05-10 04:00:00,62916.16000000,63008.00000000,62793.04000000,62929.99000000,607.57275000,2024-05-10 04:59:59.999,38225171.91109030,30187,320.51331000,20165353.61124930
2024-05-10 05:00:00,62930.00000000,62973.49000000,62660.42000000,62767.99000000,608.04587000,2024-05-10 05:59:59.999,38180636.64648180,33380,273.55214000,17178748.44606610
2024-05-10 06:00:00,62768.00000000,63236.96000000,62743.88000000,63166.00000000,828.39836000,2024-05-10 06:59:59.999,52194479.20778150,39318,522.85366000,32949840.29752600
2024-05-10 07:00:00,63166.00000000,63380.00000000,62990.44000000,63078.02000000,2785.46141000,2024-05-10 07:59:59.999,175912495.55029140,75218,1704.81262000,107645240.44197880
2024-05-10 08:00:00,63078.01000000,63136.06000000,62839.67000000,63039.99000000,866.50642000,2024-05-10 08:59:59.999,54556966.96699520,37925,385.31126000,24259822.07046000
2024-05-10 09:00:00,63040.00000000,63214.63000000,62850.00000000,63126.98000000,690.97981000,2024-05-10 09:59:59.999,43525660.33654110,37337,360.97076000,22741104.10637770
2024-05-10 10:00:00,63126.97000000,63139.19000000,62860.00000000,63025.45000000,630.43874000,2024-05-10 10:59:59.999,39716916.62286620,30898,363.08534000,22873064.97654860
2024-05-10 11:00:00,63025.44000000,63320.00000000,62800.00000000,63299.63000000,984.57483000,2024-05-10 11:59:59.999,62097045.38952250,44392,522.64960000,32970839.26769400
2024-05-10 12:00:00,63299.63000000,63469.13000000,62939.00000000,63007.92000000,1387.45502000,2024-05-10 12:59:59.999,87725457.42486560,65179,672.10137000,42504331.02000510
2024-05-10 13:00:00,63007.91000000,63107.17000000,62812.26000000,63004.00000000,838.68751000,2024-05-10 13:59:59.999,52800242.34444250,49502,413.81725000,26054621.47256910
2024-05-10 14:00:00,63004.00000000,63090.33000000,60690.00000000,61063.87000000,7058.22394000,2024-05-10 14:59:59.999,435665037.79555390,233553,3170.84342000,195846327.97524810
2024-05-10 15:00:00,61063.87000000,61326.01000000,60703.00000000,60928.02000000,4160.52276000,2024-05-10 15:59:59.999,253736309.66179280,143887,1933.22204000,117915186.00416670
2024-05-10 16:00:00,60928.02000000,61294.82000000,60255.00000000,61071.54000000,3344.86696000,2024-05-10 16:59:59.999,203494010.62700320,138453,1632.10830000,99336116.38202670
2024-05-10 17:00:00,61071.55000000,61071.55000000,60187.12000000,60383.72000000,2970.16569000,2024-05-10 17:59:59.999,179815129.73917310,112708,1447.60236000,87623943.88193330
2024-05-10 18:00:00,60383.71000000,60788.00000000,60220.87000000,60717.07000000,1476.02208000,2024-05-10 18:59:59.999,89263754.43303960,72201,854.06566000,51651889.74288060
2024-05-10 19:00:00,60717.08000000,60922.29000000,60538.70000000,60716.97000000,1657.60008000,2024-05-10 19:59:59.999,100642759.45877730,57895,780.95291000,47417324.99131820
2024-05-10 20:00:00,60716.96000000,60977.17000000,60456.91000000,60516.92000000,1289.75299000,2024-05-10 20:59:59.999,78322082.93006880,54718,538.36581000,32686565.89574470
2024-05-10 21:00:00,60516.91000000,60777.70000000,60466.52000000,60710.00000000,602.33189000,2024-05-10 21:59:59.999,36493148.82325430,33044,291.35592000,17652305.76449650
2024-05-10 22:00:00,60709.99000000,60931.80000000,60610.00000000,60854.01000000,577.19897000,2024-05-10 22:59:59.999,35085515.57321580,35673,309.61432000,18820201.92670320
2024-05-10 23:00:00,60854.00000000,61003.00000000,60776.00000000,60799.99000000,428.74910000,2024-05-10 23:59:59.999,26117767.29857990,28617,221.82928000,13514517.33731300
2024-05-11 00:00:00,60799.99000000,60930.00000000,60650.00000000,60779.99000000,746.64617000,2024-05-11 00:59:59.999,45394727.79389480,32963,333.72861000,20288855.90452770
2024-05-11 01:00:00,60779.99000000,61096.27000000,60764.00000000,60876.69000000,783.97486000,2024-05-11 01:59:59.999,47772349.23114440,37715,464.25736000,28289044.00091340
2024-05-11 02:00:00,60876.70000000,60977.77000000,60753.54000000,60895.23000000,495.30171000,2024-05-11 02:59:59.999,30136771.67676100,28233,234.97173000,14295882.81205440
2024-05-11 03:00:00,60895.22000000,60918.86000000,60699.92000000,60731.90000000,337.27232000,2024-05-11 03:59:59.999,20508370.66788740,23898,144.96852000,8814772.14455300
2024-05-11 04:00:00,60731.89000000,60880.26000000,60712.00000000,60766.01000000,569.08381000,2024-05-11 04:59:59.999,34587863.96553290,34695,230.16356000,13989126.01796470
2024-05-11 05:00:00,60766.00000000,60939.18000000,60766.00000000,60922.00000000,446.69119000,2024-05-11 05:59:59.999,27196401.57003610,28469,199.55809000,12149186.04891080
2024-05-11 06:00:00,60921.99000000,61080.00000000,60900.94000000,60953.01000000,549.19603000,2024-05-11 06:59:59.999,33485051.12953700,34785,249.14828000,15191439.68595720
2024-05-11 07:00:00,60953.00000000,61018.53000000,60861.88000000,61018.52000000,393.52493000,2024-05-11 07:59:59.999,23980875.18038290,25717,179.08251000,10913607.02526970
2024-05-11 08:00:00,61018.53000000,61058.75000000,60780.00000000,60790.00000000,504.38143000,2024-05-11 08:59:59.999,30709914.08333190,30676,170.80904000,10399778.16786410
2024-05-11 09:00:00,60790.01000000,60904.43000000,60662.00000000,60904.43000000,1137.87555000,2024-05-11 09:59:59.999,69148655.18556430,39723,433.85065000,26366930.96984940
2024-05-11 10:00:00,60904.42000000,60904.43000000,60692.00000000,60745.99000000,321.65383000,2024-05-11 10:59:59.999,19558227.78395170,23519,137.53881000,8363159.69945920
2024-05-11 11:00:00,60745.99000000,60790.00000000,60487.09000000,60684.01000000,658.32615000,2024-05-11 11:59:59.999,39918968.18440900,35144,283.17101000,17170548.99835920
2024-05-11 12:00:00,60684.00000000,60818.14000000,60643.94000000,60710.01000000,421.01411000,2024-05-11 12:59:59.999,25573169.88024830,25370,162.49444000,9870206.68694240
2024-05-11 13:00:00,60710.01000000,60986.11000000,60666.88000000,60972.00000000,515.98045000,2024-05-11 13:59:59.999,31397982.71886360,32048,286.02929000,17406200.60859820
2024-05-11 14:00:00,60972.01000000,61000.01000000,60783.94000000,60840.01000000,435.96157000,2024-05-11 14:59:59.999,26546669.19025340,27467,214.60248000,13067434.39495780
2024-05-11 15:00:00,60840.01000000,61515.00000000,60840.00000000,61174.18000000,1610.22371000,2024-05-11 15:59:59.999,98484652.34545920,73767,874.12764000,53463543.57194780
2024-05-11 16:00:00,61174.18000000,61410.09000000,61091.84000000,61201.19000000,895.98600000,2024-05-11 16:59:59.999,54862648.29927150,43404,436.86800000,26752034.04148900
2024-05-11 17:00:00,61201.20000000,61257.99000000,61016.00000000,61099.05000000,467.76216000,2024-05-11 17:59:59.999,28587560.07241650,27862,239.22220000,14619828.50523030
2024-05-11 18:00:00,61099.04000000,61300.00000000,61016.00000000,61214.54000000,324.43989000,2024-05-11 18:59:59.999,19840755.76967470,25794,173.62920000,10617530.89385300
2024-05-11 19:00:00,61214.55000000,61217.00000000,61058.31000000,61144.00000000,270.26577000,2024-05-11 19:59:59.999,16520300.72791120,20528,131.82905000,8057514.48632360
2024-05-11 20:00:00,61144.01000000,61154.21000000,60784.39000000,61016.58000000,631.96735000,2024-05-11 20:59:59.999,38520028.05488210,33200,254.23861000,15497160.40415690
2024-05-11 21:00:00,61016.57000000,61016.58000000,60840.00000000,60919.55000000,241.44046000,2024-05-11 21:59:59.999,14706635.54286470,26515,111.30658000,6779886.14518430
2024-05-11 22:00:00,60919.55000000,60990.00000000,60899.26000000,60909.99000000,278.28232000,2024-05-11 22:59:59.999,16957839.99899290,19072,133.87858000,8158093.68987250
2024-05-11 23:00:00,60909.99000000,60986.41000000,60743.51000000,60825.99000000,337.31759000,2024-05-11 23:59:59.999,20531594.40405730,22717,143.62131000,8741331.31089440
2024-05-12 00:00:00,60825.99000000,61104.05000000,60804.00000000,60978.00000000,437.42056000,2024-05-12 00:59:59.999,26672629.48937670,27406,221.80098000,13524796.59838790
2024-05-12 01:00:00,60977.99000000,61080.00000000,60860.30000000,60867.99000000,319.12655000,2024-05-12 01:59:59.999,19451957.70195880,21080,111.21124000,6779380.03949800
2024-05-12 02:00:00,60868.00000000,60979.99000000,60833.99000000,60929.85000000,268.29136000,2024-05-12 02:59:59.999,16339491.07546480,18288,117.07644000,7129720.96095050
2024-05-12 03:00:00,60929.86000000,60970.00000000,60863.81000000,60930.00000000,241.95581000,2024-05-12 03:59:59.999,14737826.35368030,18225,127.71097000,7778960.73400630
2024-05-12 04:00:00,60930.01000000,61120.00000000,60919.33000000,61100.00000000,356.79079000,2024-05-12 04:59:59.999,21770575.59601000,21629,172.79027000,10543668.28781690
2024-05-12 05:00:00,61100.01000000,61100.01000000,60978.64000000,61050.01000000,206.38871000,2024-05-12 05:59:59.999,12595453.27120240,15121,93.87037000,5728742.35717230
2024-05-12 06:00:00,61050.01000000,61062.00000000,60945.04000000,60946.49000000,186.95925000,2024-05-12 06:59:59.999,11404317.09643090,16840,72.44890000,4419242.73238550
2024-05-12 07:00:00,60946.49000000,60996.00000000,60610.00000000,60820.00000000,664.15041000,2024-05-12 07:59:59.999,40375787.93667760,33576,261.48818000,15894914.85025790
2024-05-12 08:00:00,60819.99000000,61110.00000000,60790.94000000,61049.97000000,542.22786000,2024-05-12 08:59:59.999,33045628.89364030,31748,309.20009000,18844100.49244370
2024-05-12 09:00:00,61049.97000000,61083.32000000,60960.00000000,61000.00000000,428.10304000,2024-05-12 09:59:59.999,26121489.12535340,19499,199.26139000,12159167.28216110
2024-05-12 10:00:00,61000.01000000,61366.59000000,60950.00000000,61159.99000000,1003.15244000,2024-05-12 10:59:59.999,61383603.72702660,40172,526.69759000,32227135.58469680
2024-05-12 11:00:00,61159.99000000,61233.06000000,61110.00000000,61146.00000000,367.15418000,2024-05-12 11:59:59.999,22458277.12413580,22638,182.08613000,11138152.55642120
2024-05-12 12:00:00,61145.99000000,61236.25000000,61090.00000000,61155.75000000,385.00105000,2024-05-12 12:59:59.999,23539786.05021510,22691,161.27683000,9861834.10577760
2024-05-12 13:00:00,61155.75000000,61245.94000000,61097.89000000,61191.29000000,273.91856000,2024-05-12 13:59:59.999,16753878.15827180,21400,140.36864000,8584902.27952040
2024-05-12 14:00:00,61191.29000000,61313.82000000,61124.77000000,61168.82000000,438.56708000,2024-05-12 14:59:59.999,26844011.29262730,26435,221.01059000,13527736.56752520
2024-05-12 15:00:00,61168.83000000,61587.12000000,61146.01000000,61419.00000000,950.94806000,2024-05-12 15:59:59.999,58368221.51882190,48280,532.01294000,32655969.18511760
2024-05-12 16:00:00,61419.01000000,61888.00000000,61346.77000000,61346.77000000,1686.64498000,2024-05-12 16:59:59.999,104002198.72102210,77280,919.30413000,56698504.78235310
2024-05-12 17:00:00,61346.77000000,61685.50000000,61109.67000000,61616.30000000,1222.21509000,2024-05-12 17:59:59.999,75047038.09615140,67607,635.75796000,39054444.45108240
2024-05-12 18:00:00,61616.30000000,61652.70000000,61355.00000000,61373.94000000,465.50009000,2024-05-12 18:59:59.999,28628854.97112550,31898,211.07103000,12981870.76386090
2024-05-12 19:00:00,61373.95000000,61442.67000000,61209.59000000,61406.10000000,446.02131000,2024-05-12 19:59:59.999,27352175.33537610,29031,224.47645000,13766055.38349630
2024-05-12 20:00:00,61406.11000000,61432.00000000,61283.24000000,61284.03000000,301.47437000,2024-05-12 20:59:59.999,18497555.99368030,22665,152.82419000,9376561.36836090
2024-05-12 21:00:00,61284.03000000,61316.67000000,60910.58000000,61236.00000000,735.99173000,2024-05-12 21:59:59.999,44996298.51585200,37322,320.84928000,19620438.18023760
2024-05-12 22:00:00,61236.00000000,61420.00000000,61203.36000000,61326.00000000,389.40868000,2024-05-12 22:59:59.999,23883484.72580680,24026,230.62655000,14144221.06285170
2024-05-12 23:00:00,61326.00000000,61551.43000000,61280.00000000,61483.99000000,435.72040000,2024-05-12 23:59:59.999,26771091.69247560,32256,271.68994000,16691831.28201070
2024-05-13 00:00:00,61484.00000000,61812.00000000,61483.99000000,61512.89000000,628.32045000,2024-05-13 00:59:59.999,38707583.54932960,35702,378.82619000,23337382.05954380
2024-05-13 01:00:00,61512.90000000,61545.77000000,61168.86000000,61415.87000000,863.29014000,2024-05-13 01:59:59.999,52972117.06393930,48838,411.50286000,25250824.59652560
2024-05-13 02:00:00,61415.88000000,61500.00000000,60944.71000000,61044.26000000,1697.35769000,2024-05-13 02:59:59.999,103797417.09269930,100498,782.85868000,47874590.38271640
2024-05-13 03:00:00,61044.26000000,61220.79000000,60749.21000000,61170.00000000,2162.71467000,2024-05-13 03:59:59.999,131779509.76633400,79690,1077.87556000,65687791.18676700
2024-05-13 04:00:00,61170.00000000,61170.01000000,60894.24000000,60976.96000000,859.54264000,2024-05-13 04:59:59.999,52480271.85921260,36288,362.28617000,22118316.35550960
2024-05-13 05:00:00,60976.96000000,61016.00000000,60802.00000000,60858.97000000,556.81825000,2024-05-13 05:59:59.999,33924486.96472720,28157,227.89788000,13884380.53600100
2024-05-13 06:00:00,60858.96000000,61560.00000000,60797.79000000,61504.10000000,1137.89174000,2024-05-13 06:59:59.999,69758475.44771840,49492,661.50671000,40551477.54249800
2024-05-13 07:00:00,61504.09000000,62450.00000000,61460.00000000,62334.37000000,2210.91546000,2024-05-13 07:59:59.999,136933811.20269830,85406,1252.05595000,77549552.93526330
2024-05-13 08:00:00,62334.36000000,63080.00000000,62334.36000000,62767.18000000,4637.85443000,2024-05-13 08:59:59.999,290924069.87346190,130132,2730.85348000,171292811.61986040
2024-05-13 09:00:00,62767.19000000,63295.48000000,62767.18000000,63060.60000000,1765.61513000,2024-05-13 09:59:59.999,111315342.92100750,64093,925.52368000,58349193.57711700
2024-05-13 10:00:00,63060.61000000,63087.11000000,62378.84000000,62674.70000000,1960.81395000,2024-05-13 10:59:59.999,122878971.36188300,77025,810.05264000,50762683.29253960
2024-05-13 11:00:00,62674.69000000,62770.94000000,62480.57000000,62738.00000000,849.04121000,2024-05-13 11:59:59.999,53177210.33604230,47112,392.63921000,24596055.27473560
2024-05-13 12:00:00,62737.99000000,62913.30000000,62399.35000000,62844.04000000,1946.16246000,2024-05-13 12:59:59.999,121995698.62572260,75430,1000.02611000,62685358.99830860
2024-05-13 13:00:00,62844.03000000,63048.05000000,62600.79000000,62779.66000000,1400.96683000,2024-05-13 13:59:59.999,88024422.18814480,63484,736.78470000,46303330.47741250
2024-05-13 14:00:00,62779.66000000,63100.00000000,62729.12000000,62747.87000000,1221.94263000,2024-05-13 14:59:59.999,76866345.16343700,61847,536.91557000,33781857.38442180
2024-05-13 15:00:00,62747.88000000,63200.00000000,62703.42000000,63002.00000000,1273.83230000,2024-05-13 15:59:59.999,80205997.72733370,65520,636.79579000,40105817.44379240
2024-05-13 16:00:00,63002.00000000,63450.00000000,62917.55000000,63178.89000000,2043.50104000,2024-05-13 16:59:59.999,129162129.72948940,70919,1077.58408000,68106951.34382300
2024-05-13 17:00:00,63178.89000000,63189.48000000,62610.00000000,62810.51000000,1332.46033000,2024-05-13 17:59:59.999,83692839.34285870,63663,609.48074000,38274531.06240120
2024-05-13 18:00:00,62810.51000000,62827.31000000,62566.36000000,62786.90000000,709.19100000,2024-05-13 18:59:59.999,44472626.06779790,37028,338.28245000,21213523.78377310
2024-05-13 19:00:00,62786.90000000,63188.76000000,62786.90000000,63172.69000000,1427.27778000,2024-05-13 19:59:59.999,89938519.11688240,46424,854.70753000,53852188.76685120
2024-05-13 20:00:00,63172.70000000,63193.59000000,62990.84000000,63091.89000000,528.05806000,2024-05-13 20:59:59.999,33318896.10483780,26846,232.47621000,14667920.67656300
2024-05-13 21:00:00,63091.88000000,63120.00000000,62840.00000000,62901.75000000,422.29886000,2024-05-13 21:59:59.999,26594219.45933980,24614,154.53389000,9730175.39616830
2024-05-13 22:00:00,62901.76000000,62952.20000000,62715.57000000,62770.00000000,605.26179000,2024-05-13 22:59:59.999,38031557.43741960,28685,250.49387000,15740819.10907810
2024-05-13 23:00:00,62770.00000000,62980.15000000,62716.13000000,62940.08000000,492.28955000,2024-05-13 23:59:59.999,30944108.20849760,24540,275.94868000,17343448.55578960
2024-05-14 00:00:00,62940.09000000,63118.36000000,62721.98000000,62815.03000000,964.38605000,2024-05-14 00:59:59.999,60655161.20135150,41757,501.28268000,31530783.57908170
2024-05-14 01:00:00,62815.02000000,63019.80000000,62577.99000000,62652.02000000,805.39253000,2024-05-14 01:59:59.999,50581122.16876990,38201,391.78372000,24612242.89844940
2024-05-14 02:00:00,62652.01000000,62711.06000000,62500.00000000,62541.99000000,1160.02244000,2024-05-14 02:59:59.999,72611310.18227370,43077,522.68524000,32717429.97476500
2024-05-14 03:00:00,62541.99000000,62696.42000000,62403.22000000,62488.46000000,1256.12532000,2024-05-14 03:59:59.999,78503065.42943650,49417,659.39182000,41207940.68735410
2024-05-14 04:00:00,62488.46000000,62669.48000000,62401.07000000,62550.22000000,678.86922000,2024-05-14 04:59:59.999,42446598.67046020,31092,348.21447000,21772828.11111800
2024-05-14 05:00:00,62550.22000000,62780.73000000,62487.18000000,62717.22000000,664.97541000,2024-05-14 05:59:59.999,41659617.16284800,32556,354.09011000,22181033.65537640
2024-05-14 06:00:00,62717.22000000,62717.22000000,61404.34000000,62042.00000000,3558.59149000,2024-05-14 06:59:59.999,220307503.05176600,108181,1664.97846000,102952170.56578640
2024-05-14 07:00:00,62041.99000000,62116.80000000,61820.24000000,62035.39000000,1227.22365000,2024-05-14 07:59:59.999,76037184.80917520,40075,553.13785000,34267062.14462640
2024-05-14 08:00:00,62035.39000000,62045.80000000,61697.05000000,61861.00000000,1125.77609000,2024-05-14 08:59:59.999,69634878.06945470,37271,478.31784000,29577424.22505190
2024-05-14 09:00:00,61861.01000000,61954.90000000,61755.57000000,61797.85000000,451.10485000,2024-05-14 09:59:59.999,27905161.72779380,23205,170.82134000,10567515.86781090
2024-05-14 10:00:00,61797.84000000,61822.19000000,61520.89000000,61719.01000000,781.38375000,2024-05-14 10:59:59.999,48182418.85685410,32835,338.51569000,20871968.73139710
2024-05-14 11:00:00,61719.00000000,61895.83000000,61696.96000000,61798.57000000,620.09187000,2024-05-14 11:59:59.999,38332921.24715720,29301,287.87638000,17796584.62563290
2024-05-14 12:00:00,61798.57000000,62108.00000000,61151.00000000,61566.52000000,2759.73245000,2024-05-14 12:59:59.999,170147851.69207690,98362,1405.25600000,86656408.68676150
2024-05-14 13:00:00,61566.53000000,62054.77000000,61452.16000000,61695.98000000,1274.03831000,2024-05-14 13:59:59.999,78721359.70065520,54090,642.04518000,39665580.95549420
2024-05-14 14:00:00,61695.98000000,62300.00000000,61142.77000000,61803.74000000,3353.67600000,2024-05-14 14:59:59.999,206813669.76350650,118051,1556.52804000,95990850.82085670
2024-05-14 15:00:00,61803.74000000,62063.56000000,61650.00000000,61787.61000000,1984.04331000,2024-05-14 15:59:59.999,122734954.05194600,66545,1056.95207000,65393015.22947150
2024-05-14 16:00:00,61787.60000000,61816.34000000,61201.10000000,61427.54000000,1837.56692000,2024-05-14 16:59:59.999,112927747.31490600,71486,759.00335000,46655047.14323920
2024-05-14 17:00:00,61427.54000000,61535.28000000,61159.34000000,61314.98000000,1680.60143000,2024-05-14 17:59:59.999,103112547.78250950,61488,747.54400000,45871719.00028680
2024-05-14 18:00:00,61314.99000000,61463.15000000,61224.07000000,61429.99000000,587.85567000,2024-05-14 18:59:59.999,36068440.89522520,27819,268.18462000,16453223.25078340
2024-05-14 19:00:00,61430.00000000,61680.00000000,61397.20000000,61596.52000000,566.58472000,2024-05-14 19:59:59.999,34878660.74536480,28715,284.87564000,17536532.62742820
2024-05-14 20:00:00,61596.51000000,61710.00000000,61561.14000000,61610.04000000,353.70558000,2024-05-14 20:59:59.999,21797467.75607200,22340,161.17609000,9932343.65928370
2024-05-14 21:00:00,61610.04000000,61789.99000000,61472.41000000,61694.56000000,560.50715000,2024-05-14 21:59:59.999,34546662.51829410,27012,256.06437000,15783071.13732410
2024-05-14 22:00:00,61694.57000000,61766.28000000,61570.00000000,61708.79000000,514.93360000,2024-05-14 22:59:59.999,31760186.41033400,25166,262.69655000,16201666.00352500
2024-05-14 23:00:00,61708.78000000,61726.62000000,61540.00000000,61577.49000000,321.53260000,2024-05-14 23:59:59.999,19805384.95943440,19897,144.39292000,8893622.63158350
2024-05-15 00:00:00,61577.49000000,61800.00000000,61319.47000000,61438.35000000,723.56318000,2024-05-15 00:59:59.999,44557285.03761060,30549,273.58030000,16846587.85071210
2024-05-15 01:00:00,61438.35000000,61760.04000000,61432.01000000,61696.00000000,520.34527000,2024-05-15 01:59:59.999,32086813.85399560,23681,267.94127000,16520113.83483030
2024-05-15 02:00:00,61695.99000000,61908.47000000,61690.21000000,61774.01000000,452.58568000,2024-05-15 02:59:59.999,27970541.87754020,20671,245.79291000,15190308.56342500
2024-05-15 03:00:00,61774.01000000,62033.48000000,61772.44000000,61949.99000000,454.46345000,2024-05-15 03:59:59.999,28140841.77696530,25775,209.87252000,12995102.31626030
2024-05-15 04:00:00,61949.99000000,61982.00000000,61818.18000000,61900.00000000,467.92340000,2024-05-15 04:59:59.999,28970059.10714200,24044,172.29480000,10666821.77413400
2024-05-15 05:00:00,61900.00000000,62082.64000000,61880.00000000,61928.68000000,585.31826000,2024-05-15 05:59:59.999,36264011.34151840,25610,225.02741000,13942910.64330330
2024-05-15 06:00:00,61928.67000000,61986.00000000,61829.96000000,61962.75000000,521.14334000,2024-05-15 06:59:59.999,32263566.42366870,26604,233.66518000,14466852.20962260
2024-05-15 07:00:00,61962.75000000,62280.01000000,61889.52000000,62195.04000000,926.14420000,2024-05-15 07:59:59.999,57483579.45750460,46456,414.89628000,25754058.91634800
2024-05-15 08:00:00,62195.04000000,62265.98000000,62044.80000000,62143.51000000,724.23421000,2024-05-15 08:59:59.999,45005763.42282490,43073,312.07163000,19393705.47666440
2024-05-15 09:00:00,62143.51000000,62919.12000000,61923.20000000,62649.98000000,1736.05036000,2024-05-15 09:59:59.999,108445508.38738430,79848,934.25508000,58367374.54445170
2024-05-15 10:00:00,62649.98000000,62999.44000000,62355.71000000,62674.71000000,2222.08933000,2024-05-15 10:59:59.999,139201579.19931310,86973,1080.98065000,67714211.84618200
2024-05-15 11:00:00,62674.70000000,62824.30000000,62242.42000000,62467.18000000,1159.59947000,2024-05-15 11:59:59.999,72460829.59327410,60699,508.77712000,31783105.21409660
2024-05-15 12:00:00,62467.18000000,64200.93000000,62402.03000000,63757.56000000,6238.52577000,2024-05-15 12:59:59.999,396442440.82681450,253541,3357.64734000,213372138.76363800
2024-05-15 13:00:00,63757.57000000,64663.56000000,63535.89000000,64145.99000000,5375.59068000,2024-05-15 13:59:59.999,344995363.32685940,176939,2802.92875000,179886754.73713000
2024-05-15 14:00:00,64146.00000000,64500.00000000,63990.62000000,64500.00000000,3056.46005000,2024-05-15 14:59:59.999,196440503.22446360,98952,1642.98677000,105592336.90046280
2024-05-15 15:00:00,64499.99000000,65057.26000000,64367.14000000,64725.11000000,3812.06983000,2024-05-15 15:59:59.999,246945055.29611260,138052,1968.16822000,127515109.19720230
2024-05-15 16:00:00,64725.12000000,65150.00000000,64720.00000000,64759.27000000,2048.80981000,2024-05-15 16:59:59.999,132957239.50428690,83546,968.15422000,62836039.08371640
2024-05-15 17:00:00,64759.26000000,65127.64000000,64759.26000000,65046.56000000,1641.86445000,2024-05-15 17:59:59.999,106707587.87913520,62158,841.60610000,54697996.12813810
2024-05-15 18:00:00,65046.56000000,65791.12000000,64960.99000000,65717.28000000,2962.40794000,2024-05-15 18:59:59.999,193550899.86002810,124445,1560.65168000,101985077.11869650
2024-05-15 19:00:00,65717.28000000,66419.15000000,65302.44000000,66006.23000000,3137.65546000,2024-05-15 19:59:59.999,206837097.67447040,123158,1448.91572000,95537830.07020060
2024-05-15 20:00:00,66006.23000000,66085.50000000,65738.00000000,65930.87000000,1413.72890000,2024-05-15 20:59:59.999,93124118.01037320,53586,659.26366000,43424849.04667660
2024-05-15 21:00:00,65930.88000000,66200.00000000,65779.88000000,65859.99000000,851.90346000,2024-05-15 21:59:59.999,56165375.95411930,34802,435.05514000,28685468.80489480
2024-05-15 22:00:00,65859.99000000,66290.32000000,65842.61000000,66116.30000000,1204.41155000,2024-05-15 22:59:59.999,79597928.94442590,40734,624.41862000,41267986.54274290
2024-05-15 23:00:00,66116.31000000,66444.16000000,66072.00000000,66206.50000000,1322.85914000,2024-05-15 23:59:59.999,87645641.91121550,45558,608.88957000,40338961.85785930
2024-05-16 00:00:00,66206.51000000,66666.00000000,65942.10000000,66083.90000000,1814.28632000,2024-05-16 00:59:59.999,120309837.85765590,64264,889.53350000,59009389.99616240
2024-05-16 01:00:00,66083.90000000,66209.74000000,65838.66000000,65985.99000000,1018.40858000,2024-05-16 01:59:59.999,67219001.77342640,37700,485.82891000,32068407.10564150
2024-05-16 02:00:00,65985.99000000,66115.20000000,65746.42000000,65909.51000000,965.54926000,2024-05-16 02:59:59.999,63704817.79959210,33810,454.48467000,29990162.97199340
2024-05-16 03:00:00,65909.51000000,66074.03000000,65807.45000000,65975.39000000,746.79366000,2024-05-16 03:59:59.999,49270876.42963220,33191,383.44258000,25297535.90583710
2024-05-16 04:00:00,65975.39000000,66006.42000000,65800.00000000,65813.33000000,675.01650000,2024-05-16 04:59:59.999,44483862.95914650,34007,288.71442000,19026235.93639570
2024-05-16 05:00:00,65813.34000000,65900.00000000,65746.12000000,65781.99000000,546.88268000,2024-05-16 05:59:59.999,35997248.07024120,28254,261.16350000,17190544.45136840
2024-05-16 06:00:00,65781.99000000,66000.00000000,65652.92000000,65958.14000000,1012.39085000,2024-05-16 06:59:59.999,66669504.95366020,44680,603.50422000,39742715.19972660
2024-05-16 07:00:00,65958.14000000,66278.04000000,65936.57000000,66142.62000000,1305.61637000,2024-05-16 07:59:59.999,86363423.46511080,45319,665.00957000,43986611.87578760
2024-05-16 08:00:00,66142.62000000,66460.71000000,66094.34000000,66297.12000000,1039.61616000,2024-05-16 08:59:59.999,68866673.85412220,47115,493.97176000,32724012.21900060
2024-05-16 09:00:00,66297.12000000,66390.02000000,66100.00000000,66364.69000000,987.38127000,2024-05-16 09:59:59.999,65431785.00703560,39843,498.03445000,33002935.69744130
2024-05-16 10:00:00,66364.69000000,66364.69000000,66100.00000000,66169.99000000,747.09629000,2024-05-16 10:59:59.999,49463796.07420720,34370,322.75738000,21368189.10575700
2024-05-16 11:00:00,66170.00000000,66585.70000000,66000.00000000,66503.80000000,933.73337000,2024-05-16 11:59:59.999,61853684.45218470,60929,512.66956000,33970434.60354480
2024-05-16 12:00:00,66503.81000000,66752.01000000,65904.76000000,66011.01000000,2444.27960000,2024-05-16 12:59:59.999,161927047.06944980,119071,1261.73855000,83598284.26917990
2024-05-16 13:00:00,66011.01000000,66367.92000000,65759.99000000,66328.05000000,1698.98043000,2024-05-16 13:59:59.999,112210912.01010890,68994,882.84958000,58309835.32155510
2024-05-16 14:00:00,66328.06000000,66393.29000000,65555.00000000,65598.70000000,2406.63193000,2024-05-16 14:59:59.999,158776472.83323910,98648,1303.81744000,86039506.93740800
2024-05-16 15:00:00,65598.70000000,65900.00000000,65361.51000000,65818.88000000,1867.16428000,2024-05-16 15:59:59.999,122626830.55339700,78481,954.42326000,62680679.00526510
2024-05-16 16:00:00,65818.89000000,65827.47000000,65110.00000000,65154.99000000,3290.50377000,2024-05-16 16:59:59.999,215098642.77448540,120427,1695.04276000,110791869.64771480
2024-05-16 17:00:00,65154.98000000,65389.95000000,64602.77000000,64994.99000000,2511.85879000,2024-05-16 17:59:59.999,163067605.72303730,84611,1176.64556000,76397709.60857370
2024-05-16 18:00:00,64995.00000000,65205.85000000,64831.63000000,65122.18000000,1630.94501000,2024-05-16 18:59:59.999,106037972.89037620,49975,814.91347000,52984038.15551470
2024-05-16 19:00:00,65122.19000000,65580.00000000,65090.17000000,65186.85000000,1033.54006000,2024-05-16 19:59:59.999,67513700.04375830,40852,528.18135000,34503128.25040890
2024-05-16 20:00:00,65186.84000000,65290.00000000,65050.00000000,65273.90000000,581.14820000,2024-05-16 20:59:59.999,37874485.24938810,23654,271.16980000,17673570.83436300
2024-05-16 21:00:00,65273.90000000,65500.00000000,65242.09000000,65461.99000000,579.45707000,2024-05-16 21:59:59.999,37884792.55848550,27046,326.09955000,21321754.52582180
2024-05-16 22:00:00,65461.99000000,65480.35000000,65140.61000000,65418.97000000,580.56491000,2024-05-16 22:59:59.999,37917103.33981250,26854,256.79622000,16771995.29789940
2024-05-16 23:00:00,65418.98000000,65422.03000000,65187.50000000,65235.21000000,688.52174000,2024-05-16 23:59:59.999,44937569.08783180,27698,314.32057000,20512758.18202310
2024-05-17 00:00:00,65235.21000000,65508.70000000,65235.20000000,65508.69000000,591.23809000,2024-05-17 00:59:59.999,38645876.78766050,27906,350.58018000,22918619.54015710
2024-05-17 01:00:00,65508.70000000,65510.22000000,65106.38000000,65340.84000000,520.23452000,2024-05-17 01:59:59.999,33990169.54449300,31934,232.59049000,15198225.71361450
2024-05-17 02:00:00,65340.83000000,65450.07000000,65188.00000000,65386.01000000,370.41889000,2024-05-17 02:59:59.999,24189224.33497090,22508,172.64749000,11274998.01448450
2024-05-17 03:00:00,65386.00000000,65901.46000000,65354.23000000,65584.53000000,1533.13211000,2024-05-17 03:59:59.999,100697487.75530270,51586,894.32333000,58737041.40150160
2024-05-17 04:00:00,65584.53000000,65630.70000000,65367.51000000,65451.81000000,567.84995000,2024-05-17 04:59:59.999,37195518.49140380,28204,260.14101000,17040034.23620900
2024-05-17 05:00:00,65451.81000000,65700.00000000,65436.00000000,65700.00000000,472.55691000,2024-05-17 05:59:59.999,30977110.04983010,27319,209.35999000,13725578.42966040
2024-05-17 06:00:00,65699.99000000,66148.00000000,65580.66000000,65955.56000000,1212.84837000,2024-05-17 06:59:59.999,79846243.88522670,54481,748.41313000,49277086.16782740
2024-05-17 07:00:00,65955.56000000,66500.00000000,65955.56000000,66386.94000000,2713.23533000,2024-05-17 07:59:59.999,179775777.73965050,82406,1519.21752000,100682695.00555170
2024-05-17 08:00:00,66386.93000000,66457.28000000,66068.79000000,66146.01000000,1162.00194000,2024-05-17 08:59:59.999,76963425.10541000,45426,522.81120000,34626599.22322050
2024-05-17 09:00:00,66146.00000000,66390.00000000,66072.43000000,66344.44000000,712.33029000,2024-05-17 09:59:59.999,47197201.17087000,40448,363.36721000,24076716.71037510
2024-05-17 10:00:00,66344.43000000,66537.19000000,66182.77000000,66500.48000000,892.47388000,2024-05-17 10:59:59.999,59221882.19891880,35252,488.02533000,32387012.24667370
2024-05-17 11:00:00,66500.47000000,66564.23000000,66197.91000000,66218.00000000,787.76141000,2024-05-17 11:59:59.999,52235109.28187570,34905,391.44584000,25954481.14017620
2024-05-17 12:00:00,66217.99000000,66548.00000000,66120.00000000,66379.97000000,1169.86052000,2024-05-17 12:59:59.999,77614301.57038340,45682,576.94427000,38281055.02994510
2024-05-17 13:00:00,66379.97000000,66458.63000000,65828.03000000,65944.02000000,1330.70417000,2024-05-17 13:59:59.999,87995256.14576670,59932,575.14714000,38039258.45976010
2024-05-17 14:00:00,65944.02000000,66850.00000000,65914.81000000,66806.66000000,1594.09581000,2024-05-17 14:59:59.999,105860303.21732100,75590,863.25091000,57340718.16772810
2024-05-17 15:00:00,66806.67000000,67451.20000000,66552.53000000,67195.10000000,3797.62724000,2024-05-17 15:59:59.999,254740144.98863450,132202,1947.60839000,130645074.10443920
2024-05-17 16:00:00,67195.09000000,67300.00000000,66910.00000000,66929.99000000,1380.14254000,2024-05-17 16:59:59.999,92662331.92578040,66213,575.09603000,38613475.30423970
2024-05-17 17:00:00,66930.00000000,66998.57000000,66660.78000000,66702.52000000,1144.46178000,2024-05-17 17:59:59.999,76488091.21382040,51248,470.98416000,31478322.93156780
2024-05-17 18:00:00,66702.51000000,66849.00000000,66214.67000000,66821.98000000,1439.52450000,2024-05-17 18:59:59.999,95755992.02174580,64080,684.30057000,45524768.92456020
2024-05-17 19:00:00,66821.98000000,67070.00000000,66650.75000000,67047.99000000,1059.21574000,2024-05-17 19:59:59.999,70848840.79112510,47932,558.43106000,37356884.96506090
2024-05-17 20:00:00,67047.99000000,67048.00000000,66765.33000000,66890.00000000,487.41465000,2024-05-17 20:59:59.999,32600163.65810140,24877,221.55302000,14817354.94245040
2024-05-17 21:00:00,66890.00000000,66916.78000000,66740.42000000,66810.65000000,338.90557000,2024-05-17 21:59:59.999,22651719.27796400,19368,113.08432000,7557659.88138250
2024-05-17 22:00:00,66810.64000000,66810.65000000,66669.72000000,66771.60000000,334.94159000,2024-05-17 22:59:59.999,22356252.13431370,20499,150.93524000,10074804.78793550
2024-05-17 23:00:00,66771.60000000,67089.72000000,66700.00000000,67024.00000000,679.25829000,2024-05-17 23:59:59.999,45463399.05417640,27256,410.83742000,27500887.83482170
2024-05-18 00:00:00,67024.00000000,67095.88000000,66725.53000000,66891.59000000,1097.85070000,2024-05-18 00:59:59.999,73429342.01769140,33543,557.05565000,37264600.35883900
2024-05-18 01:00:00,66891.59000000,67017.99000000,66765.33000000,66980.00000000,383.52091000,2024-05-18 01:59:59.999,25655669.46093650,21823,204.20639000,13660988.85492000
2024-05-18 02:00:00,66979.99000000,67055.30000000,66797.61000000,66907.84000000,523.42619000,2024-05-18 02:59:59.999,35033816.17661500,44859,250.70131000,16781661.17809580
2024-05-18 03:00:00,66907.85000000,67006.49000000,66854.38000000,66945.05000000,476.59870000,2024-05-18 03:59:59.999,31896226.28243560,26231,235.90260000,15787468.40308300
2024-05-18 04:00:00,66945.06000000,67008.41000000,66800.00000000,66883.61000000,434.02618000,2024-05-18 04:59:59.999,29042895.26757180,22932,229.54529000,15361953.22812750
2024-05-18 05:00:00,66883.60000000,66885.99000000,66810.00000000,66854.71000000,270.60442000,2024-05-18 05:59:59.999,18091348.60963910,19638,113.60153000,7594053.61436160
2024-05-18 06:00:00,66854.70000000,66963.86000000,66730.00000000,66920.03000000,507.84157000,2024-05-18 06:59:59.999,33942695.46852300,30124,288.47185000,19284477.05548180
2024-05-18 07:00:00,66920.03000000,67240.69000000,66829.00000000,66887.00000000,869.03278000,2024-05-18 07:59:59.999,58264209.69718190,40609,453.57711000,30420019.00624840
2024-05-18 08:00:00,66887.01000000,67085.19000000,66840.00000000,67027.59000000,459.68391000,2024-05-18 08:59:59.999,30787098.82755070,21850,235.01583000,15740652.42275130
2024-05-18 09:00:00,67027.59000000,67138.99000000,66999.99000000,67125.04000000,597.38137000,2024-05-18 09:59:59.999,40062455.69543350,23791,304.30324000,20405833.41811040
2024-05-18 10:00:00,67125.03000000,67300.00000000,67029.37000000,67222.22000000,1373.75809000,2024-05-18 10:59:59.999,92278518.75897110,61038,660.77424000,44384960.76171190
2024-05-18 11:00:00,67222.21000000,67400.01000000,67116.36000000,67190.82000000,1139.45090000,2024-05-18 11:59:59.999,76671544.77085270,46775,520.84261000,35046213.62350450
2024-05-18 12:00:00,67190.81000000,67227.97000000,66900.00000000,66948.00000000,637.91065000,2024-05-18 12:59:59.999,42793777.54714870,33604,214.38614000,14384046.52577030
2024-05-18 13:00:00,66947.99000000,67072.90000000,66800.00000000,66863.17000000,723.04515000,2024-05-18 13:59:59.999,48400507.35655080,37412,296.94110000,19878543.92498760
2024-05-18 14:00:00,66863.18000000,67061.20000000,66600.09000000,66793.66000000,1441.27911000,2024-05-18 14:59:59.999,96337747.14558850,59435,660.71382000,44170619.38016680
2024-05-18 15:00:00,66793.66000000,66896.19000000,66600.00000000,66823.63000000,710.15863000,2024-05-18 15:59:59.999,47432949.15295300,38859,301.15016000,20112675.67702050
2024-05-18 16:00:00,66823.63000000,66992.53000000,66722.00000000,66888.17000000,458.90113000,2024-05-18 16:59:59.999,30686502.26417230,30790,240.37363000,16074769.35010780
2024-05-18 17:00:00,66888.17000000,66970.00000000,66750.00000000,66866.51000000,501.97204000,2024-05-18 17:59:59.999,33561219.88398410,24596,213.79788000,14292075.39321600
2024-05-18 18:00:00,66866.52000000,66910.00000000,66779.95000000,66796.36000000,230.01863000,2024-05-18 18:59:59.999,15371077.03838290,18664,108.10537000,7223729.13144670
2024-05-18 19:00:00,66796.35000000,66942.94000000,66771.76000000,66912.62000000,224.34717000,2024-05-18 19:59:59.999,14998163.10204250,20839,123.95221000,8286674.60017810
2024-05-18 20:00:00,66912.62000000,67014.88000000,66880.00000000,66964.01000000,285.93209000,2024-05-18 20:59:59.999,19146097.67366710,22383,163.74980000,10964937.80773120
2024-05-18 21:00:00,66964.01000000,66984.00000000,66810.00000000,66899.29000000,246.94770000,2024-05-18 21:59:59.999,16520254.87969810,16331,120.03877000,8030342.77108820
2024-05-18 22:00:00,66899.29000000,67005.07000000,66828.59000000,66932.01000000,505.72490000,2024-05-18 22:59:59.999,33850146.25946480,19406,200.89849000,13442994.83594950
2024-05-18 23:00:00,66932.00000000,67039.92000000,66914.58000000,66915.20000000,341.84482000,2024-05-18 23:59:59.999,22891681.34647660,18535,213.02922000,14264962.26501290
2024-05-19 00:00:00,66915.20000000,66980.84000000,66837.39000000,66906.53000000,234.84228000,2024-05-19 00:59:59.999,15715873.85316710,17775,120.29665000,8051420.72190890
2024-05-19 01:00:00,66906.52000000,66970.00000000,66885.55000000,66920.01000000,188.41852000,2024-05-19 01:59:59.999,12610271.90234750,15367,94.90362000,6351674.38876540
2024-05-19 02:00:00,66920.00000000,67250.00000000,66920.00000000,67211.61000000,961.69008000,2024-05-19 02:59:59.999,64545272.22262600,41869,516.56576000,34663272.33129310
2024-05-19 03:00:00,67211.60000000,67294.35000000,67090.00000000,67170.21000000,583.81818000,2024-05-19 03:59:59.999,39228489.76771180,27654,291.60466000,19594071.44296410
2024-05-19 04:00:00,67170.20000000,67180.00000000,66994.22000000,67151.75000000,332.00108000,2024-05-19 04:59:59.999,22269520.86144590,20183,152.34640000,10218740.48824720
2024-05-19 05:00:00,67151.74000000,67170.00000000,67090.53000000,67097.62000000,250.37194000,2024-05-19 05:59:59.999,16806669.49132790,17117,140.20127000,9411341.04381780
2024-05-19 06:00:00,67097.63000000,67150.00000000,66930.40000000,67022.65000000,362.78212000,2024-05-19 06:59:59.999,24319644.99600970,26140,169.79155000,11382564.10201260
2024-05-19 07:00:00,67022.64000000,67329.45000000,66981.10000000,67324.44000000,825.69502000,2024-05-19 07:59:59.999,55469515.46686570,32895,485.14817000,32595327.15660690
2024-05-19 08:00:00,67324.44000000,67339.91000000,67100.00000000,67160.01000000,453.96065000,2024-05-19 08:59:59.999,30511111.60218480,25545,204.72460000,13759643.22155740
2024-05-19 09:00:00,67160.00000000,67186.67000000,66990.01000000,67180.01000000,449.59565000,2024-05-19 09:59:59.999,30156576.39650110,23281,178.23186000,11954753.62318440
2024-05-19 10:00:00,67180.01000000,67700.00000000,67116.35000000,67269.99000000,1871.51463000,2024-05-19 10:59:59.999,126211786.95504330,66648,1061.18273000,71566555.31069500
2024-05-19 11:00:00,67270.00000000,67388.00000000,66950.00000000,67330.00000000,1381.45807000,2024-05-19 11:59:59.999,92749960.00534420,52813,662.32084000,44474509.83465060
2024-05-19 12:00:00,67330.01000000,67330.01000000,66789.75000000,66832.99000000,1186.13274000,2024-05-19 12:59:59.999,79459722.89014450,48123,466.78549000,31270791.11497810
2024-05-19 13:00:00,66832.99000000,67179.03000000,66677.00000000,67049.99000000,987.74860000,2024-05-19 13:59:59.999,66091080.01233880,48313,532.55366000,35644796.10122450
2024-05-19 14:00:00,67049.99000000,67149.85000000,66847.02000000,66928.00000000,755.26097000,2024-05-19 14:59:59.999,50616436.89376710,35279,393.27271000,26358291.41176140
2024-05-19 15:00:00,66928.00000000,66988.22000000,66739.13000000,66889.88000000,646.82118000,2024-05-19 15:59:59.999,43243149.97632050,32320,312.57164000,20895664.30254710
2024-05-19 16:00:00,66889.88000000,66990.00000000,66521.38000000,66662.01000000,1053.33486000,2024-05-19 16:59:59.999,70308444.42442560,46643,498.94372000,33308295.53310270
2024-05-19 17:00:00,66662.00000000,66830.71000000,66548.17000000,66720.01000000,636.07701000,2024-05-19 17:59:59.999,42424688.33033030,30490,313.01045000,20879430.12950930
2024-05-19 18:00:00,66720.01000000,66757.21000000,66522.30000000,66586.21000000,400.40451000,2024-05-19 18:59:59.999,26682628.28043020,20703,184.18455000,12272327.65878380
2024-05-19 19:00:00,66586.21000000,66646.20000000,65857.25000000,66034.01000000,2461.19629000,2024-05-19 19:59:59.999,162942440.70329030,89075,908.83424000,60168406.96703900
2024-05-19 20:00:00,66034.01000000,66300.00000000,66019.99000000,66163.99000000,650.74941000,2024-05-19 20:59:59.999,43073364.73792010,28390,302.30028000,20012502.13080820
2024-05-19 21:00:00,66164.00000000,66360.00000000,66000.00000000,66280.00000000,458.74226000,2024-05-19 21:59:59.999,30351087.06842510,33901,260.22553000,17218140.86374780
2024-05-19 22:00:00,66280.00000000,66463.00000000,66252.00000000,66363.61000000,508.04173000,2024-05-19 22:59:59.999,33708722.09443660,25817,276.42756000,18340365.36896160
2024-05-19 23:00:00,66363.61000000,66363.61000000,66211.87000000,66274.01000000,384.64631000,2024-05-19 23:59:59.999,25492763.94446450,17388,165.74713000,10985295.08929280
2024-05-20 00:00:00,66274.00000000,66492.50000000,66149.43000000,66459.99000000,623.69794000,2024-05-20 00:59:59.999,41365062.67215790,29817,344.30800000,22839799.92451160
2024-05-20 01:00:00,66459.99000000,66589.63000000,66060.31000000,66520.40000000,1006.64524000,2024-05-20 01:59:59.999,66804487.80250030,46728,527.44300000,35011514.19010110
2024-05-20 02:00:00,66520.40000000,66763.00000000,66503.00000000,66674.02000000,695.48145000,2024-05-20 02:59:59.999,46349368.42231200,31396,344.79117000,22978254.11370310
2024-05-20 03:00:00,66674.02000000,66768.87000000,66563.95000000,66675.22000000,484.92176000,2024-05-20 03:59:59.999,32333280.82570740,23020,238.98998000,15936207.49547190
2024-05-20 04:00:00,66675.21000000,67143.75000000,66626.00000000,67132.43000000,1205.95914000,2024-05-20 04:59:59.999,80725969.99078930,41156,712.89063000,47725701.97197060
2024-05-20 05:00:00,67132.44000000,67295.99000000,67050.61000000,67136.36000000,1024.59809000,2024-05-20 05:59:59.999,68815349.93611820,44882,512.95714000,34452841.72250360
2024-05-20 06:00:00,67136.36000000,67160.00000000,66279.64000000,66410.00000000,1219.48845000,2024-05-20 06:59:59.999,81448897.64876650,60021,475.56270000,31780070.54939440
2024-05-20 07:00:00,66410.01000000,66899.99000000,66352.23000000,66825.14000000,1068.70718000,2024-05-20 07:59:59.999,71287027.69403590,40876,570.71959000,38068903.80381210
2024-05-20 08:00:00,66825.15000000,67057.97000000,66750.00000000,66762.00000000,771.75214000,2024-05-20 08:59:59.999,51623185.83321460,32567,334.64899000,22386494.18278810
2024-05-20 09:00:00,66762.01000000,66999.00000000,66753.18000000,66894.01000000,643.72155000,2024-05-20 09:59:59.999,43076594.50027020,28954,312.84859000,20934232.56991340
2024-05-20 10:00:00,66894.01000000,67349.00000000,66860.26000000,67109.99000000,1583.41701000,2024-05-20 10:59:59.999,106278885.67856610,51665,737.79250000,49518149.44694840
2024-05-20 11:00:00,67110.00000000,67300.00000000,66907.23000000,66994.20000000,927.56536000,2024-05-20 11:59:59.999,62286727.82099900,45931,369.61502000,24820272.98146460
2024-05-20 12:00:00,66994.20000000,67087.63000000,66789.16000000,66936.39000000,935.34050000,2024-05-20 12:59:59.999,62616836.22750520,34111,496.37407000,33229522.54379760
2024-05-20 13:00:00,66936.40000000,67184.71000000,66774.53000000,67099.98000000,1342.77011000,2024-05-20 13:59:59.999,89969238.46748900,45019,688.90095000,46153792.85469670
2024-05-20 14:00:00,67099.98000000,67110.00000000,66753.42000000,67006.01000000,1386.90005000,2024-05-20 14:59:59.999,92785174.69829730,48169,787.26981000,52668274.20631900
2024-05-20 15:00:00,67006.00000000,67487.00000000,66902.00000000,67419.99000000,2145.79274000,2024-05-20 15:59:59.999,144374839.56458790,71062,1185.65186000,79776457.15061770
2024-05-20 16:00:00,67420.00000000,68266.08000000,67374.42000000,68190.06000000,4146.38535000,2024-05-20 16:59:59.999,281463199.33411860,183702,2141.97199000,145363454.31389750
2024-05-20 17:00:00,68190.06000000,68649.98000000,68030.77000000,68331.51000000,2594.36691000,2024-05-20 17:59:59.999,177270000.14360480,96755,1295.26764000,88523232.42561050
2024-05-20 18:00:00,68331.51000000,68766.00000000,68292.60000000,68728.41000000,1729.10900000,2024-05-20 18:59:59.999,118491312.76509010,80513,787.84065000,53989647.43579260
2024-05-20 19:00:00,68728.42000000,70000.00000000,68596.00000000,69999.99000000,7908.04956000,2024-05-20 19:59:59.999,549263073.35732790,301317,4493.53455000,312176150.51986550
2024-05-20 20:00:00,70000.00000000,70421.24000000,69153.61000000,69500.00000000,5989.49478000,2024-05-20 20:59:59.999,417694193.44152710,195596,3217.36416000,224387690.21608320
2024-05-20 21:00:00,69499.99000000,69767.43000000,68905.67000000,69717.79000000,3221.36307000,2024-05-20 21:59:59.999,223111726.72807710,107819,1586.30594000,109874415.79993480
2024-05-20 22:00:00,69717.80000000,69949.00000000,69540.00000000,69590.77000000,2326.66413000,2024-05-20 22:59:59.999,162124143.76852120,82039,1228.55676000,85606713.17698510
2024-05-20 23:00:00,69590.77000000,71515.56000000,69589.50000000,71446.62000000,5834.50959000,2024-05-20 23:59:59.999,413916186.43071050,207824,3400.92425000,241144873.94460590
2024-05-21 00:00:00,71446.62000000,71979.00000000,71125.37000000,71312.32000000,4404.43729000,2024-05-21 00:59:59.999,314630897.80660100,180450,2322.47483000,165904053.48701220
2024-05-21 01:00:00,71312.32000000,71462.48000000,70706.00000000,71089.96000000,3747.50505000,2024-05-21 01:59:59.999,266216348.80974450,164150,1784.48341000,126762780.56116150
2024-05-21 02:00:00,71089.96000000,71426.19000000,70903.85000000,71283.80000000,2981.22858000,2024-05-21 02:59:59.999,212040345.72183610,126220,1575.12273000,112029711.73077720
2024-05-21 03:00:00,71283.81000000,71401.68000000,71136.84000000,71284.00000000,1955.21923000,2024-05-21 03:59:59.999,139390027.60343270,69500,906.10468000,64594101.25964550
2024-05-21 04:00:00,71283.99000000,71289.89000000,70834.00000000,70910.00000000,1389.72962000,2024-05-21 04:59:59.999,98716839.47495530,55427,631.27452000,44835985.58515310
2024-05-21 05:00:00,70910.01000000,71222.00000000,70826.92000000,71209.86000000,1759.43251000,2024-05-21 05:59:59.999,124958056.35836260,69085,950.97286000,67545829.83657430
2024-05-21 06:00:00,71209.87000000,71394.20000000,71096.01000000,71205.41000000,1634.49017000,2024-05-21 06:59:59.999,116442666.37430310,66254,875.00914000,62333557.22359480
2024-05-21 07:00:00,71205.41000000,71230.13000000,70878.29000000,70878.29000000,1818.18841000,2024-05-21 07:59:59.999,129114643.47544900,63490,739.49697000,52517477.89489520
2024-05-21 08:00:00,70878.30000000,71060.00000000,70839.63000000,70916.00000000,1452.44414000,2024-05-21 08:59:59.999,103052097.89507820,58756,754.19140000,53509545.56433780
2024-05-21 09:00:00,70916.01000000,71076.65000000,70880.68000000,70990.02000000,1391.38501000,2024-05-21 09:59:59.999,98778960.34033830,59504,786.25483000,55817920.04730480
2024-05-21 10:00:00,70990.02000000,71290.00000000,70960.02000000,71056.00000000,1809.08985000,2024-05-21 10:59:59.999,128656442.21262740,91820,937.89233000,66699545.47399910
2024-05-21 11:00:00,71055.99000000,71474.92000000,70980.00000000,71130.00000000,2640.16507000,2024-05-21 11:59:59.999,188102251.44538270,96859,1486.07332000,105882907.38800920
2024-05-21 12:00:00,71130.00000000,71455.09000000,71060.00000000,71349.99000000,2434.77082000,2024-05-21 12:59:59.999,173528709.80382930,80017,1257.52681000,89624073.62625700
2024-05-21 13:00:00,71349.99000000,71349.99000000,70539.91000000,70595.92000000,3352.93221000,2024-05-21 13:59:59.999,237884452.50163520,101368,1560.89005000,110732622.77562670
2024-05-21 14:00:00,70595.92000000,70927.48000000,70187.76000000,70213.20000000,2657.66016000,2024-05-21 14:59:59.999,187535346.34044330,128706,1196.81800000,84465196.50089940
2024-05-21 15:00:00,70213.21000000,70487.82000000,69685.01000000,69826.99000000,2745.90017000,2024-05-21 15:59:59.999,192438490.03237800,173560,1115.87145000,78221810.49726420
2024-05-21 16:00:00,69827.00000000,70263.03000000,69642.80000000,69668.03000000,2707.57475000,2024-05-21 16:59:59.999,189375707.60671090,140358,1428.63018000,99946359.48562320
2024-05-21 17:00:00,69668.04000000,69942.72000000,69550.00000000,69857.05000000,2370.32353000,2024-05-21 17:59:59.999,165272254.73105020,96003,1328.70099000,92637210.14704840
2024-05-21 18:00:00,69857.05000000,69950.19000000,69500.00000000,69829.74000000,896.31712000,2024-05-21 18:59:59.999,62501880.02215410,51408,451.95673000,31516628.21985700
2024-05-21 19:00:00,69829.74000000,69944.40000000,69162.94000000,69285.99000000,1708.59752000,2024-05-21 19:59:59.999,118683521.59501880,65021,739.76014000,51396067.10576730
2024-05-21 20:00:00,69285.99000000,69766.66000000,69240.57000000,69727.01000000,1055.03779000,2024-05-21 20:59:59.999,73432180.23137480,43042,558.33118000,38851630.35278140
2024-05-21 21:00:00,69727.00000000,69806.12000000,69460.38000000,69727.76000000,638.66350000,2024-05-21 21:59:59.999,44465174.01390490,37874,285.19947000,19857360.68591440
2024-05-21 22:00:00,69727.75000000,70222.22000000,69720.18000000,70222.22000000,1279.33239000,2024-05-21 22:59:59.999,89564055.50773240,69418,674.74999000,47241121.34540760
2024-05-21 23:00:00,70222.21000000,70377.77000000,70100.00000000,70148.34000000,777.00871000,2024-05-21 23:59:59.999,54564419.32926500,49158,338.49310000,23770155.53381070
2024-05-22 00:00:00,70148.34000000,70279.99000000,70049.99000000,70120.01000000,1023.24236000,2024-05-22 00:59:59.999,71789373.91306260,40929,463.58153000,32522649.58233550
2024-05-22 01:00:00,70120.00000000,70209.10000000,70007.73000000,70159.58000000,811.91424000,2024-05-22 01:59:59.999,56920357.25603850,34208,333.10261000,23351740.52520590
2024-05-22 02:00:00,70159.57000000,70368.60000000,69922.77000000,70003.01000000,1132.34656000,2024-05-22 02:59:59.999,79409212.58633380,42606,493.39342000,34603187.35828220
2024-05-22 03:00:00,70003.01000000,70050.00000000,69822.76000000,69955.72000000,744.84482000,2024-05-22 03:59:59.999,52092402.30703660,39263,346.74268000,24248512.04922480
2024-05-22 04:00:00,69955.72000000,70000.00000000,69165.00000000,69599.98000000,1368.72361000,2024-05-22 04:59:59.999,95182590.97868490,66413,556.15657000,38672881.57553980
2024-05-22 05:00:00,69599.97000000,69923.48000000,69528.49000000,69898.12000000,733.25344000,2024-05-22 05:59:59.999,51159129.84410520,39048,374.17763000,26104019.57034610
2024-05-22 06:00:00,69898.12000000,70059.89000000,69784.47000000,69854.08000000,664.56086000,2024-05-22 06:59:59.999,46453586.74529040,32313,263.35906000,18411559.18679800
2024-05-22 07:00:00,69854.08000000,69889.07000000,69587.62000000,69715.00000000,795.04273000,2024-05-22 07:59:59.999,55457545.10719180,40633,342.93221000,23919767.29708410
2024-05-22 08:00:00,69715.00000000,70200.00000000,69636.01000000,70010.27000000,1162.16801000,2024-05-22 08:59:59.999,81328945.71324230,44715,672.05346000,47026195.32066720
2024-05-22 09:00:00,70010.26000000,70087.10000000,69837.45000000,69987.44000000,558.49645000,2024-05-22 09:59:59.999,39074902.06577550,32983,248.05874000,17354925.25810230
2024-05-22 10:00:00,69987.45000000,70233.00000000,69928.05000000,70190.00000000,716.52513000,2024-05-22 10:59:59.999,50235215.39845630,41151,387.58668000,27174516.21809120
2024-05-22 11:00:00,70190.00000000,70275.14000000,69736.13000000,69736.13000000,901.76594000,2024-05-22 11:59:59.999,63162097.72571630,63728,416.44092000,29179325.53010800
2024-05-22 12:00:00,69736.14000000,70093.34000000,69505.65000000,69643.88000000,1403.77741000,2024-05-22 12:59:59.999,97969482.31884300,102559,601.67200000,41993515.69833810
2024-05-22 13:00:00,69643.88000000,69892.63000000,69436.63000000,69586.87000000,1317.24639000,2024-05-22 13:59:59.999,91759541.10955620,62142,595.53608000,41484288.83417070
2024-05-22 14:00:00,69586.88000000,70180.00000000,69435.30000000,70114.63000000,1967.29937000,2024-05-22 14:59:59.999,137370254.54348550,98491,1099.28572000,76775842.10876430
2024-05-22 15:00:00,70114.63000000,70591.00000000,69922.37000000,70455.90000000,1427.10900000,2024-05-22 15:59:59.999,100288788.72706750,63898,761.74129000,53540442.66595050
2024-05-22 16:00:00,70455.89000000,70666.00000000,70179.58000000,70229.88000000,1054.42271000,2024-05-22 16:59:59.999,74208882.02425620,55940,535.15624000,37663653.30049960
2024-05-22 17:00:00,70229.87000000,70459.91000000,69669.19000000,69863.52000000,1661.38521000,2024-05-22 17:59:59.999,116343012.25911560,65771,794.80025000,55672691.84545600
2024-05-22 18:00:00,69863.52000000,69901.66000000,69228.64000000,69574.60000000,2501.11282000,2024-05-22 18:59:59.999,173873993.96174110,84053,1053.89293000,73263514.09750440
2024-05-22 19:00:00,69574.60000000,69800.91000000,69453.13000000,69637.47000000,1056.97871000,2024-05-22 19:59:59.999,73571621.06197850,44520,539.72216000,37568945.22651240
2024-05-22 20:00:00,69637.48000000,69976.00000000,69397.25000000,69442.01000000,1467.75371000,2024-05-22 20:59:59.999,102285404.92896880,72436,738.26579000,51458718.47293030
2024-05-22 21:00:00,69442.02000000,69665.61000000,68842.19000000,69497.77000000,1531.11044000,2024-05-22 21:59:59.999,106065328.01852830,75061,724.47669000,50200587.31208470
2024-05-22 22:00:00,69497.77000000,69550.00000000,69054.01000000,69141.28000000,953.47919000,2024-05-22 22:59:59.999,66021018.36994500,72081,435.81318000,30176111.14663700
2024-05-22 23:00:00,69141.28000000,69233.69000000,69023.56000000,69166.62000000,718.62115000,2024-05-22 23:59:59.999,49678125.33879450,57031,346.83947000,23976703.72984260
2024-05-23 00:00:00,69166.62000000,69621.51000000,69166.61000000,69499.81000000,859.87459000,2024-05-23 00:59:59.999,59710994.87484900,45264,461.53528000,32044027.07022860
2024-05-23 01:00:00,69499.81000000,69626.87000000,69260.15000000,69483.16000000,601.81364000,2024-05-23 01:59:59.999,41816080.44922190,35788,321.18272000,22317506.29619280
2024-05-23 02:00:00,69483.15000000,69562.00000000,69362.62000000,69505.86000000,441.81983000,2024-05-23 02:59:59.999,30700185.44614210,23218,209.51272000,14557610.95074260
2024-05-23 03:00:00,69505.85000000,69524.86000000,69311.76000000,69446.14000000,615.56921000,2024-05-23 03:59:59.999,42733220.21301930,31355,257.00668000,17841003.39953030
2024-05-23 04:00:00,69446.14000000,69590.00000000,69422.20000000,69550.01000000,663.29267000,2024-05-23 04:59:59.999,46091741.41091510,32776,240.22184000,16694727.21144160
2024-05-23 05:00:00,69550.00000000,69562.04000000,69347.17000000,69478.89000000,540.94978000,2024-05-23 05:59:59.999,37558229.78802080,35504,277.51799000,19267251.21609220
2024-05-23 06:00:00,69478.89000000,69675.00000000,69382.73000000,69561.40000000,605.32347000,2024-05-23 06:59:59.999,42069197.98942280,38082,322.01708000,22383192.15313660
2024-05-23 07:00:00,69561.40000000,69862.44000000,69470.00000000,69734.04000000,831.73333000,2024-05-23 07:59:59.999,57946573.64552970,45786,426.14455000,29691524.20069660
2024-05-23 08:00:00,69734.05000000,69849.94000000,69577.86000000,69687.99000000,628.71340000,2024-05-23 08:59:59.999,43819394.24567340,38595,278.80312000,19435038.19887170
2024-05-23 09:00:00,69687.99000000,69830.00000000,69580.90000000,69645.06000000,786.18312000,2024-05-23 09:59:59.999,54821839.03293420,49289,343.14071000,23926751.99631120
2024-05-23 10:00:00,69645.05000000,69794.92000000,69520.02000000,69537.21000000,713.54288000,2024-05-23 10:59:59.999,49732341.66553290,43193,263.95686000,18396140.37733190
2024-05-23 11:00:00,69537.22000000,70061.00000000,69537.21000000,69982.72000000,1592.64329000,2024-05-23 11:59:59.999,111293875.35713200,94984,860.08315000,60110026.56021790
2024-05-23 12:00:00,69982.72000000,70096.12000000,68946.17000000,69428.53000000,2387.11342000,2024-05-23 12:59:59.999,166279407.45627980,132294,1202.65639000,83792806.18671750
2024-05-23 13:00:00,69428.53000000,69558.07000000,67716.42000000,68036.14000000,5195.50740000,2024-05-23 13:59:59.999,356461985.49108420,213524,2377.56186000,163116256.63869120
2024-05-23 14:00:00,68036.14000000,68345.39000000,67610.95000000,67748.63000000,3287.23359000,2024-05-23 14:59:59.999,223460156.35919600,118784,1676.53282000,113986333.56033060
2024-05-23 15:00:00,67748.62000000,68313.79000000,67709.84000000,68076.00000000,1910.00664000,2024-05-23 15:59:59.999,130086609.59067640,82773,1023.00982000,69668370.77301010
2024-05-23 16:00:00,68075.99000000,68167.97000000,67799.30000000,67822.78000000,1012.38695000,2024-05-23 16:59:59.999,68817162.60702220,51489,511.63975000,34781253.33526060
2024-05-23 17:00:00,67822.78000000,68119.26000000,67618.98000000,67639.25000000,1108.81623000,2024-05-23 17:59:59.999,75264356.33208560,51355,550.83628000,37395830.18256880
2024-05-23 18:00:00,67639.25000000,67684.36000000,66764.70000000,67393.06000000,3242.57711000,2024-05-23 18:59:59.999,217867315.73965860,125567,1507.68869000,101284721.54473570
2024-05-23 19:00:00,67393.05000000,67690.00000000,67110.18000000,67199.98000000,1507.43481000,2024-05-23 19:59:59.999,101608030.41124350,60265,736.62327000,49661000.00433520
2024-05-23 20:00:00,67199.98000000,67952.39000000,66312.16000000,67802.89000000,4844.87833000,2024-05-23 20:59:59.999,324964294.10325110,184151,2403.08964000,161273716.46473130
2024-05-23 21:00:00,67802.89000000,68365.81000000,66958.40000000,67992.77000000,5227.80843000,2024-05-23 21:59:59.999,354469393.51338610,216045,2593.55731000,175884705.19447280
2024-05-23 22:00:00,67992.78000000,67999.98000000,67540.00000000,67686.47000000,935.26003000,2024-05-23 22:59:59.999,63331003.46905060,40498,436.79246000,29577039.37478960
2024-05-23 23:00:00,67686.48000000,67994.10000000,67480.00000000,67969.65000000,972.69159000,2024-05-23 23:59:59.999,65886871.59727510,37276,510.04020000,34553259.69092850
2024-05-24 00:00:00,67969.66000000,68000.00000000,67628.01000000,67852.00000000,1148.17033000,2024-05-24 00:59:59.999,77889438.40085710,41117,504.62549000,34235398.28720220
2024-05-24 01:00:00,67851.99000000,67852.00000000,67657.55000000,67742.01000000,587.94989000,2024-05-24 01:59:59.999,39837306.00005830,31264,322.34251000,21841018.54525730
2024-05-24 02:00:00,67742.01000000,68000.95000000,67634.15000000,67978.37000000,868.04952000,2024-05-24 02:59:59.999,58850529.69763590,40377,511.47081000,34675681.00117250
2024-05-24 03:00:00,67978.38000000,68017.56000000,67822.05000000,67891.83000000,923.24161000,2024-05-24 03:59:59.999,62714307.74298820,35056,551.17220000,37439769.97757450
2024-05-24 04:00:00,67891.83000000,67922.79000000,67651.04000000,67708.23000000,968.40971000,2024-05-24 04:59:59.999,65621920.17302130,44522,515.18873000,34908266.67132420
2024-05-24 05:00:00,67708.23000000,67708.23000000,67080.99000000,67299.99000000,1412.81067000,2024-05-24 05:59:59.999,95161373.31779940,65122,699.90351000,47133496.59588400
2024-05-24 06:00:00,67299.99000000,67603.60000000,66816.21000000,66887.01000000,2121.93380000,2024-05-24 06:59:59.999,142619183.83521310,84256,937.66359000,63042870.86624390
2024-05-24 07:00:00,66887.01000000,67311.54000000,66828.23000000,67155.93000000,1407.32671000,2024-05-24 07:59:59.999,94357234.39908520,54628,789.63237000,52938580.97922690
2024-05-24 08:00:00,67155.93000000,67228.84000000,66600.12000000,67190.15000000,1338.28785000,2024-05-24 08:59:59.999,89638753.55914850,66145,690.12622000,46240508.38931980
2024-05-24 09:00:00,67190.15000000,67449.36000000,67039.52000000,67375.26000000,855.22355000,2024-05-24 09:59:59.999,57499473.03896390,39950,507.17593000,34102978.93101650
2024-05-24 10:00:00,67375.25000000,67523.78000000,67311.12000000,67353.43000000,586.83531000,2024-05-24 10:59:59.999,39559213.55723710,29321,303.54949000,20464893.79643940
2024-05-24 11:00:00,67353.43000000,67472.89000000,67277.58000000,67349.99000000,702.98193000,2024-05-24 11:59:59.999,47361756.83292380,41628,288.89521000,19465738.33671920
2024-05-24 12:00:00,67350.00000000,67571.81000000,67343.00000000,67490.00000000,742.56840000,2024-05-24 12:59:59.999,50091483.18023030,35953,326.52034000,22025976.52584610
2024-05-24 13:00:00,67490.00000000,67607.00000000,66921.97000000,67077.12000000,2224.97911000,2024-05-24 13:59:59.999,149698755.05920300,72529,1113.20185000,74900522.11415020
2024-05-24 14:00:00,67077.12000000,68031.62000000,67000.00000000,67869.48000000,2203.56630000,2024-05-24 14:59:59.999,149098463.53559270,84638,1159.39513000,78472081.80187900
2024-05-24 15:00:00,67869.49000000,68420.00000000,67869.48000000,68326.46000000,2033.08888000,2024-05-24 15:59:59.999,138726868.56716400,78299,1054.29286000,71936008.55409390
2024-05-24 16:00:00,68326.46000000,68473.85000000,67924.39000000,68394.33000000,1656.06613000,2024-05-24 16:59:59.999,112955320.88745570,64895,819.33207000,55887270.27034480
2024-05-24 17:00:00,68394.32000000,68931.31000000,68394.32000000,68919.02000000,1870.85195000,2024-05-24 17:59:59.999,128415369.47345680,63657,1065.24996000,73119435.00444700
2024-05-24 18:00:00,68919.02000000,69220.00000000,68840.00000000,68970.43000000,1735.97362000,2024-05-24 18:59:59.999,119837354.91142620,56414,948.13516000,65452415.63625960
2024-05-24 19:00:00,68970.43000000,69250.00000000,68738.33000000,69115.98000000,861.38775000,2024-05-24 19:59:59.999,59383232.30717190,36611,440.64020000,30380750.18119080
2024-05-24 20:00:00,69115.98000000,69214.00000000,68836.96000000,68836.96000000,700.24049000,2024-05-24 20:59:59.999,48329277.23563180,31966,276.53837000,19087053.60881650
2024-05-24 21:00:00,68836.96000000,68995.77000000,68800.00000000,68876.00000000,401.77374000,2024-05-24 21:59:59.999,27673894.53702440,23815,197.10018000,13576117.53203050
2024-05-24 22:00:00,68875.99000000,68876.00000000,68674.39000000,68787.99000000,320.29512000,2024-05-24 22:59:59.999,22029237.99432090,20961,153.66984000,10569185.28028350
2024-05-24 23:00:00,68788.00000000,68788.00000000,68524.94000000,68549.99000000,423.82427000,2024-05-24 23:59:59.999,29088948.47199170,22783,168.47687000,11561335.80905340
2024-05-25 00:00:00,68549.99000000,68679.48000000,68500.00000000,68530.89000000,353.66198000,2024-05-25 00:59:59.999,24259897.86395070,22783,176.81133000,12129520.32792340
2024-05-25 01:00:00,68530.88000000,68700.38000000,68530.88000000,68613.46000000,366.55813000,2024-05-25 01:59:59.999,25162150.69437150,22747,189.64649000,13016853.83587050
2024-05-25 02:00:00,68613.45000000,68830.00000000,68606.10000000,68817.22000000,381.53499000,2024-05-25 02:59:59.999,26216562.40368050,24130,195.00636000,13398372.56973740
2024-05-25 03:00:00,68817.22000000,68910.00000000,68652.59000000,68757.85000000,539.87073000,2024-05-25 03:59:59.999,37115010.70551560,25894,273.21830000,18786679.35864540
2024-05-25 04:00:00,68757.84000000,68831.88000000,68688.00000000,68784.37000000,458.79460000,2024-05-25 04:59:59.999,31549758.49941270,31519,242.63961000,16686441.21359280
2024-05-25 05:00:00,68784.37000000,68808.00000000,68696.00000000,68718.21000000,260.60587000,2024-05-25 05:59:59.999,17917448.99945270,25658,119.28908000,8201690.49815000
2024-05-25 06:00:00,68718.21000000,68746.40000000,68615.56000000,68660.40000000,373.11777000,2024-05-25 06:59:59.999,25624431.15120240,22650,190.74728000,13098509.18470360
2024-05-25 07:00:00,68660.39000000,68811.89000000,68639.69000000,68753.92000000,326.34283000,2024-05-25 07:59:59.999,22426553.05670710,24335,177.44876000,12194141.01198450
2024-05-25 08:00:00,68753.93000000,69059.35000000,68749.20000000,68876.69000000,621.21878000,2024-05-25 08:59:59.999,42802489.95265720,36440,327.60641000,22575086.32474380
2024-05-25 09:00:00,68876.69000000,69156.28000000,68850.00000000,69095.27000000,540.31615000,2024-05-25 09:59:59.999,37306758.60769340,35798,274.94887000,18985658.25960730
2024-05-25 10:00:00,69095.27000000,69453.57000000,69025.87000000,69387.99000000,768.89760000,2024-05-25 10:59:59.999,53239448.67324420,38152,435.56612000,30164797.46902880
2024-05-25 11:00:00,69388.00000000,69610.00000000,69104.67000000,69104.67000000,1143.62136000,2024-05-25 11:59:59.999,79388785.62445910,61768,501.81438000,34847642.33403510
2024-05-25 12:00:00,69104.68000000,69299.99000000,69018.56000000,69116.30000000,899.32763000,2024-05-25 12:59:59.999,62183152.28502090,43982,381.90059000,26410348.68568820
2024-05-25 13:00:00,69116.31000000,69240.77000000,68882.43000000,69025.98000000,1120.61802000,2024-05-25 13:59:59.999,77429844.15975830,44344,585.85506000,40495539.31533730
2024-05-25 14:00:00,69025.99000000,69088.67000000,68958.00000000,69021.65000000,634.18253000,2024-05-25 14:59:59.999,43777584.05877130,27910,329.07547000,22716455.66843680
2024-05-25 15:00:00,69021.65000000,69212.58000000,68847.65000000,68930.40000000,707.55312000,2024-05-25 15:59:59.999,48879327.42230640,35924,283.92233000,19618124.57615010
2024-05-25 16:00:00,68930.39000000,69044.00000000,68849.50000000,68936.62000000,490.68142000,2024-05-25 16:59:59.999,33831280.29450850,30612,194.18789000,13388476.19729600
2024-05-25 17:00:00,68936.61000000,69100.00000000,68925.00000000,69065.14000000,335.57693000,2024-05-25 17:59:59.999,23155128.38201580,25084,144.31504000,9957757.97133910
2024-05-25 18:00:00,69065.15000000,69234.00000000,69065.14000000,69213.20000000,373.59442000,2024-05-25 18:59:59.999,25840510.66759320,22844,166.69664000,11529708.95674000
2024-05-25 19:00:00,69213.20000000,69266.66000000,69115.94000000,69155.32000000,260.44168000,2024-05-25 19:59:59.999,18016346.32979070,20321,99.09135000,6855290.45027290
2024-05-25 20:00:00,69155.32000000,69221.39000000,69071.47000000,69100.01000000,228.03497000,2024-05-25 20:59:59.999,15764905.54854450,21106,102.77652000,7105556.20662140
2024-05-25 21:00:00,69100.00000000,69170.72000000,69050.01000000,69139.01000000,232.82685000,2024-05-25 21:59:59.999,16091131.15461230,17712,91.39175000,6316022.15521290
2024-05-25 22:00:00,69139.02000000,69159.54000000,69050.95000000,69129.00000000,237.31364000,2024-05-25 22:59:59.999,16400003.70492620,17453,115.51176000,7982538.29905640
2024-05-25 23:00:00,69128.99000000,69356.60000000,69128.99000000,69290.57000000,475.70218000,2024-05-25 23:59:59.999,32961278.74370090,24637,252.49252000,17493651.79930550
2024-05-26 00:00:00,69290.56000000,69319.31000000,69151.50000000,69156.00000000,318.21323000,2024-05-26 00:59:59.999,22026816.22187800,20204,184.00728000,12736934.72508450
2024-05-26 01:00:00,69156.01000000,69256.09000000,69156.00000000,69161.44000000,244.61402000,2024-05-26 01:59:59.999,16925469.12967980,18666,130.58250000,9035570.98970010
2024-05-26 02:00:00,69161.44000000,69176.91000000,68808.37000000,68904.01000000,573.34301000,2024-05-26 02:59:59.999,39542260.16695260,30765,239.75071000,16533845.53374990
2024-05-26 03:00:00,68904.00000000,69137.84000000,68880.60000000,69073.62000000,467.99134000,2024-05-26 03:59:59.999,32299370.73279760,26841,277.43403000,19146518.29179930
2024-05-26 04:00:00,69073.62000000,69073.62000000,68936.21000000,68974.00000000,270.48984000,2024-05-26 04:59:59.999,18661428.63130560,21687,120.61304000,8320341.82025730
2024-05-26 05:00:00,68973.99000000,69139.60000000,68928.22000000,69139.60000000,219.54140000,2024-05-26 05:59:59.999,15151316.45188680,17326,110.43041000,7622394.54646070
2024-05-26 06:00:00,69139.59000000,69184.00000000,69052.00000000,69105.63000000,273.93522000,2024-05-26 06:59:59.999,18934034.40010720,20849,132.35456000,9148273.07805010
2024-05-26 07:00:00,69105.64000000,69435.36000000,69101.63000000,69340.15000000,620.99560000,2024-05-26 07:59:59.999,43015337.69849850,36567,342.48373000,23721900.77477620
2024-05-26 08:00:00,69340.16000000,69562.23000000,69063.13000000,69160.33000000,844.03291000,2024-05-26 08:59:59.999,58500142.05957350,37883,427.92662000,29669365.82542670
2024-05-26 09:00:00,69160.32000000,69254.00000000,68974.55000000,69086.54000000,540.21484000,2024-05-26 09:59:59.999,37331277.58301140,27633,241.23540000,16670975.02529870
2024-05-26 10:00:00,69086.54000000,69222.93000000,69086.54000000,69222.92000000,504.80601000,2024-05-26 10:59:59.999,34905511.81751370,24944,311.30405000,21525846.67374750
2024-05-26 11:00:00,69222.93000000,69229.92000000,69054.10000000,69134.91000000,542.28481000,2024-05-26 11:59:59.999,37498731.51840810,36342,214.16073000,14809475.72802700
2024-05-26 12:00:00,69134.91000000,69146.92000000,68951.00000000,68993.22000000,497.24308000,2024-05-26 12:59:59.999,34328185.48178550,27493,214.02652000,14775040.32082470
2024-05-26 13:00:00,68993.21000000,69136.15000000,68950.00000000,69136.14000000,376.78122000,2024-05-26 13:59:59.999,26004074.05849840,29847,185.35933000,12793245.33079570
2024-05-26 14:00:00,69136.15000000,69312.30000000,69042.26000000,69287.12000000,685.92369000,2024-05-26 14:59:59.999,47463798.59102680,36723,428.12431000,29625629.66652090
2024-05-26 15:00:00,69287.11000000,69399.00000000,68668.60000000,68847.99000000,1131.13166000,2024-05-26 15:59:59.999,78066114.31906850,60525,503.57715000,34767260.51444260
2024-05-26 16:00:00,68847.98000000,68973.15000000,68692.11000000,68808.62000000,833.60220000,2024-05-26 16:59:59.999,57402300.81839460,49711,449.40553000,30948984.38590690
2024-05-26 17:00:00,68808.61000000,68906.96000000,68731.36000000,68778.14000000,418.50179000,2024-05-26 17:59:59.999,28803462.67477280,34878,180.77680000,12442247.76245300
2024-05-26 18:00:00,68778.14000000,68842.80000000,68717.61000000,68800.16000000,364.30568000,2024-05-26 18:59:59.999,25053133.74932380,29263,197.44706000,13578330.71902350
2024-05-26 19:00:00,68800.15000000,68916.22000000,68800.15000000,68903.54000000,240.01540000,2024-05-26 19:59:59.999,16531854.63531180,21722,120.85622000,8324230.64225390
2024-05-26 20:00:00,68903.53000000,68911.56000000,68720.66000000,68720.84000000,177.26876000,2024-05-26 20:59:59.999,12194751.76154480,17697,73.90509000,5083605.60845960
2024-05-26 21:00:00,68720.85000000,68720.85000000,68128.01000000,68518.02000000,873.47041000,2024-05-26 21:59:59.999,59796591.23317260,46904,415.17280000,28412644.54243550
2024-05-26 22:00:00,68518.02000000,68700.65000000,68464.00000000,68560.00000000,369.81244000,2024-05-26 22:59:59.999,25369794.47664060,24169,197.75433000,13565621.87765630
2024-05-26 23:00:00,68560.01000000,68569.88000000,68344.00000000,68507.67000000,483.59941000,2024-05-26 23:59:59.999,33109120.77973680,24210,235.93263000,16152794.16294180
2024-05-27 00:00:00,68507.67000000,68821.72000000,68481.31000000,68821.71000000,491.97295000,2024-05-27 00:59:59.999,33764446.23212450,26925,244.50249000,16783910.66380900
2024-05-27 01:00:00,68821.72000000,69298.00000000,68740.75000000,69074.01000000,742.66616000,2024-05-27 01:59:59.999,51287152.44714330,39965,422.20846000,29147867.52097290
2024-05-27 02:00:00,69074.02000000,69288.44000000,69020.49000000,69111.35000000,756.96511000,2024-05-27 02:59:59.999,52347220.48463770,35604,441.23946000,30513010.34445090
2024-05-27 03:00:00,69111.34000000,69212.00000000,68826.91000000,68873.43000000,1083.48310000,2024-05-27 03:59:59.999,74768424.15087430,52400,385.32060000,26588453.74843330
2024-05-27 04:00:00,68873.43000000,68901.74000000,68764.71000000,68770.01000000,470.50870000,2024-05-27 04:59:59.999,32387848.66097960,48072,257.73159000,17741520.73364090
2024-05-27 05:00:00,68770.00000000,68784.40000000,68321.95000000,68524.61000000,845.39332000,2024-05-27 05:59:59.999,57964347.38833680,45315,396.61510000,27191681.12424450
2024-05-27 06:00:00,68524.60000000,68621.54000000,68393.23000000,68393.23000000,600.69750000,2024-05-27 06:59:59.999,41155259.05435380,29447,274.20672000,18788315.14842860
2024-05-27 07:00:00,68393.23000000,68721.02000000,68341.84000000,68643.36000000,676.48477000,2024-05-27 07:59:59.999,46374519.67421720,33758,407.23554000,27916711.56451570
2024-05-27 08:00:00,68643.36000000,68944.20000000,68521.52000000,68624.00000000,825.51086000,2024-05-27 08:59:59.999,56743450.91187720,74752,410.82012000,28237729.06321200
2024-05-27 09:00:00,68624.01000000,68660.09000000,68430.95000000,68595.37000000,640.74484000,2024-05-27 09:59:59.999,43934695.56541600,32691,317.61407000,21777160.11389920
2024-05-27 10:00:00,68595.36000000,68598.48000000,68422.08000000,68577.79000000,606.70178000,2024-05-27 10:59:59.999,41568364.87742890,31249,291.91169000,20000869.54523550
2024-05-27 11:00:00,68577.79000000,68679.80000000,68250.00000000,68434.26000000,863.90991000,2024-05-27 11:59:59.999,59139747.58580280,40362,382.54650000,26187931.67265660
2024-05-27 12:00:00,68434.26000000,68643.25000000,68384.00000000,68621.42000000,656.97356000,2024-05-27 12:59:59.999,45021131.83577420,34843,335.57922000,22994833.71681980
2024-05-27 13:00:00,68621.43000000,69045.80000000,68601.30000000,68919.24000000,1108.96194000,2024-05-27 13:59:59.999,76368707.67765880,57002,634.15759000,43671517.81570080
2024-05-27 14:00:00,68919.24000000,69500.00000000,68828.80000000,69500.00000000,1583.09764000,2024-05-27 14:59:59.999,109530088.48543740,80910,894.43795000,61890483.86766830
2024-05-27 15:00:00,69500.00000000,70520.30000000,69499.99000000,70373.85000000,3706.80203000,2024-05-27 15:59:59.999,259726553.34196110,165960,2159.86574000,151343975.36045560
2024-05-27 16:00:00,70373.86000000,70687.56000000,70153.45000000,70161.22000000,1957.31729000,2024-05-27 16:59:59.999,137851088.60252380,89819,823.14359000,57987840.59347420
2024-05-27 17:00:00,70161.21000000,70350.00000000,70029.93000000,70184.01000000,867.16975000,2024-05-27 17:59:59.999,60885097.30787240,42777,422.65099000,29673462.43128560
2024-05-27 18:00:00,70184.00000000,70250.00000000,69882.11000000,69985.50000000,702.39215000,2024-05-27 18:59:59.999,49220112.11530050,36449,314.82844000,22062846.36578260
2024-05-27 19:00:00,69985.49000000,70113.35000000,69069.00000000,69260.01000000,1481.88431000,2024-05-27 19:59:59.999,103063986.30355070,81411,617.84533000,42973378.04116010
2024-05-27 20:00:00,69260.02000000,69724.21000000,69177.01000000,69660.01000000,863.51980000,2024-05-27 20:59:59.999,60038493.90889100,47307,459.51489000,31950395.15310560
2024-05-27 21:00:00,69660.00000000,69887.90000000,69589.99000000,69805.00000000,433.49108000,2024-05-27 21:59:59.999,30213643.70225820,35000,256.87268000,17905176.76784960
2024-05-27 22:00:00,69805.01000000,69805.01000000,69555.81000000,69591.58000000,535.38641000,2024-05-27 22:59:59.999,37290547.99947870,27726,238.49206000,16611256.96854660
2024-05-27 23:00:00,69591.59000000,69591.59000000,69324.00000000,69436.43000000,634.89241000,2024-05-27 23:59:59.999,44077269.52350390,29597,320.28092000,22231959.93228940
2024-05-28 00:00:00,69436.43000000,69472.99000000,69100.00000000,69377.41000000,860.35307000,2024-05-28 00:59:59.999,59608433.02430270,41673,372.38312000,25806347.89466450
2024-05-28 01:00:00,69377.40000000,69591.81000000,68515.86000000,68614.11000000,1600.29629000,2024-05-28 01:59:59.999,110354648.01173710,82184,637.78674000,44009634.57214610
2024-05-28 02:00:00,68614.11000000,68842.36000000,68420.03000000,68680.00000000,1772.01557000,2024-05-28 02:59:59.999,121631729.77341990,91221,754.02989000,51758656.39716080
2024-05-28 03:00:00,68680.01000000,68738.48000000,67753.00000000,68050.30000000,2602.45943000,2024-05-28 03:59:59.999,177439666.35589320,111638,984.93793000,67138051.30132350
2024-05-28 04:00:00,68050.30000000,68134.00000000,67486.65000000,67797.29000000,1618.34011000,2024-05-28 04:59:59.999,109674856.41154960,79619,567.12657000,38428440.46043700
2024-05-28 05:00:00,67797.28000000,68049.67000000,67660.00000000,68049.67000000,1062.16889000,2024-05-28 05:59:59.999,72062866.01035090,46540,529.67435000,35940709.71724580
2024-05-28 06:00:00,68049.67000000,68093.49000000,67787.00000000,67972.80000000,913.59384000,2024-05-28 06:59:59.999,62075643.47231690,42334,478.88620000,32538529.30351670
2024-05-28 07:00:00,67972.79000000,68030.00000000,67658.24000000,67694.00000000,1330.15183000,2024-05-28 07:59:59.999,90204623.30297490,41686,648.33385000,43964288.88830040
2024-05-28 08:00:00,67694.01000000,68250.00000000,67582.13000000,68159.99000000,1523.11012000,2024-05-28 08:59:59.999,103483921.33689220,49541,859.32198000,58398232.86839560
2024-05-28 09:00:00,68160.00000000,68523.99000000,68024.57000000,68336.24000000,1328.74691000,2024-05-28 09:59:59.999,90693216.21783680,48799,752.97307000,51406898.75186990
2024-05-28 10:00:00,68336.24000000,68902.71000000,68249.99000000,68592.01000000,1934.61955000,2024-05-28 10:59:59.999,132796461.19537380,69265,1001.85412000,68757347.73074730
2024-05-28 11:00:00,68592.01000000,68665.59000000,68265.01000000,68389.87000000,966.81283000,2024-05-28 11:59:59.999,66184386.12657210,46849,387.79587000,26549939.13429500
2024-05-28 12:00:00,68389.87000000,68559.99000000,68154.21000000,68208.63000000,1003.80695000,2024-05-28 12:59:59.999,68619509.32705020,45104,454.34135000,31057472.52298730
2024-05-28 13:00:00,68208.64000000,68478.45000000,67659.93000000,67792.00000000,2595.00122000,2024-05-28 13:59:59.999,176578718.54660490,95247,1275.94852000,86852396.16312080
2024-05-28 14:00:00,67792.00000000,68253.99000000,67529.62000000,67969.00000000,2270.16910000,2024-05-28 14:59:59.999,154223211.17871660,96478,1159.66250000,78783895.18347000
2024-05-28 15:00:00,67968.99000000,68460.53000000,67728.78000000,68374.08000000,1446.85793000,2024-05-28 15:59:59.999,98536889.60494160,67454,815.61941000,55545154.37329700
2024-05-28 16:00:00,68374.08000000,68457.19000000,67713.02000000,67713.22000000,1367.22082000,2024-05-28 16:59:59.999,92966231.80871620,84059,628.29118000,42703397.28761310
2024-05-28 17:00:00,67713.22000000,68159.54000000,67640.46000000,67782.67000000,1142.86777000,2024-05-28 17:59:59.999,77628423.59317850,59680,621.09454000,42199998.53729150
2024-05-28 18:00:00,67782.68000000,67992.78000000,67277.91000000,67879.43000000,1577.52247000,2024-05-28 18:59:59.999,106662800.54486850,84792,777.56005000,52587739.14261660
2024-05-28 19:00:00,67879.42000000,68598.33000000,67864.01000000,68424.29000000,1698.26136000,2024-05-28 19:59:59.999,115947191.09440830,63277,853.85571000,58291404.13634380
2024-05-28 20:00:00,68424.28000000,68538.92000000,68124.04000000,68325.86000000,571.11135000,2024-05-28 20:59:59.999,39039209.26210320,33118,242.57711000,16581916.73789490
2024-05-28 21:00:00,68325.86000000,68550.00000000,68257.81000000,68401.47000000,437.12363000,2024-05-28 21:59:59.999,29902373.67171760,27974,210.15135000,14376898.76250940
2024-05-28 22:00:00,68401.47000000,68661.28000000,68383.77000000,68615.40000000,627.08406000,2024-05-28 22:59:59.999,42992346.98775300,29392,364.79678000,25009834.05891380
2024-05-28 23:00:00,68615.39000000,68620.92000000,68346.78000000,68398.39000000,373.27532000,2024-05-28 23:59:59.999,25552868.93994400,21427,164.09557000,11233268.38845630
2024-05-29 00:00:00,68398.40000000,68605.10000000,68266.04000000,68496.00000000,516.50772000,2024-05-29 00:59:59.999,35358876.61281940,28390,233.26136000,15971228.74439020
2024-05-29 01:00:00,68495.99000000,68707.58000000,68310.00000000,68570.00000000,677.18720000,2024-05-29 01:59:59.999,46400473.98477210,33466,345.15835000,23649284.76704130
2024-05-29 02:00:00,68570.00000000,68923.00000000,68454.97000000,68684.60000000,878.81934000,2024-05-29 02:59:59.999,60357823.49909100,49933,480.19252000,32983556.82047340
2024-05-29 03:00:00,68684.60000000,68884.82000000,68681.38000000,68829.42000000,867.21207000,2024-05-29 03:59:59.999,59662527.37356620,37188,431.10700000,29656729.17984460
2024-05-29 04:00:00,68829.41000000,68935.68000000,68760.00000000,68843.53000000,790.02737000,2024-05-29 04:59:59.999,54399536.28349990,53200,391.96414000,26988518.71179400
2024-05-29 05:00:00,68843.53000000,68843.53000000,68572.66000000,68584.73000000,541.22086000,2024-05-29 05:59:59.999,37178776.06726090,27381,227.21184000,15608359.81291820
2024-05-29 06:00:00,68584.72000000,68667.72000000,68465.60000000,68513.33000000,572.66649000,2024-05-29 06:59:59.999,39274973.56532490,35103,261.93710000,17964854.12789000
2024-05-29 07:00:00,68513.32000000,68534.35000000,67936.35000000,67946.90000000,1532.58378000,2024-05-29 07:59:59.999,104555418.24187220,74911,654.56214000,44656098.82297720
2024-05-29 08:00:00,67946.89000000,67999.92000000,67602.34000000,67872.41000000,1494.12835000,2024-05-29 08:59:59.999,101319033.83940120,87195,770.24729000,52234629.71761690
2024-05-29 09:00:00,67872.41000000,68033.33000000,67685.45000000,67905.72000000,1084.98663000,2024-05-29 09:59:59.999,73612634.41794960,57488,483.73455000,32820253.16895170
2024-05-29 10:00:00,67905.72000000,68024.00000000,67802.95000000,67989.89000000,660.74316000,2024-05-29 10:59:59.999,44894385.35471750,37765,349.67307000,23759423.45874280
2024-05-29 11:00:00,67989.90000000,68001.25000000,67736.23000000,67763.59000000,696.81447000,2024-05-29 11:59:59.999,47287470.37122950,44251,300.75897000,20410120.04945630
2024-05-29 12:00:00,67763.59000000,68023.97000000,67567.21000000,67898.15000000,1328.33596000,2024-05-29 12:59:59.999,90101679.25759480,65496,761.71787000,51674505.53141890
2024-05-29 13:00:00,67898.14000000,68280.00000000,67569.55000000,67879.99000000,2334.69989000,2024-05-29 13:59:59.999,158482030.03544610,93009,1364.78659000,92647296.10066350
2024-05-29 14:00:00,67879.99000000,67952.39000000,67500.00000000,67635.01000000,1510.13450000,2024-05-29 14:59:59.999,102344504.39576340,61685,780.86119000,52927951.00286400
2024-05-29 15:00:00,67635.01000000,67855.69000000,67262.34000000,67379.13000000,1921.12359000,2024-05-29 15:59:59.999,129749865.52824210,111912,1003.64437000,67802538.55883640
2024-05-29 16:00:00,67379.13000000,67720.00000000,67124.65000000,67555.18000000,1592.49406000,2024-05-29 16:59:59.999,107296882.87496310,73558,873.78985000,58884541.29153500
2024-05-29 17:00:00,67555.18000000,67680.00000000,67329.99000000,67611.12000000,806.00111000,2024-05-29 17:59:59.999,54425393.81002000,48085,407.00156000,27487474.92153670
2024-05-29 18:00:00,67611.12000000,67623.10000000,67222.22000000,67392.83000000,729.97775000,2024-05-29 18:59:59.999,49206095.32207140,45535,345.68443000,23300668.26509420
2024-05-29 19:00:00,67392.82000000,67742.00000000,67216.01000000,67266.78000000,642.71264000,2024-05-29 19:59:59.999,43348464.33134010,35607,286.74000000,19340338.31289200
2024-05-29 20:00:00,67266.78000000,67494.57000000,67151.35000000,67485.76000000,563.60468000,2024-05-29 20:59:59.999,37943522.03256630,29928,332.27031000,22370352.21412190
2024-05-29 21:00:00,67485.76000000,67810.00000000,67325.08000000,67700.42000000,568.59190000,2024-05-29 21:59:59.999,38418627.73415630,44478,293.88255000,19859773.07779250
2024-05-29 22:00:00,67700.42000000,67826.09000000,67605.94000000,67680.01000000,395.25117000,2024-05-29 22:59:59.999,26754950.91651930,22438,180.04339000,12186862.60589750
2024-05-29 23:00:00,67680.01000000,67731.59000000,67576.06000000,67652.42000000,454.00680000,2024-05-29 23:59:59.999,30721275.79821110,23042,188.32910000,12743020.10216870
2024-05-30 00:00:00,67652.41000000,67843.32000000,67551.46000000,67583.00000000,555.86540000,2024-05-30 00:59:59.999,37638346.43960790,28445,217.95471000,14757709.12644820
2024-05-30 01:00:00,67582.99000000,67862.20000000,67471.67000000,67800.00000000,612.84693000,2024-05-30 01:59:59.999,41472487.46388910,29756,263.20444000,17814208.89219560
2024-05-30 02:00:00,67800.00000000,68199.97000000,67788.95000000,67949.10000000,958.14916000,2024-05-30 02:59:59.999,65171967.58643410,44065,561.14803000,38169519.95776700
2024-05-30 03:00:00,67949.11000000,68182.42000000,67924.00000000,68118.20000000,556.83878000,2024-05-30 03:59:59.999,37887012.12968740,28372,259.22806000,17637011.75043110
2024-05-30 04:00:00,68118.20000000,68422.89000000,67984.01000000,68163.00000000,835.69717000,2024-05-30 04:59:59.999,56998018.72688820,37992,396.85280000,27070281.33474980
2024-05-30 05:00:00,68163.00000000,68195.00000000,67967.66000000,68134.14000000,493.19867000,2024-05-30 05:59:59.999,33581887.43237500,32099,214.72816000,14620825.85705980
2024-05-30 06:00:00,68134.13000000,68180.46000000,67728.20000000,67831.25000000,1589.90858000,2024-05-30 06:59:59.999,107941944.48230260,66672,658.47794000,44709470.35876320
2024-05-30 07:00:00,67831.24000000,68037.22000000,67508.42000000,67584.56000000,1515.12996000,2024-05-30 07:59:59.999,102688908.12350960,74460,640.60259000,43413140.29059210
2024-05-30 08:00:00,67584.57000000,67769.11000000,67128.00000000,67688.96000000,1932.25524000,2024-05-30 08:59:59.999,130241389.38301180,85967,936.53067000,63135371.74255620
2024-05-30 09:00:00,67688.96000000,67759.99000000,67459.96000000,67745.94000000,882.44029000,2024-05-30 09:59:59.999,59692742.88759440,32858,512.87691000,34698277.06429130
2024-05-30 10:00:00,67745.94000000,67991.00000000,67541.82000000,67942.08000000,962.17703000,2024-05-30 10:59:59.999,65224588.66061220,39935,551.90843000,37413619.12952890
2024-05-30 11:00:00,67942.08000000,68100.00000000,67815.00000000,67817.01000000,808.98104000,2024-05-30 11:59:59.999,54971360.43439470,42194,351.39884000,23879167.06273860
2024-05-30 12:00:00,67817.01000000,68305.55000000,67755.00000000,68133.34000000,1631.16437000,2024-05-30 12:59:59.999,111064144.33094160,68523,768.29380000,52312332.49209070
2024-05-30 13:00:00,68133.34000000,68678.76000000,68050.00000000,68623.99000000,1849.16498000,2024-05-30 13:59:59.999,126413565.21882580,75931,931.55149000,63690771.52611810
2024-05-30 14:00:00,68623.99000000,68826.31000000,68256.29000000,68359.60000000,2033.11385000,2024-05-30 14:59:59.999,139484468.05813250,76765,1024.11569000,70273885.74559000
2024-05-30 15:00:00,68359.60000000,68612.00000000,68144.00000000,68530.76000000,1549.35568000,2024-05-30 15:59:59.999,106009749.51089260,68979,778.03257000,53243210.80781870
2024-05-30 16:00:00,68530.77000000,68691.64000000,68384.00000000,68676.00000000,988.43940000,2024-05-30 16:59:59.999,67737362.46730930,51766,468.72294000,32123643.00999450
2024-05-30 17:00:00,68676.00000000,69500.00000000,68664.00000000,69315.10000000,3039.26714000,2024-05-30 17:59:59.999,210208664.09728040,119090,1830.78110000,126606298.64236610
2024-05-30 18:00:00,69315.10000000,69420.00000000,69084.00000000,69360.13000000,1377.02896000,2024-05-30 18:59:59.999,95370183.02975820,53300,680.99218000,47162746.75901450
2024-05-30 19:00:00,69360.13000000,69366.46000000,68435.00000000,68653.02000000,1632.93357000,2024-05-30 19:59:59.999,112423965.87265230,69910,678.49318000,46694609.85165310
2024-05-30 20:00:00,68653.02000000,68657.41000000,68050.01000000,68475.99000000,1459.40802000,2024-05-30 20:59:59.999,99706746.60380730,65465,719.60461000,49164339.87452270
2024-05-30 21:00:00,68475.99000000,68534.00000000,68324.00000000,68416.76000000,402.57371000,2024-05-30 21:59:59.999,27546776.72153480,25935,237.20027000,16230723.13717360
2024-05-30 22:00:00,68416.75000000,68438.99000000,68241.79000000,68314.93000000,393.34939000,2024-05-30 22:59:59.999,26880060.78100350,23814,190.61592000,13026573.10140190
2024-05-30 23:00:00,68314.93000000,68518.86000000,68251.00000000,68352.17000000,418.93108000,2024-05-30 23:59:59.999,28644741.07914130,30558,201.05122000,13747507.66391770
2024-05-31 00:00:00,68352.17000000,68465.39000000,68274.00000000,68460.00000000,444.97701000,2024-05-31 00:59:59.999,30414344.97883090,35826,226.40615000,15473903.14610040
2024-05-31 01:00:00,68460.01000000,68626.20000000,68314.35000000,68440.00000000,624.30972000,2024-05-31 01:59:59.999,42761288.28539230,33138,312.63258000,21413975.06464660
2024-05-31 02:00:00,68439.99000000,68729.73000000,68430.00000000,68539.99000000,739.18653000,2024-05-31 02:59:59.999,50699424.21962510,33351,389.93003000,26748553.78000300
2024-05-31 03:00:00,68539.99000000,68628.39000000,68487.95000000,68535.81000000,323.49962000,2024-05-31 03:59:59.999,22177228.29190160,21865,127.17967000,8719068.10987130
2024-05-31 04:00:00,68535.81000000,68654.33000000,68486.00000000,68516.59000000,617.95424000,2024-05-31 04:59:59.999,42363256.17309790,27883,271.45109000,18608259.57872200
2024-05-31 05:00:00,68516.59000000,68516.59000000,68290.00000000,68442.72000000,633.98806000,2024-05-31 05:59:59.999,43355749.57428050,34965,275.21265000,18818476.26815770
2024-05-31 06:00:00,68442.72000000,68456.23000000,68225.52000000,68272.00000000,544.64439000,2024-05-31 06:59:59.999,37218457.25664290,29837,271.58813000,18559441.17254410
2024-05-31 07:00:00,68272.00000000,68431.88000000,68075.99000000,68174.99000000,957.89486000,2024-05-31 07:59:59.999,65375061.11056800,40258,475.37936000,32449768.83451020
2024-05-31 08:00:00,68175.00000000,68310.90000000,68130.77000000,68136.00000000,558.93805000,2024-05-31 08:59:59.999,38131180.69205980,33726,300.14037000,20474782.64721130
2024-05-31 09:00:00,68136.01000000,68184.40000000,67876.00000000,67950.00000000,931.05259000,2024-05-31 09:59:59.999,63294118.95101690,38210,408.45994000,27767265.56900720
2024-05-31 10:00:00,67950.00000000,68333.33000000,67930.00000000,68333.33000000,860.56960000,2024-05-31 10:59:59.999,58667764.83525730,38778,503.89288000,34349219.93677700
2024-05-31 11:00:00,68333.33000000,68461.00000000,68280.00000000,68349.73000000,945.90215000,2024-05-31 11:59:59.999,64671848.21780480,43283,456.75872000,31230079.98998760
2024-05-31 12:00:00,68349.73000000,69044.10000000,68320.77000000,68643.59000000,2494.19878000,2024-05-31 12:59:59.999,171494483.80394370,95599,1322.65454000,90944530.17151460
2024-05-31 13:00:00,68643.59000000,68821.01000000,68025.02000000,68078.34000000,2141.49344000,2024-05-31 13:59:59.999,146585793.40998030,81553,971.06135000,66465424.58209790
2024-05-31 14:00:00,68078.34000000,68078.34000000,67264.46000000,67501.76000000,3540.97557000,2024-05-31 14:59:59.999,239730307.35353420,130580,1680.85119000,113811037.93812580
2024-05-31 15:00:00,67501.76000000,67548.38000000,67200.00000000,67215.58000000,1662.47327000,2024-05-31 15:59:59.999,111997321.34883240,71287,835.95099000,56325003.44831440
2024-05-31 16:00:00,67215.58000000,67352.41000000,66670.00000000,67200.01000000,2882.03187000,2024-05-31 16:59:59.999,193027577.87869030,129811,1413.96186000,94687657.12445490
2024-05-31 17:00:00,67200.01000000,67459.66000000,67160.30000000,67342.77000000,885.94352000,2024-05-31 17:59:59.999,59648312.11215440,45379,458.97298000,30900248.47386420
2024-05-31 18:00:00,67342.77000000,67444.47000000,67170.00000000,67414.88000000,952.07983000,2024-05-31 18:59:59.999,64104677.35285820,41828,492.84501000,33183752.69783390
2024-05-31 19:00:00,67414.88000000,67999.00000000,67342.24000000,67681.00000000,1643.46289000,2024-05-31 19:59:59.999,111233664.88914880,59982,969.59291000,65628219.13852690
2024-05-31 20:00:00,67681.00000000,67798.00000000,67600.00000000,67709.04000000,526.31866000,2024-05-31 20:59:59.999,35627426.55213540,25038,264.48988000,17903510.34264460
2024-05-31 21:00:00,67709.04000000,67710.00000000,67500.00000000,67564.91000000,552.26479000,2024-05-31 21:59:59.999,37341350.33870460,25276,231.94261000,15684530.67420400
2024-05-31 22:00:00,67564.91000000,67668.00000000,67509.51000000,67509.52000000,379.27151000,2024-05-31 22:59:59.999,25645344.43977160,20577,190.15147000,12857523.03538210
2024-05-31 23:00:00,67509.52000000,67602.60000000,67239.19000000,67540.01000000,846.89089000,2024-05-31 23:59:59.999,57093070.18344470,39830,406.59546000,27409968.39167520
2024-06-01 00:00:00,67540.01000000,67703.89000000,67507.39000000,67655.66000000,569.87074000,2024-06-01 00:59:59.999,38531227.41521800,27480,282.82932000,19123338.56414210
2024-06-01 01:00:00,67655.66000000,67710.29000000,67428.44000000,67560.00000000,566.55975000,2024-06-01 01:59:59.999,38277220.98825210,23621,227.59647000,15375698.43831350
2024-06-01 02:00:00,67560.00000000,67740.00000000,67546.52000000,67729.05000000,327.71958000,2024-06-01 02:59:59.999,22174701.88711620,17676,174.19432000,11786656.75553030
2024-06-01 03:00:00,67729.05000000,67757.14000000,67623.24000000,67715.31000000,313.20132000,2024-06-01 03:59:59.999,21203326.57446960,17634,140.13703000,9487085.59390820
2024-06-01 04:00:00,67715.31000000,67763.81000000,67656.00000000,67680.01000000,315.96397000,2024-06-01 04:59:59.999,21395016.82559630,17853,136.41640000,9236983.87787740
2024-06-01 05:00:00,67680.01000000,67810.00000000,67603.00000000,67686.35000000,316.72396000,2024-06-01 05:59:59.999,21439336.40132190,35613,135.68562000,9185139.36890360
2024-06-01 06:00:00,67686.35000000,67729.87000000,67607.94000000,67693.32000000,266.23887000,2024-06-01 06:59:59.999,18016243.62666700,20106,133.14606000,9009940.26630980
2024-06-01 07:00:00,67693.32000000,67733.01000000,67575.23000000,67632.08000000,351.80708000,2024-06-01 07:59:59.999,23800086.96734230,28474,150.69643000,10195406.38084210
2024-06-01 08:00:00,67632.07000000,67741.06000000,67611.61000000,67704.00000000,376.44780000,2024-06-01 08:59:59.999,25473893.88659380,21456,173.79245000,11760766.52833700
2024-06-01 09:00:00,67704.00000000,67760.00000000,67635.00000000,67706.69000000,349.38935000,2024-06-01 09:59:59.999,23653981.02660050,45153,181.62293000,12296733.19072380
2024-06-01 10:00:00,67706.69000000,67750.00000000,67627.32000000,67627.33000000,317.62668000,2024-06-01 10:59:59.999,21502290.92689390,21287,155.16266000,10504698.80082690
2024-06-01 11:00:00,67627.33000000,67694.00000000,67627.32000000,67660.57000000,249.68951000,2024-06-01 11:59:59.999,16895731.80152530,19722,127.59900000,8633973.85487710
2024-06-01 12:00:00,67660.57000000,67872.50000000,67640.00000000,67717.76000000,408.22840000,2024-06-01 12:59:59.999,27653663.95185310,24706,219.46720000,14866755.66795900
2024-06-01 13:00:00,67717.76000000,67837.00000000,67714.28000000,67720.01000000,419.26976000,2024-06-01 13:59:59.999,28424665.05663160,22898,225.35860000,15278579.49522560
2024-06-01 14:00:00,67720.01000000,67870.00000000,67673.00000000,67803.34000000,379.00520000,2024-06-01 14:59:59.999,25691101.16977400,23849,222.87299000,15107803.07646150
2024-06-01 15:00:00,67803.33000000,67824.00000000,67668.01000000,67691.28000000,321.49058000,2024-06-01 15:59:59.999,21790861.72306610,25157,142.83489000,9681122.32920640
2024-06-01 16:00:00,67691.28000000,67719.99000000,67612.00000000,67700.01000000,304.87310000,2024-06-01 16:59:59.999,20633236.23704480,30842,155.15838000,10500859.03539650
2024-06-01 17:00:00,67700.01000000,67900.00000000,67556.72000000,67791.02000000,1177.16281000,2024-06-01 17:59:59.999,79671396.22413890,53510,545.18593000,36910579.46093440
2024-06-01 18:00:00,67791.02000000,67821.73000000,67726.32000000,67750.71000000,277.11069000,2024-06-01 18:59:59.999,18777645.46406260,23805,143.95874000,9754899.36554520
2024-06-01 19:00:00,67750.70000000,67782.64000000,67685.72000000,67753.76000000,174.52798000,2024-06-01 19:59:59.999,11821931.55410760,21454,75.43699000,5109856.23179680
2024-06-01 20:00:00,67753.76000000,67796.54000000,67700.00000000,67796.54000000,337.18395000,2024-06-01 20:59:59.999,22839691.67705000,23890,137.25182000,9297780.72550640
2024-06-01 21:00:00,67796.54000000,67820.20000000,67713.23000000,67760.01000000,290.36113000,2024-06-01 21:59:59.999,19678505.85967590,39754,144.43112000,9788920.61374350
2024-06-01 22:00:00,67760.01000000,67885.00000000,67710.00000000,67765.40000000,263.44950000,2024-06-01 22:59:59.999,17860656.42083730,32516,115.81099000,7851628.07928350
2024-06-01 23:00:00,67765.41000000,67819.78000000,67723.00000000,67766.85000000,163.75962000,2024-06-01 23:59:59.999,11098794.32736580,20028,88.62411000,6006854.70124230
2024-06-02 00:00:00,67766.84000000,67910.55000000,67744.00000000,67889.00000000,298.77105000,2024-06-02 00:59:59.999,20259714.20435260,24536,156.62596000,10620428.73896090
2024-06-02 01:00:00,67888.99000000,67900.00000000,67710.00000000,67755.00000000,408.07620000,2024-06-02 01:59:59.999,27669778.92651200,22574,202.25626000,13713121.74242680
2024-06-02 02:00:00,67755.00000000,67815.00000000,67643.33000000,67733.26000000,340.27499000,2024-06-02 02:59:59.999,23052755.35478500,29598,144.08060000,9761242.50365640
2024-06-02 03:00:00,67733.25000000,67807.99000000,67726.31000000,67789.47000000,240.10946000,2024-06-02 03:59:59.999,16275110.78211870,15717,113.28755000,7678190.26978300
2024-06-02 04:00:00,67789.48000000,67852.63000000,67745.18000000,67852.62000000,179.28516000,2024-06-02 04:59:59.999,12155935.18633050,38533,95.90656000,6502896.43852110
2024-06-02 05:00:00,67852.62000000,67867.60000000,67728.40000000,67728.40000000,208.19005000,2024-06-02 05:59:59.999,14114074.97901520,18766,78.01270000,5288935.46012120
2024-06-02 06:00:00,67728.41000000,67852.33000000,67724.60000000,67841.09000000,326.57495000,2024-06-02 06:59:59.999,22142271.42425500,18926,187.42008000,12707830.56950380
2024-06-02 07:00:00,67841.09000000,67842.91000000,67720.41000000,67721.00000000,342.48176000,2024-06-02 07:59:59.999,23206201.54050890,28500,167.87593000,11374351.21909450
2024-06-02 08:00:00,67721.01000000,67812.57000000,67671.81000000,67750.67000000,357.78944000,2024-06-02 08:59:59.999,24242895.25435070,22784,173.03273000,11724181.94279070
2024-06-02 09:00:00,67750.68000000,67772.65000000,67377.79000000,67529.99000000,1006.07274000,2024-06-02 09:59:59.999,67976161.52522270,49253,353.34175000,23868812.80550580
2024-06-02 10:00:00,67530.00000000,67581.97000000,67367.20000000,67529.99000000,381.18834000,2024-06-02 10:59:59.999,25727187.00624930,23244,178.16918000,12024511.75480290
2024-06-02 11:00:00,67530.00000000,68320.08000000,67492.60000000,68251.52000000,1213.97200000,2024-06-02 11:59:59.999,82507871.26563150,63322,796.27656000,54108893.02913040
2024-06-02 12:00:00,68251.53000000,68305.00000000,67852.24000000,67934.99000000,941.82256000,2024-06-02 12:59:59.999,64106385.00616420,46922,443.94047000,30220266.86811130
2024-06-02 13:00:00,67934.99000000,68214.66000000,67800.00000000,68165.98000000,722.27646000,2024-06-02 13:59:59.999,49127107.93295000,34539,352.89735000,24009916.00595410
2024-06-02 14:00:00,68165.97000000,68460.00000000,68073.65000000,68252.50000000,2085.25292000,2024-06-02 14:59:59.999,142301446.44583110,61184,1264.41364000,86284407.72034490
2024-06-02 15:00:00,68252.51000000,68297.12000000,68016.19000000,68142.17000000,465.81443000,2024-06-02 15:59:59.999,31732682.04823540,26716,224.02452000,15259739.55927080
2024-06-02 16:00:00,68142.18000000,68200.00000000,67980.00000000,68103.63000000,440.27640000,2024-06-02 16:59:59.999,29976348.42096920,30258,198.12552000,13489106.88253190
2024-06-02 17:00:00,68103.63000000,68103.64000000,67808.66000000,67879.28000000,1181.95687000,2024-06-02 17:59:59.999,80301323.39949420,53162,587.48573000,39913680.56014430
2024-06-02 18:00:00,67879.27000000,67879.28000000,67456.88000000,67697.14000000,1480.43326000,2024-06-02 18:59:59.999,100126067.51605590,63418,732.50765000,49538350.57345310
2024-06-02 19:00:00,67697.14000000,67798.00000000,67257.47000000,67736.95000000,1565.51294000,2024-06-02 19:59:59.999,105714334.50996080,61205,713.84135000,48208681.72065900
2024-06-02 20:00:00,67736.95000000,67831.21000000,67577.65000000,67831.20000000,365.03156000,2024-06-02 20:59:59.999,24712931.22379220,22627,176.19158000,11928719.95412810
2024-06-02 21:00:00,67831.21000000,67902.12000000,67755.00000000,67816.14000000,263.27949000,2024-06-02 21:59:59.999,17861134.08269930,18103,118.26816000,8023956.10836530
2024-06-02 22:00:00,67816.13000000,67984.01000000,67809.96000000,67927.99000000,330.59344000,2024-06-02 22:59:59.999,22445499.15161620,23665,170.55911000,11579957.79351930
2024-06-02 23:00:00,67928.00000000,67984.01000000,67765.62000000,67765.63000000,281.28882000,2024-06-02 23:59:59.999,19092448.19583070,14796,131.69283000,8938740.90544260
2024-06-03 00:00:00,67765.62000000,67873.87000000,67612.48000000,67823.99000000,545.42052000,2024-06-03 00:59:59.999,36952589.82456090,25542,257.79579000,17466760.22238420
2024-06-03 01:00:00,67824.00000000,68553.67000000,67823.80000000,68476.01000000,1377.62869000,2024-06-03 01:59:59.999,94044470.63867240,61426,810.04244000,55288985.48267420
2024-06-03 02:00:00,68476.01000000,68793.97000000,68404.51000000,68416.08000000,1163.43425000,2024-06-03 02:59:59.999,79842066.79569410,44114,590.83328000,40550926.04927690
2024-06-03 03:00:00,68416.09000000,68518.70000000,68201.00000000,68382.81000000,722.42687000,2024-06-03 03:59:59.999,49382226.69926120,31830,330.15413000,22565205.82748520
2024-06-03 04:00:00,68382.80000000,68600.00000000,68285.29000000,68510.00000000,809.57781000,2024-06-03 04:59:59.999,55394848.14760800,36412,395.50561000,27064200.90811490
2024-06-03 05:00:00,68510.00000000,68780.00000000,68441.16000000,68700.00000000,803.11096000,2024-06-03 05:59:59.999,55120763.26418150,33881,416.82135000,28608677.11437480
2024-06-03 06:00:00,68699.99000000,69221.00000000,68632.01000000,69038.94000000,2491.91796000,2024-06-03 06:59:59.999,171931860.79977260,101676,1393.61301000,96145431.55543720
2024-06-03 07:00:00,69038.94000000,69179.62000000,68804.00000000,68906.70000000,1420.73895000,2024-06-03 07:59:59.999,98051588.76916270,54701,753.92263000,52038123.66175270
2024-06-03 08:00:00,68906.70000000,69333.00000000,68906.69000000,69142.55000000,1257.93453000,2024-06-03 08:59:59.999,87000123.22012290,52387,664.60218000,45962331.16965150
2024-06-03 09:00:00,69142.54000000,69187.06000000,68913.72000000,69014.88000000,669.33080000,2024-06-03 09:59:59.999,46225133.03924130,33872,363.01198000,25072056.99988370
2024-06-03 10:00:00,69014.89000000,69186.79000000,68876.98000000,68907.99000000,1001.70426000,2024-06-03 10:59:59.999,69145428.80567700,38297,445.06488000,30723065.07312720
2024-06-03 11:00:00,68908.00000000,69248.99000000,68824.00000000,69080.00000000,897.94818000,2024-06-03 11:59:59.999,62024268.24417820,40359,450.34473000,31104036.75398560
2024-06-03 12:00:00,69080.00000000,69769.30000000,69075.40000000,69746.23000000,1886.90789000,2024-06-03 12:59:59.999,131064991.61385270,91379,1033.16326000,71768637.48525810
2024-06-03 13:00:00,69746.23000000,70288.00000000,69521.04000000,69795.34000000,2750.03730000,2024-06-03 13:59:59.999,192225055.31904080,103765,1557.06310000,108861785.75605050
2024-06-03 14:00:00,69795.33000000,70079.67000000,68500.00000000,68776.01000000,3731.05685000,2024-06-03 14:59:59.999,258588599.38631270,148502,1884.34184000,130594438.63742010
2024-06-03 15:00:00,68776.01000000,69631.16000000,68760.00000000,69615.28000000,1863.02683000,2024-06-03 15:59:59.999,128949670.56588560,78510,1019.93347000,70606804.04140430
2024-06-03 16:00:00,69615.27000000,69715.61000000,68899.89000000,69080.02000000,1608.62393000,2024-06-03 16:59:59.999,111460021.50884380,65848,712.10362000,49345599.34995740
2024-06-03 17:00:00,69080.02000000,69389.92000000,68800.00000000,69268.97000000,786.01880000,2024-06-03 17:59:59.999,54328959.92300000,39659,372.41139000,25740735.62276850
2024-06-03 18:00:00,69268.98000000,69444.49000000,69162.98000000,69288.41000000,653.12456000,2024-06-03 18:59:59.999,45279204.81384160,29030,327.90241000,22730852.02776070
2024-06-03 19:00:00,69288.41000000,69296.68000000,69021.77000000,69204.00000000,668.62340000,2024-06-03 19:59:59.999,46216093.09997460,28544,333.13168000,23025281.81683410
2024-06-03 20:00:00,69204.00000000,69509.38000000,69101.27000000,69101.28000000,924.92879000,2024-06-03 20:59:59.999,64168034.87235760,32422,461.87556000,32043067.56914930
2024-06-03 21:00:00,69101.28000000,69191.86000000,68899.51000000,69081.17000000,561.30151000,2024-06-03 21:59:59.999,38768818.89718140,30563,275.58858000,19035137.32586360
2024-06-03 22:00:00,69081.17000000,69144.33000000,68810.00000000,69042.51000000,569.52117000,2024-06-03 22:59:59.999,39287507.84781090,27493,274.51480000,18942023.75020010
2024-06-03 23:00:00,69042.51000000,69062.19000000,68730.51000000,68809.90000000,469.02919000,2024-06-03 23:59:59.999,32304750.13060120,23577,184.93103000,12740540.15255840
2024-06-04 00:00:00,68809.89000000,69090.90000000,68629.90000000,69001.41000000,885.47608000,2024-06-04 00:59:59.999,60970459.95887930,35786,492.24022000,33896016.63409120
2024-06-04 01:00:00,69001.40000000,69215.41000000,68900.60000000,69215.40000000,495.15752000,2024-06-04 01:59:59.999,34207917.53458000,25273,250.59376000,17312494.86057710
2024-06-04 02:00:00,69215.41000000,69306.67000000,69080.80000000,69139.57000000,426.69517000,2024-06-04 02:59:59.999,29523832.11775610,23387,197.93898000,13697215.59269650
2024-06-04 03:00:00,69139.58000000,69370.01000000,69114.98000000,69170.22000000,388.66215000,2024-06-04 03:59:59.999,26911281.75696840,22271,202.43012000,14016349.86794550
2024-06-04 04:00:00,69170.22000000,69268.27000000,69057.12000000,69061.22000000,385.62215000,2024-06-04 04:59:59.999,26683197.60596850,22358,201.32168000,13931264.73193500
2024-06-04 05:00:00,69061.22000000,69156.16000000,68914.28000000,68956.01000000,450.12894000,2024-06-04 05:59:59.999,31077004.43287060,22604,195.34404000,13487500.29397250
2024-06-04 06:00:00,68956.01000000,69039.71000000,68745.68000000,68905.43000000,1152.10393000,2024-06-04 06:59:59.999,79360943.07751930,44777,562.98366000,38777249.02764500
2024-06-04 07:00:00,68905.43000000,69074.82000000,68894.21000000,69013.63000000,562.89903000,2024-06-04 07:59:59.999,38846405.47120680,25983,306.11049000,21124782.16829920
2024-06-04 08:00:00,69013.62000000,69191.99000000,68827.00000000,68836.54000000,719.36611000,2024-06-04 08:59:59.999,49655592.55364230,35095,297.66407000,20549869.18688300
2024-06-04 09:00:00,68836.54000000,68890.01000000,68567.32000000,68717.92000000,1253.78456000,2024-06-04 09:59:59.999,86153583.98586730,47354,537.03696000,36901676.26852380
2024-06-04 10:00:00,68717.92000000,68958.00000000,68701.83000000,68890.66000000,651.64527000,2024-06-04 10:59:59.999,44861843.16156200,51841,385.23488000,26519233.38231340
2024-06-04 11:00:00,68890.66000000,69030.00000000,68841.87000000,68955.85000000,518.48705000,2024-06-04 11:59:59.999,35738993.25561800,34649,222.83360000,15358907.28385320
2024-06-04 12:00:00,68955.84000000,69155.50000000,68843.73000000,68946.56000000,981.79689000,2024-06-04 12:59:59.999,67736774.82053000,42519,488.25310000,33683139.44395390
2024-06-04 13:00:00,68946.56000000,69830.75000000,68946.55000000,69527.99000000,2310.51288000,2024-06-04 13:59:59.999,160527442.07973670,94377,1237.04889000,85939782.45233060
2024-06-04 14:00:00,69527.99000000,70089.99000000,69319.79000000,69651.49000000,3400.63908000,2024-06-04 14:59:59.999,237202758.13913260,136352,1682.35904000,117365487.96060560
2024-06-04 15:00:00,69651.49000000,70480.00000000,69463.83000000,70445.00000000,3308.73493000,2024-06-04 15:59:59.999,231850900.54571660,114712,1737.74586000,121794116.21392090
2024-06-04 16:00:00,70445.00000000,70999.00000000,70388.17000000,70800.00000000,3577.03841000,2024-06-04 16:59:59.999,252960425.83290000,188513,1911.62556000,135163675.68312920
2024-06-04 17:00:00,70800.00000000,70833.52000000,70360.40000000,70564.00000000,1477.20962000,2024-06-04 17:59:59.999,104273859.90398080,52269,667.35712000,47109631.46230640
2024-06-04 18:00:00,70564.01000000,71063.45000000,70564.00000000,70693.67000000,2685.01525000,2024-06-04 18:59:59.999,190292861.91455020,73962,1486.11662000,105335953.85620560
2024-06-04 19:00:00,70693.67000000,70727.76000000,70092.50000000,70423.60000000,1513.09125000,2024-06-04 19:59:59.999,106535869.45133490,53097,689.91321000,48564713.21787760
2024-06-04 20:00:00,70423.61000000,70550.00000000,70168.67000000,70402.69000000,676.26117000,2024-06-04 20:59:59.999,47557871.95876970,29693,306.31789000,21544329.40156600
2024-06-04 21:00:00,70402.69000000,70630.08000000,70340.41000000,70620.00000000,560.36634000,2024-06-04 21:59:59.999,39501359.41433830,23524,279.56845000,19708749.69980570
2024-06-04 22:00:00,70620.01000000,70736.00000000,70510.00000000,70561.30000000,756.17993000,2024-06-04 22:59:59.999,53406512.57551320,31197,362.51869000,25601617.83128040
2024-06-04 23:00:00,70561.31000000,70610.00000000,70414.90000000,70537.84000000,482.91118000,2024-06-04 23:59:59.999,34064445.44429850,22922,222.41045000,15687485.10676350
2024-06-05 00:00:00,70537.83000000,70900.00000000,70423.51000000,70776.00000000,1036.06996000,2024-06-05 00:59:59.999,73215789.86153040,38889,559.36030000,39529511.69713420
2024-06-05 01:00:00,70775.99000000,71275.00000000,70646.16000000,70986.30000000,1527.72558000,2024-06-05 01:59:59.999,108479039.97250890,58516,897.45938000,63728365.35686190
2024-06-05 02:00:00,70986.29000000,71140.30000000,70672.08000000,70837.96000000,1397.29959000,2024-06-05 02:59:59.999,99100809.95482180,48201,668.73523000,47433214.72911800
2024-06-05 03:00:00,70837.96000000,70991.73000000,70768.00000000,70947.58000000,786.32991000,2024-06-05 03:59:59.999,55719611.75059710,30053,357.94846000,25365262.19399480
2024-06-05 04:00:00,70947.58000000,71260.00000000,70826.15000000,71168.53000000,1358.27161000,2024-06-05 04:59:59.999,96560921.66859990,49080,789.28512000,56115126.37678310
2024-06-05 05:00:00,71168.54000000,71196.00000000,70884.61000000,70999.99000000,804.58799000,2024-06-05 05:59:59.999,57123889.48375100,32399,366.55208000,26020520.69993850
2024-06-05 06:00:00,70999.99000000,71150.00000000,70850.00000000,71119.05000000,1231.70706000,2024-06-05 06:59:59.999,87426615.65184320,34158,582.07145000,41321138.57079400
2024-06-05 07:00:00,71119.06000000,71379.21000000,71032.60000000,71200.00000000,1297.93292000,2024-06-05 07:59:59.999,92430026.27306870,47179,704.92269000,50202234.68037490
2024-06-05 08:00:00,71199.99000000,71243.60000000,70880.40000000,70927.57000000,1095.54386000,2024-06-05 08:59:59.999,77809253.37944950,35421,528.80018000,37555665.94055660
2024-06-05 09:00:00,70927.57000000,71032.08000000,70825.00000000,70894.19000000,758.70704000,2024-06-05 09:59:59.999,53809533.47322320,29514,337.77823000,23959105.95638910
2024-06-05 10:00:00,70894.20000000,70908.59000000,70725.03000000,70800.33000000,860.62926000,2024-06-05 10:59:59.999,60945338.08251210,32622,361.61768000,25608761.88562500
2024-06-05 11:00:00,70800.33000000,71093.96000000,70694.61000000,70971.71000000,740.44670000,2024-06-05 11:59:59.999,52506425.00194380,33132,378.27997000,26825776.08577510
2024-06-05 12:00:00,70971.70000000,71120.00000000,70652.60000000,70940.01000000,1417.83072000,2024-06-05 12:59:59.999,100533567.45184510,49548,680.08517000,48224216.39663750
2024-06-05 13:00:00,70940.01000000,71169.99000000,70588.00000000,70730.70000000,1685.49480000,2024-06-05 13:59:59.999,119513735.28724500,55324,763.68880000,54161913.16281050
2024-06-05 14:00:00,70730.70000000,71080.00000000,70383.66000000,70867.99000000,1853.41573000,2024-06-05 14:59:59.999,131106606.03398600,64297,946.99940000,66989414.47555240
2024-06-05 15:00:00,70867.99000000,71731.35000000,70775.00000000,71580.00000000,2767.85879000,2024-06-05 15:59:59.999,197590036.20377170,94079,1562.36100000,111534276.68723900
2024-06-05 16:00:00,71580.01000000,71758.00000000,71268.00000000,71312.77000000,1520.33366000,2024-06-05 16:59:59.999,108768859.58231920,60027,678.74025000,48555665.34861360
2024-06-05 17:00:00,71312.78000000,71704.00000000,71231.48000000,71628.98000000,1367.90189000,2024-06-05 17:59:59.999,97797980.79831580,45773,682.64078000,48799073.75517870
2024-06-05 18:00:00,71628.98000000,71748.22000000,70895.15000000,71096.81000000,1778.53896000,2024-06-05 18:59:59.999,126686856.58607510,61894,822.97860000,58634841.97850890
2024-06-05 19:00:00,71096.80000000,71398.73000000,70871.20000000,71279.95000000,937.98536000,2024-06-05 19:59:59.999,66689960.86924560,41297,423.33546000,30094719.12216970
2024-06-05 20:00:00,71279.95000000,71357.68000000,71160.00000000,71196.02000000,699.46084000,2024-06-05 20:59:59.999,49831805.59167130,29828,303.70774000,21635230.50745600
2024-06-05 21:00:00,71196.02000000,71211.34000000,71036.31000000,71138.42000000,363.26274000,2024-06-05 21:59:59.999,25833946.62915300,20396,161.42872000,11480149.68430680
2024-06-05 22:00:00,71138.43000000,71274.11000000,71090.00000000,71144.86000000,381.44972000,2024-06-05 22:59:59.999,27151286.94580480,21427,171.91486000,12236550.54948980
2024-06-05 23:00:00,71144.85000000,71294.47000000,70700.00000000,71108.00000000,1034.39613000,2024-06-05 23:59:59.999,73441869.33435740,42061,479.54237000,34043189.94977330
2024-06-06 00:00:00,71108.00000000,71183.99000000,70955.99000000,71018.06000000,470.98831000,2024-06-06 00:59:59.999,33484118.98705110,25523,214.57174000,15255606.57773150
2024-06-06 01:00:00,71018.06000000,71189.97000000,70900.00000000,71124.00000000,491.92883000,2024-06-06 01:59:59.999,34958765.60911930,24892,212.77756000,15120790.31969620
2024-06-06 02:00:00,71124.01000000,71237.02000000,71103.70000000,71160.00000000,454.18419000,2024-06-06 02:59:59.999,32324579.86597470,22556,202.42943000,14407220.70541310
2024-06-06 03:00:00,71160.01000000,71188.00000000,71012.34000000,71050.00000000,421.21498000,2024-06-06 03:59:59.999,29948553.58965860,20844,154.60174000,10991863.30416550
2024-06-06 04:00:00,71050.00000000,71106.46000000,70909.70000000,71054.52000000,591.72521000,2024-06-06 04:59:59.999,42019609.51109460,33327,261.88207000,18597165.46639850
2024-06-06 05:00:00,71054.51000000,71084.40000000,70800.00000000,70895.45000000,668.78311000,2024-06-06 05:59:59.999,47410213.44686760,28959,277.22103000,19653135.43447770
2024-06-06 06:00:00,70895.45000000,71037.72000000,70804.00000000,70887.99000000,577.39715000,2024-06-06 06:59:59.999,40948574.33378720,25944,312.25803000,22147981.20165990
2024-06-06 07:00:00,70888.00000000,71069.62000000,70853.23000000,71021.47000000,603.86899000,2024-06-06 07:59:59.999,42843352.57923060,24161,302.91270000,21492416.43397640
2024-06-06 08:00:00,71021.46000000,71039.50000000,70862.50000000,70904.01000000,518.12755000,2024-06-06 08:59:59.999,36750065.57926430,24549,248.48578000,17623843.24905800
2024-06-06 09:00:00,70904.01000000,71147.28000000,70904.00000000,70978.88000000,567.45225000,2024-06-06 09:59:59.999,40288080.86525090,28985,300.90365000,21362499.24456400
2024-06-06 10:00:00,70978.89000000,71000.00000000,70892.50000000,70988.00000000,426.66814000,2024-06-06 10:59:59.999,30268808.82275190,29188,211.35632000,14994286.23566240
2024-06-06 11:00:00,70988.01000000,71204.59000000,70935.01000000,71170.01000000,798.77919000,2024-06-06 11:59:59.999,56779848.22879710,34973,419.51604000,29819423.62169190
2024-06-06 12:00:00,71170.01000000,71443.60000000,71052.97000000,71187.17000000,1387.14463000,2024-06-06 12:59:59.999,98798401.33741540,56701,671.36960000,47821254.72372780
2024-06-06 13:00:00,71187.18000000,71535.95000000,71000.00000000,71123.09000000,1918.70297000,2024-06-06 13:59:59.999,136752538.15130380,66146,937.55658000,66829677.00936150
2024-06-06 14:00:00,71123.10000000,71520.00000000,71020.57000000,71464.57000000,1587.29162000,2024-06-06 14:59:59.999,113101633.97291660,54203,842.87413000,60068933.98817500
2024-06-06 15:00:00,71464.56000000,71700.00000000,71250.61000000,71300.00000000,1524.31210000,2024-06-06 15:59:59.999,108974135.50071300,53747,801.45618000,57310062.84269240
2024-06-06 16:00:00,71300.00000000,71379.93000000,70825.00000000,70948.95000000,2206.41270000,2024-06-06 16:59:59.999,156823672.26570430,71855,930.02990000,66086741.88337810
2024-06-06 17:00:00,70948.95000000,71225.01000000,70800.00000000,71098.31000000,1300.39004000,2024-06-06 17:59:59.999,92366638.03265400,49987,599.69076000,42590061.95153340
2024-06-06 18:00:00,71098.30000000,71158.87000000,70871.57000000,71075.00000000,591.43061000,2024-06-06 18:59:59.999,42005790.14558670,33381,266.21439000,18906937.77547680
2024-06-06 19:00:00,71075.00000000,71078.73000000,70450.00000000,70479.49000000,1416.32041000,2024-06-06 19:59:59.999,100195169.78034110,58109,523.56432000,37034721.87053510
2024-06-06 20:00:00,70479.49000000,70742.49000000,70117.64000000,70720.01000000,1649.27420000,2024-06-06 20:59:59.999,116198201.52745570,58175,755.36923000,53230806.06952280
2024-06-06 21:00:00,70720.01000000,70859.81000000,70667.00000000,70740.51000000,409.43665000,2024-06-06 21:59:59.999,28969806.66721560,22369,204.94200000,14500078.61113380
2024-06-06 22:00:00,70740.51000000,70920.76000000,70664.00000000,70901.01000000,656.50420000,2024-06-06 22:59:59.999,46490862.99782310,24418,358.70397000,25402374.21619440
2024-06-06 23:00:00,70901.01000000,70958.89000000,70748.80000000,70799.06000000,603.66646000,2024-06-06 23:59:59.999,42766237.35631940,27234,276.70395000,19601311.49417280
2024-06-07 00:00:00,70799.06000000,70883.60000000,70740.00000000,70883.05000000,403.79489000,2024-06-07 00:59:59.999,28602283.67896430,20349,185.77089000,13158341.08939430
2024-06-07 01:00:00,70883.05000000,70900.00000000,70670.48000000,70840.01000000,493.06368000,2024-06-07 01:59:59.999,34906641.93284620,21551,221.70093000,15693970.99440790
2024-06-07 02:00:00,70840.00000000,70872.06000000,70663.59000000,70824.08000000,469.58357000,2024-06-07 02:59:59.999,33233919.97054060,22066,244.34023000,17293409.52124050
2024-06-07 03:00:00,70824.09000000,71015.20000000,70741.20000000,70989.68000000,456.07768000,2024-06-07 03:59:59.999,32336335.47001140,26609,244.63564000,17345493.42690450
2024-06-07 04:00:00,70989.69000000,71274.70000000,70989.68000000,71226.52000000,1041.73348000,2024-06-07 04:59:59.999,74139007.83319880,36612,634.85420000,45181654.15567130
2024-06-07 05:00:00,71226.52000000,71449.98000000,71170.00000000,71290.60000000,1688.26465000,2024-06-07 05:59:59.999,120368240.37575000,47892,935.31545000,66682663.18338460
2024-06-07 06:00:00,71290.60000000,71353.06000000,71162.38000000,71265.70000000,589.45023000,2024-06-07 06:59:59.999,42004151.37191370,25921,285.24172000,20326191.90938090
2024-06-07 07:00:00,71265.70000000,71310.80000000,71068.16000000,71110.00000000,854.07909000,2024-06-07 07:59:59.999,60787023.85176600,30435,411.29313000,29273791.47294740
2024-06-07 08:00:00,71110.01000000,71192.40000000,71048.12000000,71117.20000000,754.25811000,2024-06-07 08:59:59.999,53641355.11867490,31084,379.40017000,26980919.40617580
2024-06-07 09:00:00,71117.20000000,71307.28000000,71060.50000000,71302.07000000,605.73366000,2024-06-07 09:59:59.999,43106247.84187440,27688,299.81293000,21336558.12474600
2024-06-07 10:00:00,71302.06000000,71434.86000000,71202.40000000,71377.38000000,577.69729000,2024-06-07 10:59:59.999,41201079.64642710,31590,283.95463000,20252211.81186260
2024-06-07 11:00:00,71377.37000000,71700.00000000,71303.40000000,71699.99000000,1238.41758000,2024-06-07 11:59:59.999,88578620.32830350,50186,764.14789000,54668457.24512470
2024-06-07 12:00:00,71700.00000000,71997.02000000,70633.21000000,71234.09000000,5660.13497000,2024-06-07 12:59:59.999,403705022.62253510,228143,2920.17702000,208459865.01648920
2024-06-07 13:00:00,71234.09000000,71655.04000000,71056.70000000,71534.60000000,1555.22338000,2024-06-07 13:59:59.999,110953220.35119370,64511,690.66641000,49288439.52632720
2024-06-07 14:00:00,71534.60000000,71544.06000000,71170.58000000,71430.94000000,991.06966000,2024-06-07 14:59:59.999,70739818.51014840,48301,463.49381000,33078445.25194090
2024-06-07 15:00:00,71430.93000000,71430.93000000,70850.00000000,71111.54000000,1650.05125000,2024-06-07 15:59:59.999,117330008.52231970,59869,809.66803000,57567498.48236160
2024-06-07 16:00:00,71111.55000000,71208.89000000,70779.00000000,70873.47000000,1125.96101000,2024-06-07 16:59:59.999,79943957.80272090,56232,522.80210000,37115921.81842460
2024-06-07 17:00:00,70873.48000000,70873.48000000,69800.37000000,69803.59000000,2585.76468000,2024-06-07 17:59:59.999,181933716.03252870,128415,1045.67503000,73580952.20945250
2024-06-07 18:00:00,69803.59000000,69887.99000000,68420.00000000,69154.43000000,8271.33920000,2024-06-07 18:59:59.999,572327598.76181190,369398,3653.45182000,252818400.89460340
2024-06-07 19:00:00,69154.44000000,69448.00000000,68800.00000000,69255.00000000,1934.14143000,2024-06-07 19:59:59.999,133703718.53849620,75451,965.51194000,66736810.09402730
2024-06-07 20:00:00,69255.01000000,69318.30000000,68978.52000000,69307.99000000,1132.53115000,2024-06-07 20:59:59.999,78292082.11303600,40909,579.43473000,40055923.19310970
2024-06-07 21:00:00,69308.00000000,69377.85000000,69203.08000000,69250.01000000,496.62495000,2024-06-07 21:59:59.999,34410070.15639150,25127,236.19065000,16364381.93979040
2024-06-07 22:00:00,69250.01000000,69585.96000000,69184.00000000,69499.00000000,583.30376000,2024-06-07 22:59:59.999,40467624.36552370,26405,342.22366000,23743320.90569680
2024-06-07 23:00:00,69499.00000000,69499.00000000,69323.54000000,69355.60000000,440.15110000,2024-06-07 23:59:59.999,30538846.13600150,21671,199.01750000,13807298.67096900
2024-06-08 00:00:00,69355.60000000,69482.75000000,69296.41000000,69401.50000000,575.16895000,2024-06-08 00:59:59.999,39907410.63715370,29612,265.83035000,18444707.01754450
2024-06-08 01:00:00,69401.50000000,69475.04000000,69287.28000000,69465.25000000,531.15697000,2024-06-08 01:59:59.999,36863570.88667960,29931,286.43114000,19879208.15158720
2024-06-08 02:00:00,69465.24000000,69465.25000000,69387.60000000,69422.11000000,300.25806000,2024-06-08 02:59:59.999,20844503.70389100,21181,148.12161000,10282558.48164400
2024-06-08 03:00:00,69422.11000000,69525.00000000,69411.30000000,69432.00000000,385.05909000,2024-06-08 03:59:59.999,26751856.87074390,23419,221.27178000,15372196.28190690
2024-06-08 04:00:00,69432.00000000,69466.92000000,69277.96000000,69316.73000000,426.11437000,2024-06-08 04:59:59.999,29557581.41978260,25988,213.92245000,14838616.89053830
2024-06-08 05:00:00,69316.74000000,69342.79000000,69232.15000000,69319.99000000,353.35561000,2024-06-08 05:59:59.999,24482185.48653700,22890,181.94893000,12606265.67528210
2024-06-08 06:00:00,69320.00000000,69414.89000000,69296.26000000,69333.45000000,401.70800000,2024-06-08 06:59:59.999,27859228.95934420,26423,204.41561000,14176821.40945500
2024-06-08 07:00:00,69333.44000000,69582.20000000,69333.44000000,69582.20000000,540.15299000,2024-06-08 07:59:59.999,37527841.33105060,28786,344.37897000,23924579.44943830
2024-06-08 08:00:00,69582.20000000,69582.20000000,69381.81000000,69436.42000000,364.24008000,2024-06-08 08:59:59.999,25299262.64711940,26580,153.65343000,10671833.90537010
2024-06-08 09:00:00,69436.43000000,69495.99000000,69382.80000000,69443.24000000,329.88546000,2024-06-08 09:59:59.999,22906839.41023470,25405,150.64233000,10459950.72419130
2024-06-08 10:00:00,69443.25000000,69495.98000000,69360.01000000,69453.40000000,384.75747000,2024-06-08 10:59:59.999,26707155.03835200,27851,161.19286000,11188578.14776590
2024-06-08 11:00:00,69453.39000000,69515.00000000,69318.19000000,69365.93000000,547.11072000,2024-06-08 11:59:59.999,37993271.39289050,47020,194.82703000,13530503.74415810
2024-06-08 12:00:00,69365.94000000,69430.00000000,69265.00000000,69360.22000000,436.61346000,2024-06-08 12:59:59.999,30277322.56077580,41218,183.88816000,12752071.20830930
2024-06-08 13:00:00,69360.22000000,69430.01000000,69168.02000000,69430.00000000,801.65896000,2024-06-08 13:59:59.999,55558527.60445660,57087,393.27116000,27259718.47483870
2024-06-08 14:00:00,69430.01000000,69462.25000000,69309.82000000,69461.69000000,538.86257000,2024-06-08 14:59:59.999,37394560.11850560,47982,251.12364000,17426896.08854950
2024-06-08 15:00:00,69461.68000000,69491.36000000,69421.17000000,69430.01000000,341.43740000,2024-06-08 15:59:59.999,23715341.58003350,28393,139.12887000,9664091.02497060
2024-06-08 16:00:00,69430.01000000,69470.16000000,69292.22000000,69387.15000000,570.23186000,2024-06-08 16:59:59.999,39558400.27464070,35860,292.49610000,20292432.33543300
2024-06-08 17:00:00,69387.16000000,69470.00000000,69336.01000000,69439.99000000,489.14706000,2024-06-08 17:59:59.999,33960300.86402320,45793,281.88877000,19570465.01966680
2024-06-08 18:00:00,69440.00000000,69480.00000000,69427.98000000,69454.89000000,269.32881000,2024-06-08 18:59:59.999,18706067.44363950,25932,155.30313000,10786355.74398720
2024-06-08 19:00:00,69454.88000000,69490.00000000,69427.88000000,69460.01000000,249.35631000,2024-06-08 19:59:59.999,17321773.92687940,19643,124.49970000,8648333.19009020
2024-06-08 20:00:00,69460.00000000,69475.18000000,69313.31000000,69372.73000000,304.03471000,2024-06-08 20:59:59.999,21098511.49966740,21153,118.57818000,8228473.72765010
2024-06-08 21:00:00,69372.74000000,69424.47000000,69327.04000000,69404.91000000,179.28795000,2024-06-08 21:59:59.999,12438246.32692810,17777,90.06573000,6248394.71205110
2024-06-08 22:00:00,69404.90000000,69404.91000000,69290.28000000,69338.15000000,201.17805000,2024-06-08 22:59:59.999,13950301.27305450,21774,95.24069000,6604005.44758040
2024-06-08 23:00:00,69338.15000000,69340.00000000,69292.99000000,69310.46000000,253.72476000,2024-06-08 23:59:59.999,17587329.27465530,16405,120.10974000,8325410.04833390
2024-06-09 00:00:00,69310.46000000,69327.99000000,69225.84000000,69268.70000000,279.12784000,2024-06-09 00:59:59.999,19338703.84832010,21215,124.73844000,8642496.94128730
2024-06-09 01:00:00,69268.70000000,69346.90000000,69230.00000000,69285.00000000,207.30721000,2024-06-09 01:59:59.999,14362579.28414960,16749,112.17264000,7770873.19579890
2024-06-09 02:00:00,69285.01000000,69298.00000000,69139.93000000,69174.93000000,386.92647000,2024-06-09 02:59:59.999,26783333.70091840,25318,175.28987000,12133501.15661630
2024-06-09 03:00:00,69174.92000000,69298.00000000,69130.24000000,69259.38000000,311.25819000,2024-06-09 03:59:59.999,21545812.14789920,18278,186.00653000,12875962.16774820
2024-06-09 04:00:00,69259.38000000,69306.22000000,69244.64000000,69304.44000000,215.20780000,2024-06-09 04:59:59.999,14909318.97868930,13581,119.64335000,8288352.40939180
2024-06-09 05:00:00,69304.44000000,69360.40000000,69234.73000000,69293.47000000,201.54054000,2024-06-09 05:59:59.999,13965806.44406370,17567,99.70799000,6909616.92376000
2024-06-09 06:00:00,69293.48000000,69400.00000000,69276.95000000,69391.01000000,246.31461000,2024-06-09 06:59:59.999,17079231.74766710,23861,121.65429000,8435331.49370150
2024-06-09 07:00:00,69391.02000000,69425.70000000,69273.47000000,69295.64000000,368.47440000,2024-06-09 07:59:59.999,25555081.10352060,19290,106.99090000,7420892.03717690
2024-06-09 08:00:00,69295.64000000,69356.00000000,69283.45000000,69352.15000000,210.63135000,2024-06-09 08:59:59.999,14601549.97160180,17282,78.76128000,5459764.14977780
2024-06-09 09:00:00,69352.15000000,69397.19000000,69341.95000000,69369.98000000,195.92350000,2024-06-09 09:59:59.999,13589024.65525020,14803,75.18516000,5214728.38037230
2024-06-09 10:00:00,69369.99000000,69373.24000000,69333.07000000,69346.49000000,236.87264000,2024-06-09 10:59:59.999,16426387.56695510,15935,87.54417000,6070642.99131890
2024-06-09 11:00:00,69346.50000000,69389.00000000,69333.00000000,69367.69000000,225.66556000,2024-06-09 11:59:59.999,15651519.32870730,18782,88.33125000,6126493.32142020
2024-06-09 12:00:00,69367.68000000,69760.00000000,69351.11000000,69712.95000000,864.72707000,2024-06-09 12:59:59.999,60123067.09940610,40933,558.60884000,38835556.11441590
2024-06-09 13:00:00,69712.96000000,69777.00000000,69250.01000000,69467.03000000,1517.18414000,2024-06-09 13:59:59.999,105425078.20902220,50246,764.50419000,53113677.49405300
2024-06-09 14:00:00,69467.04000000,69559.00000000,69264.01000000,69490.12000000,679.92624000,2024-06-09 14:59:59.999,47214532.26853390,30504,352.37945000,24472890.92248290
2024-06-09 15:00:00,69490.13000000,69590.37000000,69420.42000000,69508.64000000,716.46617000,2024-06-09 15:59:59.999,49809354.81030730,25953,318.11366000,22116243.44119460
2024-06-09 16:00:00,69508.64000000,69636.98000000,69500.00000000,69622.88000000,386.18326000,2024-06-09 16:59:59.999,26867439.07234520,26070,222.80436000,15500601.52590750
2024-06-09 17:00:00,69622.88000000,69698.48000000,69570.00000000,69660.51000000,281.76588000,2024-06-09 17:59:59.999,19619563.59070480,26988,121.62477000,8468759.34965870
2024-06-09 18:00:00,69660.52000000,69848.32000000,69611.26000000,69738.10000000,755.07201000,2024-06-09 18:59:59.999,52656677.43339230,31264,396.01498000,27618989.85321170
2024-06-09 19:00:00,69738.09000000,69857.14000000,69660.03000000,69710.26000000,559.04291000,2024-06-09 19:59:59.999,39011484.04218880,28061,284.06047000,19820094.24413910
2024-06-09 20:00:00,69710.26000000,69730.81000000,69590.33000000,69686.85000000,315.37374000,2024-06-09 20:59:59.999,21968423.01013070,29709,133.54637000,9302148.14928760
2024-06-09 21:00:00,69686.86000000,69821.53000000,69610.00000000,69749.96000000,275.10337000,2024-06-09 21:59:59.999,19179637.22632760,23095,141.38246000,9856591.48799590
2024-06-09 22:00:00,69749.95000000,69787.13000000,69621.20000000,69634.35000000,283.03816000,2024-06-09 22:59:59.999,19723383.46624290,23437,127.02453000,8851224.31612880
2024-06-09 23:00:00,69634.36000000,69684.93000000,69596.01000000,69648.14000000,171.43403000,2024-06-09 23:59:59.999,11937667.06621240,16662,87.60301000,6099944.01469890
2024-06-10 00:00:00,69648.15000000,69655.11000000,69426.00000000,69559.99000000,450.64669000,2024-06-10 00:59:59.999,31330087.11652520,29917,200.58954000,13944086.57274490
2024-06-10 01:00:00,69559.99000000,69686.42000000,69516.00000000,69625.52000000,475.14533000,2024-06-10 01:59:59.999,33081556.32046790,35659,308.20257000,21458011.87607160
2024-06-10 02:00:00,69625.52000000,69801.34000000,69608.40000000,69716.00000000,723.35120000,2024-06-10 02:59:59.999,50441894.65937930,26323,477.63138000,33305464.45890960
2024-06-10 03:00:00,69716.01000000,69767.41000000,69574.80000000,69613.20000000,336.95189000,2024-06-10 03:59:59.999,23480886.37572490,31475,153.93140000,10727766.94536150
2024-06-10 04:00:00,69613.20000000,69677.50000000,69530.95000000,69674.33000000,286.62824000,2024-06-10 04:59:59.999,19952942.60364260,33491,131.68772000,9168244.86274100
2024-06-10 05:00:00,69674.33000000,69674.33000000,69530.00000000,69580.48000000,338.77292000,2024-06-10 05:59:59.999,23572781.58240100,24808,167.22231000,11633911.58021870
2024-06-10 06:00:00,69580.47000000,69618.76000000,69301.00000000,69429.87000000,802.10432000,2024-06-10 06:59:59.999,55753121.99093240,37018,388.59686000,27015983.57791480
2024-06-10 07:00:00,69429.87000000,69500.00000000,69249.99000000,69303.99000000,684.35492000,2024-06-10 07:59:59.999,47476552.72111620,43206,251.55430000,17451103.91821480
2024-06-10 08:00:00,69304.00000000,69494.99000000,69279.35000000,69387.50000000,544.63785000,2024-06-10 08:59:59.999,37815066.79569460,28674,200.84662000,13944077.76381440
2024-06-10 09:00:00,69387.50000000,69474.39000000,69172.29000000,69449.99000000,762.57186000,2024-06-10 09:59:59.999,52880216.50328440,38167,370.88513000,25720939.00344060
2024-06-10 10:00:00,69450.00000000,69470.93000000,69357.38000000,69439.99000000,440.02591000,2024-06-10 10:59:59.999,30543033.94147170,31574,208.96895000,14504367.70005750
2024-06-10 11:00:00,69439.99000000,69550.00000000,69337.02000000,69473.89000000,470.06175000,2024-06-10 11:59:59.999,32644553.77402890,30439,259.74310000,18039596.27826360
2024-06-10 12:00:00,69473.89000000,69520.01000000,69331.55000000,69363.99000000,455.61451000,2024-06-10 12:59:59.999,31632161.28804590,35972,230.25326000,15985612.27371200
2024-06-10 13:00:00,69364.00000000,69512.90000000,69201.59000000,69408.21000000,839.30304000,2024-06-10 13:59:59.999,58222887.37112980,46502,421.48095000,29240306.10873420
2024-06-10 14:00:00,69408.21000000,69662.10000000,69300.01000000,69662.09000000,818.84462000,2024-06-10 14:59:59.999,56923394.48185150,43906,381.16687000,26496723.59653640
2024-06-10 15:00:00,69662.10000000,70195.94000000,69612.26000000,70066.12000000,2090.82351000,2024-06-10 15:59:59.999,146266697.24644060,86845,1208.24412000,84523496.79416540
2024-06-10 16:00:00,70066.12000000,70105.82000000,69722.00000000,69972.17000000,1157.81759000,2024-06-10 16:59:59.999,80977482.25079620,47705,545.47728000,38151161.46889190
2024-06-10 17:00:00,69972.18000000,70060.00000000,69761.89000000,70043.00000000,591.25585000,2024-06-10 17:59:59.999,41330724.57598690,33362,285.53031000,19959985.76363970
2024-06-10 18:00:00,70043.01000000,70141.10000000,69737.56000000,69860.01000000,1199.79773000,2024-06-10 18:59:59.999,83943331.89151570,43290,542.47929000,37958920.19620790
2024-06-10 19:00:00,69860.01000000,69860.01000000,69386.81000000,69490.80000000,1347.29029000,2024-06-10 19:59:59.999,93804040.87272340,50248,513.60964000,35751816.79029040
2024-06-10 20:00:00,69490.81000000,69700.51000000,69334.46000000,69632.51000000,1256.69999000,2024-06-10 20:59:59.999,87391846.25956130,83540,626.82705000,43587075.60543110
2024-06-10 21:00:00,69632.51000000,69694.68000000,69530.00000000,69585.48000000,333.26051000,2024-06-10 21:59:59.999,23195420.83667160,24790,180.66476000,12574282.20377110
2024-06-10 22:00:00,69585.49000000,69592.00000000,69424.28000000,69495.99000000,371.95973000,2024-06-10 22:59:59.999,25850727.27865390,25798,200.66920000,13945159.33305210
2024-06-10 23:00:00,69495.99000000,69563.38000000,69400.01000000,69540.00000000,344.74916000,2024-06-10 23:59:59.999,23955141.23107680,24022,155.73985000,10821129.10362780
2024-06-11 00:00:00,69540.00000000,69590.01000000,69400.00000000,69410.85000000,441.01662000,2024-06-11 00:59:59.999,30653819.35604560,43528,175.12938000,12173191.52448810
2024-06-11 01:00:00,69410.86000000,69523.71000000,68500.00000000,68724.01000000,2101.67951000,2024-06-11 01:59:59.999,144903934.76721590,116707,739.57095000,51011693.04231210
2024-06-11 02:00:00,68724.00000000,68922.29000000,67900.00000000,68268.62000000,4237.94052000,2024-06-11 02:59:59.999,289119703.88304040,173406,2031.18962000,138574767.66961010
2024-06-11 03:00:00,68268.62000000,68488.00000000,68170.00000000,68464.00000000,1288.03235000,2024-06-11 03:59:59.999,88029087.54270860,54927,711.22479000,48605107.91596050
2024-06-11 04:00:00,68464.00000000,68464.00000000,67617.00000000,68024.04000000,3130.15278000,2024-06-11 04:59:59.999,212799179.40643720,98394,1434.12137000,97501194.41878970
2024-06-11 05:00:00,68024.03000000,68056.28000000,67657.03000000,67903.57000000,1529.15940000,2024-06-11 05:59:59.999,103765101.44337820,49695,750.48368000,50927267.32813180
2024-06-11 06:00:00,67903.58000000,67974.49000000,67325.00000000,67692.00000000,1795.62101000,2024-06-11 06:59:59.999,121524618.40824990,69217,798.83877000,54078571.24310460
2024-06-11 07:00:00,67691.99000000,67844.76000000,67526.95000000,67570.18000000,1342.86514000,2024-06-11 07:59:59.999,90936830.24647730,49577,779.71616000,52802016.60933750
2024-06-11 08:00:00,67570.18000000,67641.03000000,67284.38000000,67516.74000000,1502.84818000,2024-06-11 08:59:59.999,101396175.24785760,62088,794.46892000,53601055.79938340
2024-06-11 09:00:00,67516.75000000,67662.49000000,66900.00000000,67084.34000000,2014.92142000,2024-06-11 09:59:59.999,135458786.50191890,86360,810.07181000,54485968.66417170
2024-06-11 10:00:00,67084.33000000,67303.46000000,66732.00000000,66961.99000000,2002.25370000,2024-06-11 10:59:59.999,134287429.96357570,92972,979.37754000,65708917.73650510
2024-06-11 11:00:00,66961.99000000,67123.13000000,66762.58000000,66890.01000000,1762.47556000,2024-06-11 11:59:59.999,117964351.10139700,69565,938.41335000,62817693.22364320
2024-06-11 12:00:00,66890.00000000,67194.31000000,66790.80000000,67019.99000000,1589.99015000,2024-06-11 12:59:59.999,106542674.29627790,72384,913.84464000,61245938.89932450
2024-06-11 13:00:00,67020.00000000,67278.88000000,66568.35000000,66812.00000000,2543.43037000,2024-06-11 13:59:59.999,170324658.51654080,98490,1172.10476000,78497632.61183090
2024-06-11 14:00:00,66812.01000000,67103.42000000,66776.81000000,66851.26000000,1417.57274000,2024-06-11 14:59:59.999,94892844.84703280,56843,696.74388000,46643179.91227760
2024-06-11 15:00:00,66851.27000000,67076.00000000,66051.00000000,66244.48000000,3798.63037000,2024-06-11 15:59:59.999,252699602.43130960,164861,1780.02117000,118454088.12348720
2024-06-11 16:00:00,66244.48000000,66738.78000000,66161.26000000,66487.47000000,1997.24793000,2024-06-11 16:59:59.999,132896428.29871270,89938,1043.72898000,69443978.44533490
2024-06-11 17:00:00,66487.48000000,66805.98000000,66175.00000000,66770.99000000,1527.13797000,2024-06-11 17:59:59.999,101532725.54023270,93164,818.01895000,54392907.58825520
2024-06-11 18:00:00,66771.00000000,67229.93000000,66652.39000000,67117.30000000,1607.24429000,2024-06-11 18:59:59.999,107734982.08120810,64408,768.34158000,51491359.84121270
2024-06-11 19:00:00,67117.31000000,67586.64000000,67070.51000000,67407.01000000,1419.52041000,2024-06-11 19:59:59.999,95565871.25152250,62911,671.38400000,45197279.79757670
2024-06-11 20:00:00,67407.02000000,67500.00000000,67173.92000000,67290.07000000,840.01284000,2024-06-11 20:59:59.999,56553293.22545490,35002,351.47857000,23662579.20912370
2024-06-11 21:00:00,67290.07000000,67396.62000000,67202.26000000,67396.61000000,414.56314000,2024-06-11 21:59:59.999,27900451.73149020,23001,191.56381000,12892280.44025720
2024-06-11 22:00:00,67396.61000000,67572.54000000,67311.42000000,67360.22000000,500.47608000,2024-06-11 22:59:59.999,33748010.58111230,27063,208.15139000,14035866.92659980
2024-06-11 23:00:00,67360.22000000,67588.22000000,67309.91000000,67314.24000000,631.22340000,2024-06-11 23:59:59.999,42568459.79992750,27914,281.83513000,19010118.02827420
2024-06-12 00:00:00,67314.23000000,67436.53000000,67183.47000000,67199.99000000,565.54988000,2024-06-12 00:59:59.999,38056781.91952510,29855,197.69413000,13300976.30636240
2024-06-12 01:00:00,67199.99000000,67240.00000000,66905.00000000,67180.01000000,889.30788000,2024-06-12 01:59:59.999,59622843.82077190,65467,355.18238000,23810939.29616990
2024-06-12 02:00:00,67180.00000000,67596.15000000,67128.08000000,67415.25000000,877.47097000,2024-06-12 02:59:59.999,59150865.03829930,53088,438.25534000,29541870.70944940
2024-06-12 03:00:00,67415.26000000,67496.25000000,67317.77000000,67407.00000000,589.92467000,2024-06-12 03:59:59.999,39771077.38876450,31702,318.96072000,21505051.79119240
2024-06-12 04:00:00,67407.01000000,67624.89000000,67350.01000000,67481.59000000,973.22406000,2024-06-12 04:59:59.999,65711966.92740190,37225,577.87242000,39019373.74632440
2024-06-12 05:00:00,67481.60000000,67505.13000000,67195.97000000,67243.21000000,577.77673000,2024-06-12 05:59:59.999,38911939.05279040,29378,275.25917000,18536597.98899000
2024-06-12 06:00:00,67243.21000000,67382.81000000,67243.20000000,67281.64000000,520.52806000,2024-06-12 06:59:59.999,35041702.63203770,24789,263.62418000,17746097.03791850
2024-06-12 07:00:00,67281.63000000,67500.01000000,67229.78000000,67453.63000000,640.98918000,2024-06-12 07:59:59.999,43176042.05641020,29670,369.53841000,24893704.74591200
2024-06-12 08:00:00,67453.64000000,67532.64000000,67376.10000000,67393.46000000,530.28455000,2024-06-12 08:59:59.999,35767712.69948250,29268,258.44132000,17431214.67190850
2024-06-12 09:00:00,67393.47000000,67804.00000000,67353.02000000,67753.32000000,905.14024000,2024-06-12 09:59:59.999,61145266.75872000,40180,543.47989000,36711303.64030580
2024-06-12 10:00:00,67753.33000000,68059.01000000,67753.32000000,67991.98000000,1156.61360000,2024-06-12 10:59:59.999,78553609.59547150,56076,654.68461000,44466064.75299130
2024-06-12 11:00:00,67991.99000000,68015.40000000,67716.22000000,67778.43000000,766.68201000,2024-06-12 11:59:59.999,52009092.70122900,41725,409.23688000,27762021.10153190
2024-06-12 12:00:00,67778.43000000,69488.00000000,67736.00000000,69339.29000000,5379.40042000,2024-06-12 12:59:59.999,371188456.14006210,219776,3090.92362000,213165407.76489560
2024-06-12 13:00:00,69339.29000000,69649.80000000,69084.00000000,69320.00000000,2735.10239000,2024-06-12 13:59:59.999,189756905.90777920,111606,1347.18054000,93466598.21060120
2024-06-12 14:00:00,69320.01000000,69980.00000000,69300.01000000,69960.57000000,2435.37218000,2024-06-12 14:59:59.999,169846506.80271750,90856,1397.91117000,97485737.06986640
2024-06-12 15:00:00,69960.56000000,69999.00000000,69539.54000000,69734.00000000,1853.76085000,2024-06-12 15:59:59.999,129359658.29431560,89737,954.25825000,66593199.79707120
2024-06-12 16:00:00,69734.00000000,69786.46000000,69289.50000000,69616.00000000,1321.98201000,2024-06-12 16:59:59.999,91930953.80057420,69376,693.59464000,48228908.91802200
2024-06-12 17:00:00,69616.01000000,69862.40000000,69492.00000000,69799.99000000,1193.83082000,2024-06-12 17:59:59.999,83166853.01023410,46464,655.90718000,45698186.73270650
2024-06-12 18:00:00,69800.00000000,69808.47000000,68575.00000000,68828.01000000,4588.76503000,2024-06-12 18:59:59.999,317151128.29502250,204952,2109.78280000,145795734.68945750
2024-06-12 19:00:00,68828.00000000,69226.14000000,67250.00000000,67532.92000000,4783.44414000,2024-06-12 19:59:59.999,325874050.61722200,192180,2063.45457000,140590004.79492590
2024-06-12 20:00:00,67532.92000000,68312.00000000,67413.51000000,68103.97000000,1909.74876000,2024-06-12 20:59:59.999,129691300.59296610,75244,1034.92381000,70300645.81285410
2024-06-12 21:00:00,68103.96000000,68667.44000000,68097.91000000,68536.00000000,963.60660000,2024-06-12 21:59:59.999,65941759.86938020,51115,499.39253000,34166711.40414550
2024-06-12 22:00:00,68536.00000000,68539.99000000,68270.92000000,68345.82000000,591.22825000,2024-06-12 22:59:59.999,40419922.79742150,27251,275.76518000,18851684.18897110
2024-06-12 23:00:00,68345.81000000,68347.00000000,68124.00000000,68263.99000000,425.59028000,2024-06-12 23:59:59.999,29038742.46577300,23765,190.56707000,13001554.46910800
2024-06-13 00:00:00,68263.98000000,68393.63000000,68005.85000000,68330.02000000,653.24483000,2024-06-13 00:59:59.999,44548855.21260520,41163,348.15989000,23747111.27008150
2024-06-13 01:00:00,68330.02000000,68363.35000000,67910.00000000,67979.63000000,644.57501000,2024-06-13 01:59:59.999,43898604.76446950,34478,282.29581000,19227290.28724940
2024-06-13 02:00:00,67979.63000000,68177.00000000,67690.95000000,67734.81000000,1421.54407000,2024-06-13 02:59:59.999,96550984.54403460,89806,588.88132000,40002545.85392140
2024-06-13 03:00:00,67734.80000000,67850.08000000,66969.98000000,67474.94000000,2449.28588000,2024-06-13 03:59:59.999,165060354.87184120,122397,978.83850000,65984295.99537940
2024-06-13 04:00:00,67474.95000000,67729.41000000,67328.00000000,67328.01000000,1050.04279000,2024-06-13 04:59:59.999,70961318.72336700,49368,546.17559000,36917317.71007330
2024-06-13 05:00:00,67328.01000000,67680.00000000,67328.01000000,67604.04000000,641.70770000,2024-06-13 05:59:59.999,43345469.72086850,32794,373.19569000,25206536.62051350
2024-06-13 06:00:00,67604.04000000,67614.55000000,67300.30000000,67518.57000000,618.73732000,2024-06-13 06:59:59.999,41737862.51693270,41793,320.18842000,21597756.58660610
2024-06-13 07:00:00,67518.58000000,67724.81000000,67399.99000000,67724.81000000,653.27078000,2024-06-13 07:59:59.999,44156506.03004830,34871,365.47994000,24703924.85650610
2024-06-13 08:00:00,67724.80000000,67752.06000000,67508.00000000,67565.56000000,609.72584000,2024-06-13 08:59:59.999,41235515.62910780,34859,307.38729000,20787048.48276480
2024-06-13 09:00:00,67565.57000000,67569.67000000,67168.00000000,67419.86000000,1062.57603000,2024-06-13 09:59:59.999,71581798.44902220,46266,569.51204000,38368131.55489970
2024-06-13 10:00:00,67419.86000000,67971.20000000,67230.94000000,67820.40000000,1099.80601000,2024-06-13 10:59:59.999,74335681.27661380,51698,610.64577000,41270627.63347530
2024-06-13 11:00:00,67820.40000000,67961.07000000,67648.49000000,67739.99000000,990.11181000,2024-06-13 11:59:59.999,67156524.90847140,47491,502.79629000,34104822.07899510
2024-06-13 12:00:00,67740.00000000,68449.30000000,67439.43000000,67749.54000000,2656.79802000,2024-06-13 12:59:59.999,180415222.27638120,133036,1334.91425000,90662502.96554050
2024-06-13 13:00:00,67749.54000000,68272.00000000,67521.55000000,67589.99000000,1896.88356000,2024-06-13 13:59:59.999,128845458.66933080,92628,870.78406000,59142119.22529880
2024-06-13 14:00:00,67590.00000000,67739.28000000,67150.00000000,67365.62000000,2241.27680000,2024-06-13 14:59:59.999,151234489.57706330,113575,1071.97117000,72337648.60393380
2024-06-13 15:00:00,67365.62000000,67537.87000000,66368.76000000,66470.01000000,3376.95479000,2024-06-13 15:59:59.999,225681204.83644430,168525,1315.74569000,87937528.48278540
2024-06-13 16:00:00,66470.01000000,67019.42000000,66251.78000000,66976.00000000,2330.72822000,2024-06-13 16:59:59.999,155333953.15404850,129693,1190.21205000,79359825.72533030
2024-06-13 17:00:00,66976.01000000,67080.13000000,66639.47000000,66920.00000000,1129.90298000,2024-06-13 17:59:59.999,75553696.05415750,51509,600.37414000,40150483.19881180
2024-06-13 18:00:00,66919.99000000,66976.87000000,66693.43000000,66862.99000000,808.59044000,2024-06-13 18:59:59.999,54062111.62926930,35273,394.33812000,26363554.54376870
2024-06-13 19:00:00,66862.99000000,66884.00000000,66588.83000000,66604.01000000,822.61164000,2024-06-13 19:59:59.999,54896771.20900210,39458,414.09276000,27634254.46747270
2024-06-13 20:00:00,66604.01000000,66810.48000000,66530.84000000,66712.98000000,599.29078000,2024-06-13 20:59:59.999,39948690.70461440,35303,313.31461000,20886555.33629190
2024-06-13 21:00:00,66712.97000000,66969.99000000,66680.14000000,66969.99000000,532.99338000,2024-06-13 21:59:59.999,35604876.06759680,36291,275.11184000,18377302.79591480
2024-06-13 22:00:00,66969.99000000,66980.00000000,66840.07000000,66896.00000000,416.84137000,2024-06-13 22:59:59.999,27896012.05981590,30283,173.85805000,11634597.78383450
2024-06-13 23:00:00,66895.99000000,66909.26000000,66681.40000000,66773.01000000,372.05566000,2024-06-13 23:59:59.999,24855998.03218540,25644,137.86678000,9210407.63923230
2024-06-14 00:00:00,66773.01000000,66897.96000000,66604.60000000,66727.73000000,762.28668000,2024-06-14 00:59:59.999,50887322.65369260,53082,290.50072000,19389157.43129380
2024-06-14 01:00:00,66727.73000000,66833.10000000,66480.00000000,66806.17000000,665.04544000,2024-06-14 01:59:59.999,44325393.33952010,48261,330.22183000,22014565.91848230
2024-06-14 02:00:00,66806.17000000,67027.32000000,66713.50000000,66952.00000000,732.09671000,2024-06-14 02:59:59.999,48939272.78561330,38323,370.32438000,24756183.80089420
2024-06-14 03:00:00,66952.01000000,66982.98000000,66676.28000000,66744.00000000,545.50916000,2024-06-14 03:59:59.999,36432631.27745190,33927,221.76845000,14809809.37518120
2024-06-14 04:00:00,66744.00000000,66833.33000000,66717.00000000,66717.39000000,359.54742000,2024-06-14 04:59:59.999,24008174.23303890,18662,187.40054000,12513989.50234880
2024-06-14 05:00:00,66717.38000000,67221.32000000,66707.76000000,67052.49000000,894.30830000,2024-06-14 05:59:59.999,59901140.17505620,38846,552.73885000,37015998.66759630
2024-06-14 06:00:00,67052.50000000,67124.29000000,66876.00000000,66962.41000000,731.33334000,2024-06-14 06:59:59.999,48993081.53403630,36043,354.16288000,23725085.22930950
2024-06-14 07:00:00,66962.40000000,67110.10000000,66885.68000000,66904.98000000,957.85519000,2024-06-14 07:59:59.999,64173614.32834500,171756,488.36309000,32720297.81982210
2024-06-14 08:00:00,66904.98000000,67256.32000000,66863.46000000,67152.04000000,1185.19372000,2024-06-14 08:59:59.999,79530642.71576800,64238,688.87155000,46214929.32427030
2024-06-14 09:00:00,67152.04000000,67152.04000000,66899.39000000,66920.01000000,824.75726000,2024-06-14 09:59:59.999,55272409.30926090,54299,320.35424000,21468064.84253390
2024-06-14 10:00:00,66920.01000000,67015.92000000,66836.54000000,66873.14000000,620.47859000,2024-06-14 10:59:59.999,41520630.69513810,45551,300.96869000,20139035.49470160
2024-06-14 11:00:00,66873.15000000,67101.00000000,66746.40000000,67036.00000000,753.50403000,2024-06-14 11:59:59.999,50453770.27243000,49891,402.24934000,26935430.08201550
2024-06-14 12:00:00,67035.99000000,67288.00000000,66960.58000000,67083.30000000,927.69147000,2024-06-14 12:59:59.999,62261767.09702650,87933,473.53081000,31784274.93587830
2024-06-14 13:00:00,67083.31000000,67370.24000000,66950.00000000,67070.50000000,1248.80917000,2024-06-14 13:59:59.999,83852758.43201160,57259,656.62578000,44096355.66851150
2024-06-14 14:00:00,67070.49000000,67115.25000000,66561.30000000,66982.98000000,1941.14189000,2024-06-14 14:59:59.999,129743769.40963610,95538,898.67246000,60053109.24653290
2024-06-14 15:00:00,66982.98000000,67059.46000000,66344.67000000,66392.00000000,1612.81579000,2024-06-14 15:59:59.999,107523199.11809280,89448,741.37238000,49422616.79068570
2024-06-14 16:00:00,66392.00000000,66520.00000000,65200.87000000,65293.40000000,5528.72338000,2024-06-14 16:59:59.999,363327193.06120890,252772,2294.74511000,150743594.91581390
2024-06-14 17:00:00,65293.39000000,65753.23000000,65078.31000000,65416.01000000,1609.37202000,2024-06-14 17:59:59.999,105256960.32836100,90582,802.05541000,52470880.31190850
2024-06-14 18:00:00,65416.01000000,65537.31000000,65078.00000000,65524.86000000,1647.78965000,2024-06-14 18:59:59.999,107611786.00940490,76947,804.87928000,52573456.35365190
2024-06-14 19:00:00,65524.85000000,65684.00000000,65299.99000000,65520.02000000,897.89248000,2024-06-14 19:59:59.999,58803066.95716590,46041,437.82267000,28672583.98802190
2024-06-14 20:00:00,65520.02000000,65970.23000000,65480.00000000,65766.41000000,901.37516000,2024-06-14 20:59:59.999,59247916.30961000,46944,478.09872000,31426349.57855170
2024-06-14 21:00:00,65766.41000000,66627.52000000,65725.77000000,66196.01000000,1843.14999000,2024-06-14 21:59:59.999,122005735.95409100,167332,922.98536000,61107440.12715380
2024-06-14 22:00:00,66196.01000000,66252.00000000,65882.35000000,66014.01000000,869.02998000,2024-06-14 22:59:59.999,57380758.20608420,45057,424.39631000,28020011.71754970
2024-06-14 23:00:00,66014.01000000,66081.39000000,65916.00000000,66043.99000000,348.48115000,2024-06-14 23:59:59.999,22998560.22624070,27582,176.29976000,11634979.66226560
2024-06-15 00:00:00,66043.99000000,66287.76000000,65967.50000000,66185.62000000,835.37883000,2024-06-15 00:59:59.999,55227771.01565240,31846,454.25106000,30031471.56983820
2024-06-15 01:00:00,66185.62000000,66290.00000000,66064.88000000,66076.01000000,380.82540000,2024-06-15 01:59:59.999,25198167.33260230,26959,151.49664000,10023126.44909680
2024-06-15 02:00:00,66076.00000000,66253.29000000,66050.32000000,66215.35000000,310.18359000,2024-06-15 02:59:59.999,20524510.16632780,21399,151.19824000,10004725.50246980
2024-06-15 03:00:00,66215.34000000,66273.88000000,66192.00000000,66267.87000000,481.86121000,2024-06-15 03:59:59.999,31917592.05385830,22615,187.34203000,12409624.71191850
2024-06-15 04:00:00,66267.87000000,66380.58000000,66210.00000000,66246.85000000,509.33409000,2024-06-15 04:59:59.999,33763248.33950460,28538,257.56734000,17074840.54447740
2024-06-15 05:00:00,66246.84000000,66389.10000000,66215.29000000,66231.82000000,459.71934000,2024-06-15 05:59:59.999,30477202.53460260,29766,186.57184000,12370510.15355080
2024-06-15 06:00:00,66231.81000000,66416.66000000,66127.00000000,66168.57000000,848.80651000,2024-06-15 06:59:59.999,56234055.26028690,49461,333.49522000,22098525.49271570
2024-06-15 07:00:00,66168.57000000,66200.00000000,66065.80000000,66076.99000000,1073.61193000,2024-06-15 07:59:59.999,70989867.00586610,44339,524.13420000,34655856.24023480
2024-06-15 08:00:00,66076.99000000,66221.31000000,66076.98000000,66221.31000000,285.96083000,2024-06-15 08:59:59.999,18921889.75662300,25077,136.36970000,9022687.63245560
2024-06-15 09:00:00,66221.31000000,66280.80000000,66086.51000000,66227.00000000,339.29279000,2024-06-15 09:59:59.999,22461102.44663890,22854,128.06497000,8477080.17359670
2024-06-15 10:00:00,66227.00000000,66306.31000000,66195.91000000,66300.01000000,361.43381000,2024-06-15 10:59:59.999,23944212.71600620,21811,190.82121000,12642337.32600220
2024-06-15 11:00:00,66300.01000000,66348.00000000,66264.01000000,66319.95000000,507.09036000,2024-06-15 11:59:59.999,33629913.84633370,23504,261.90026000,17368366.24910970
2024-06-15 12:00:00,66319.94000000,66360.00000000,66222.70000000,66348.01000000,342.37283000,2024-06-15 12:59:59.999,22699519.14521040,26512,168.20636000,11152245.34320740
2024-06-15 13:00:00,66348.01000000,66354.82000000,66240.11000000,66313.47000000,340.40198000,2024-06-15 13:59:59.999,22565779.85963530,24967,177.16433000,11744456.19263740
2024-06-15 14:00:00,66313.47000000,66313.47000000,66153.84000000,66220.52000000,564.32062000,2024-06-15 14:59:59.999,37366831.54341270,37296,264.73397000,17528237.34169770
2024-06-15 15:00:00,66220.51000000,66478.48000000,66210.83000000,66316.02000000,853.45194000,2024-06-15 15:59:59.999,56616042.93393340,50217,427.14105000,28333261.14614330
2024-06-15 16:00:00,66316.02000000,66360.00000000,66179.99000000,66184.00000000,410.46563000,2024-06-15 16:59:59.999,27199820.28739700,31639,212.19945000,14062174.23240240
2024-06-15 17:00:00,66184.00000000,66304.94000000,66133.92000000,66250.01000000,426.78890000,2024-06-15 17:59:59.999,28269079.11471010,35790,204.76871000,13560236.28774960
2024-06-15 18:00:00,66250.00000000,66250.00000000,66139.50000000,66145.19000000,344.05073000,2024-06-15 18:59:59.999,22764647.03812290,23840,178.61534000,11818198.43197300
2024-06-15 19:00:00,66145.19000000,66208.00000000,66071.47000000,66154.70000000,250.34183000,2024-06-15 19:59:59.999,16558486.19184890,26499,143.05989000,9461850.26881000
2024-06-15 20:00:00,66154.70000000,66170.99000000,65857.10000000,66048.02000000,711.44070000,2024-06-15 20:59:59.999,46967200.76425510,38687,320.99904000,21190622.73910890
2024-06-15 21:00:00,66048.02000000,66149.00000000,66042.85000000,66126.89000000,245.18396000,2024-06-15 21:59:59.999,16209161.98485630,17430,143.37563000,9478001.11264530
2024-06-15 22:00:00,66126.89000000,66200.00000000,66045.08000000,66200.00000000,350.99333000,2024-06-15 22:59:59.999,23196713.56125680,21923,172.17206000,11380225.75567260
2024-06-15 23:00:00,66199.99000000,66287.76000000,66199.99000000,66228.25000000,218.49128000,2024-06-15 23:59:59.999,14473073.12939550,17917,119.37229000,7907455.55606140
2024-06-16 00:00:00,66228.25000000,66269.74000000,66161.95000000,66161.96000000,223.59845000,2024-06-16 00:59:59.999,14806136.06670060,19787,84.79560000,5614997.00796670
2024-06-16 01:00:00,66161.96000000,66218.48000000,66102.03000000,66175.68000000,256.25855000,2024-06-16 01:59:59.999,16953867.06585630,22261,127.67564000,8446826.69130980
2024-06-16 02:00:00,66175.68000000,66182.26000000,66114.27000000,66142.86000000,149.85752000,2024-06-16 02:59:59.999,9913204.12737760,15415,58.93868000,3898753.37712590
2024-06-16 03:00:00,66142.86000000,66164.30000000,66076.55000000,66146.00000000,160.87464000,2024-06-16 03:59:59.999,10638334.43927640,22097,70.47397000,4660182.92146010
2024-06-16 04:00:00,66145.99000000,66207.72000000,66034.50000000,66166.02000000,203.12394000,2024-06-16 04:59:59.999,13432747.38659800,30263,82.71812000,5470512.09979060
2024-06-16 05:00:00,66166.02000000,66264.00000000,66166.01000000,66264.00000000,292.77588000,2024-06-16 05:59:59.999,19387266.74974860,24305,182.95019000,12114729.04100420
2024-06-16 06:00:00,66264.00000000,66360.18000000,66178.77000000,66312.01000000,420.12202000,2024-06-16 06:59:59.999,27835401.01495680,19720,220.21415000,14592057.85919080
2024-06-16 07:00:00,66312.01000000,66357.97000000,66252.00000000,66266.30000000,263.94537000,2024-06-16 07:59:59.999,17499721.80667170,18456,101.31331000,6717720.21443190
2024-06-16 08:00:00,66266.30000000,66340.00000000,66241.64000000,66272.51000000,215.38158000,2024-06-16 08:59:59.999,14277470.23915850,19895,93.98600000,6229768.92274410
2024-06-16 09:00:00,66272.51000000,66428.45000000,66172.50000000,66409.97000000,880.00508000,2024-06-16 09:59:59.999,58347381.80649640,42461,479.16167000,31774597.22282030
2024-06-16 10:00:00,66409.97000000,66770.00000000,66372.47000000,66716.31000000,846.02903000,2024-06-16 10:59:59.999,56307153.26388820,43167,514.03811000,34216790.41726890
2024-06-16 11:00:00,66716.31000000,66742.39000000,66435.15000000,66492.83000000,454.36316000,2024-06-16 11:59:59.999,30255381.72879130,30368,166.72565000,11103448.26779030
2024-06-16 12:00:00,66492.83000000,66642.20000000,66480.00000000,66597.47000000,315.80420000,2024-06-16 12:59:59.999,21017534.40353610,23319,155.03940000,10318865.50456300
2024-06-16 13:00:00,66597.48000000,66762.50000000,66560.00000000,66762.49000000,556.85752000,2024-06-16 13:59:59.999,37115924.28995430,39585,314.44358000,20958782.70333820
2024-06-16 14:00:00,66762.49000000,66793.72000000,66504.00000000,66519.02000000,655.22459000,2024-06-16 14:59:59.999,43671549.78912430,41219,278.46453000,18561193.34758020
2024-06-16 15:00:00,66519.01000000,66723.00000000,66512.06000000,66712.80000000,326.44028000,2024-06-16 15:59:59.999,21749051.13231810,31860,190.38304000,12683613.33598480
2024-06-16 16:00:00,66712.80000000,66744.71000000,66557.20000000,66592.19000000,353.20377000,2024-06-16 16:59:59.999,23532368.01844640,33003,163.21458000,10874483.32056580
2024-06-16 17:00:00,66592.19000000,66669.99000000,66522.00000000,66578.02000000,372.34466000,2024-06-16 17:59:59.999,24791359.12456280,26276,191.76879000,12767605.03294540
2024-06-16 18:00:00,66578.02000000,66669.95000000,66573.51000000,66590.01000000,237.38299000,2024-06-16 18:59:59.999,15812238.69814850,20490,137.36797000,9149698.45114890
2024-06-16 19:00:00,66590.01000000,66647.69000000,66522.00000000,66562.52000000,177.53389000,2024-06-16 19:59:59.999,11819968.64597260,21483,86.06917000,5730516.40564100
2024-06-16 20:00:00,66562.52000000,66620.01000000,66461.25000000,66517.55000000,309.00194000,2024-06-16 20:59:59.999,20564584.85821690,22253,125.99740000,8386541.96039660
2024-06-16 21:00:00,66517.54000000,66541.53000000,66460.00000000,66525.00000000,189.30242000,2024-06-16 21:59:59.999,12590208.81901850,19123,105.57897000,7021931.57258240
2024-06-16 22:00:00,66525.01000000,66998.70000000,66525.00000000,66755.99000000,1146.76764000,2024-06-16 22:59:59.999,76563992.62757530,63801,638.31159000,42612571.42912720
2024-06-16 23:00:00,66755.99000000,66826.13000000,66631.40000000,66676.87000000,386.32311000,2024-06-16 23:59:59.999,25770826.51146330,52688,180.42155000,12034466.88583500
2024-06-17 00:00:00,66676.86000000,66913.69000000,66549.37000000,66583.96000000,735.55873000,2024-06-17 00:59:59.999,49041283.45403060,36508,265.77118000,17723607.35505700
2024-06-17 01:00:00,66583.96000000,66610.00000000,66234.26000000,66472.26000000,961.96966000,2024-06-17 01:59:59.999,63891560.19867950,54862,491.99874000,32679048.43442740
2024-06-17 02:00:00,66472.25000000,66480.00000000,66213.71000000,66344.02000000,1076.67846000,2024-06-17 02:59:59.999,71435209.68192020,48679,652.12821000,43266621.58498390
2024-06-17 03:00:00,66344.01000000,66431.36000000,66155.00000000,66222.00000000,533.17482000,2024-06-17 03:59:59.999,35352471.81751120,31453,237.46271000,15746935.09627020
2024-06-17 04:00:00,66222.00000000,66447.88000000,66170.77000000,66447.88000000,497.32084000,2024-06-17 04:59:59.999,32975506.96593140,32317,266.48913000,17671176.20678770
2024-06-17 05:00:00,66447.88000000,66567.68000000,66295.00000000,66351.62000000,476.40709000,2024-06-17 05:59:59.999,31653105.00445540,43427,244.01130000,16214991.06638320
2024-06-17 06:00:00,66351.62000000,66398.00000000,66080.00000000,66132.40000000,837.29384000,2024-06-17 06:59:59.999,55444378.94637310,53680,356.04782000,23576634.45085880
2024-06-17 07:00:00,66132.40000000,66376.00000000,65939.67000000,66172.00000000,1032.03165000,2024-06-17 07:59:59.999,68264422.60230700,55974,470.93093000,31150187.98879560
2024-06-17 08:00:00,66172.00000000,66317.64000000,65984.01000000,66194.51000000,730.25457000,2024-06-17 08:59:59.999,48314453.88255370,55961,377.98370000,25008426.23218490
2024-06-17 09:00:00,66194.50000000,66250.01000000,65645.34000000,65722.08000000,1260.94761000,2024-06-17 09:59:59.999,83181521.31287000,82400,536.72963000,35410357.04081280
2024-06-17 10:00:00,65722.07000000,65960.01000000,65556.00000000,65890.00000000,1393.98219000,2024-06-17 10:59:59.999,91652137.34796030,86561,679.53520000,44682454.26481480
2024-06-17 11:00:00,65890.01000000,66051.50000000,65796.01000000,65817.20000000,710.24566000,2024-06-17 11:59:59.999,46816837.85820020,43344,407.12268000,26835151.19524220
2024-06-17 12:00:00,65817.20000000,65827.90000000,65500.00000000,65625.01000000,866.70938000,2024-06-17 12:59:59.999,56925446.33734710,51638,384.67282000,25264614.67510870
2024-06-17 13:00:00,65625.49000000,65807.05000000,65189.00000000,65200.01000000,1747.87782000,2024-06-17 13:59:59.999,114441685.94629110,129463,863.22728000,56528867.27758490
2024-06-17 14:00:00,65200.00000000,65790.00000000,65130.00000000,65472.98000000,1382.34399000,2024-06-17 14:59:59.999,90518465.04881990,106624,752.71570000,49292823.44654360
2024-06-17 15:00:00,65472.98000000,65788.73000000,65239.97000000,65368.00000000,1356.80458000,2024-06-17 15:59:59.999,88851468.57426710,74219,745.40364000,48833726.08080730
2024-06-17 16:00:00,65368.00000000,66056.65000000,65138.00000000,65898.00000000,2064.83382000,2024-06-17 16:59:59.999,135472798.16486920,112375,981.36617000,64425040.33057450
2024-06-17 17:00:00,65898.01000000,66607.28000000,65898.00000000,66607.28000000,1936.55029000,2024-06-17 17:59:59.999,128359646.74370590,84900,1103.31816000,73146477.90571840
2024-06-17 18:00:00,66607.27000000,67298.81000000,66550.03000000,67101.48000000,3203.57956000,2024-06-17 18:59:59.999,214460085.54514590,123925,1754.03404000,117402557.12312220
2024-06-17 19:00:00,67101.48000000,67114.00000000,66562.68000000,66691.99000000,1075.11928000,2024-06-17 19:59:59.999,71833673.98931670,50901,455.51926000,30435219.57167830
2024-06-17 20:00:00,66691.99000000,66764.70000000,66164.01000000,66397.94000000,1425.44933000,2024-06-17 20:59:59.999,94719712.62333880,79848,615.78072000,40914153.69520610
2024-06-17 21:00:00,66397.94000000,66717.90000000,66306.46000000,66572.00000000,617.52734000,2024-06-17 21:59:59.999,41090247.39483910,38588,331.29910000,22046222.86023570
2024-06-17 22:00:00,66572.00000000,66702.99000000,66482.00000000,66656.00000000,436.26182000,2024-06-17 22:59:59.999,29054763.81528430,26476,211.17182000,14063887.80825740
2024-06-17 23:00:00,66656.01000000,66714.81000000,66392.79000000,66504.33000000,1027.24618000,2024-06-17 23:59:59.999,68310343.50054780,38497,532.17437000,35384171.83903970
2024-06-18 00:00:00,66504.33000000,66588.23000000,65485.71000000,65749.99000000,1865.04054000,2024-06-18 00:59:59.999,123058250.89883220,110375,634.83735000,41880682.79192390
2024-06-18 01:00:00,65749.98000000,65966.11000000,64600.00000000,65133.99000000,4761.20322000,2024-06-18 01:59:59.999,310200559.19223410,242729,1943.95901000,126669486.34750110
2024-06-18 02:00:00,65133.99000000,65653.68000000,64569.00000000,65467.43000000,3252.76030000,2024-06-18 02:59:59.999,211816732.86773250,111594,1609.32824000,104853047.36009760
2024-06-18 03:00:00,65467.42000000,65575.16000000,65268.00000000,65500.00000000,1162.36152000,2024-06-18 03:59:59.999,76052978.06927720,66565,545.46816000,35685271.83798220
2024-06-18 04:00:00,65500.00000000,65769.25000000,65344.24000000,65574.21000000,1102.05127000,2024-06-18 04:59:59.999,72305303.52804320,54832,517.82848000,33984044.92490230
2024-06-18 05:00:00,65574.21000000,65845.47000000,65555.00000000,65596.01000000,1048.15462000,2024-06-18 05:59:59.999,68863242.65121970,53950,452.02137000,29700232.44041350
2024-06-18 06:00:00,65596.01000000,65732.16000000,65389.44000000,65500.00000000,1274.92399000,2024-06-18 06:59:59.999,83615622.83747150,78071,604.85337000,39671712.35681330
2024-06-18 07:00:00,65499.99000000,65800.00000000,65489.56000000,65672.51000000,915.19877000,2024-06-18 07:59:59.999,60076746.93028810,71115,496.81101000,32615628.90167210
2024-06-18 08:00:00,65672.51000000,65750.01000000,65588.00000000,65727.53000000,529.04939000,2024-06-18 08:59:59.999,34749281.62512630,41769,294.86324000,19367437.45653990
2024-06-18 09:00:00,65727.54000000,65727.54000000,65439.97000000,65469.92000000,727.65859000,2024-06-18 09:59:59.999,47738376.32131860,103260,298.35249000,19573667.17578560
2024-06-18 10:00:00,65469.92000000,65612.84000000,65344.99000000,65435.52000000,904.28749000,2024-06-18 10:59:59.999,59183319.77707260,55070,449.61464000,29429033.04609010
2024-06-18 11:00:00,65435.51000000,65487.83000000,65100.00000000,65366.00000000,1571.16015000,2024-06-18 11:59:59.999,102580728.25579380,86398,792.23186000,51728997.50448470
2024-06-18 12:00:00,65366.00000000,65433.97000000,65001.00000000,65231.95000000,1933.01425000,2024-06-18 12:59:59.999,125958431.67641610,171284,983.52515000,64091434.07802450
2024-06-18 13:00:00,65231.95000000,65268.00000000,64638.06000000,64844.00000000,3060.79121000,2024-06-18 13:59:59.999,198633008.68382210,160905,1608.92821000,104409141.05560110
2024-06-18 14:00:00,64844.01000000,65406.00000000,64359.92000000,64633.99000000,3780.76900000,2024-06-18 14:59:59.999,245192900.79576510,156067,1739.18203000,112846557.68903530
2024-06-18 15:00:00,64634.00000000,64929.95000000,64261.12000000,64706.00000000,2620.93731000,2024-06-18 15:59:59.999,169284457.18155550,98158,1358.16336000,87724901.67272780
2024-06-18 16:00:00,64705.99000000,64868.98000000,64336.00000000,64700.99000000,2052.90247000,2024-06-18 16:59:59.999,132497527.55907920,71460,1146.43859000,73999272.46160190
2024-06-18 17:00:00,64700.99000000,64904.91000000,64400.00000000,64610.00000000,1492.33413000,2024-06-18 17:59:59.999,96538585.78735370,62744,695.26561000,44981362.63203400
2024-06-18 18:00:00,64609.99000000,64867.88000000,64321.00000000,64678.01000000,1240.60852000,2024-06-18 18:59:59.999,80201058.03394090,54186,566.34846000,36614564.04419170
2024-06-18 19:00:00,64678.00000000,64738.83000000,64060.00000000,64412.19000000,2189.08648000,2024-06-18 19:59:59.999,140883563.40928560,83886,952.47680000,61313270.36901080
2024-06-18 20:00:00,64412.18000000,65048.21000000,64178.10000000,64936.51000000,2194.40345000,2024-06-18 20:59:59.999,141719885.71745700,91347,1079.43823000,69724741.32379340
2024-06-18 21:00:00,64936.50000000,65305.00000000,64797.48000000,65220.02000000,1082.28714000,2024-06-18 21:59:59.999,70425341.54613530,51638,560.86844000,36495572.71356970
2024-06-18 22:00:00,65220.02000000,65300.00000000,65052.44000000,65279.99000000,777.47664000,2024-06-18 22:59:59.999,50687685.92161950,35157,342.53037000,22329805.96408600
2024-06-18 23:00:00,65279.99000000,65279.99000000,65056.29000000,65175.32000000,811.64199000,2024-06-18 23:59:59.999,52878216.76425030,39151,403.07914000,26256867.44139830
2024-06-19 00:00:00,65175.32000000,65225.89000000,64855.96000000,65142.54000000,1039.92050000,2024-06-19 00:59:59.999,67621811.79139560,48732,497.33617000,32344251.21986050
2024-06-19 01:00:00,65142.53000000,65500.00000000,64810.62000000,65035.59000000,2158.94373000,2024-06-19 01:59:59.999,140784640.48201500,95542,1270.28123000,82880005.32687810
2024-06-19 02:00:00,65035.59000000,65489.43000000,65012.00000000,65327.94000000,984.48214000,2024-06-19 02:59:59.999,64269409.15763430,50171,543.37645000,35466239.96724370
2024-06-19 03:00:00,65327.94000000,65603.91000000,65282.00000000,65404.00000000,1078.82025000,2024-06-19 03:59:59.999,70610069.03529900,49705,616.84175000,40374838.08456790
2024-06-19 04:00:00,65404.00000000,65727.54000000,65349.99000000,65425.56000000,1171.36875000,2024-06-19 04:59:59.999,76777135.36435630,50158,607.10519000,39793556.60598030
2024-06-19 05:00:00,65425.56000000,65557.13000000,65335.00000000,65413.09000000,619.02934000,2024-06-19 05:59:59.999,40515850.55228800,35179,309.82383000,20278300.90165240
2024-06-19 06:00:00,65413.09000000,65600.00000000,65400.00000000,65599.99000000,707.43631000,2024-06-19 06:59:59.999,46345415.59422770,31308,386.20462000,25301529.71592610
2024-06-19 07:00:00,65600.00000000,65656.24000000,65158.05000000,65326.89000000,1101.37468000,2024-06-19 07:59:59.999,72036070.26804410,45928,461.75804000,30208645.16632370
2024-06-19 08:00:00,65326.89000000,65356.00000000,65102.00000000,65183.89000000,692.85427000,2024-06-19 08:59:59.999,45178134.99211460,39110,304.46022000,19850808.23248360
2024-06-19 09:00:00,65183.89000000,65306.66000000,65072.00000000,65306.65000000,802.08250000,2024-06-19 09:59:59.999,52294867.15332030,35405,438.38574000,28583563.55154060
2024-06-19 10:00:00,65306.66000000,65520.00000000,65132.09000000,65520.00000000,712.38788000,2024-06-19 10:59:59.999,46509192.22756650,36527,425.78154000,27802549.05215510
2024-06-19 11:00:00,65520.00000000,65544.00000000,65000.00000000,65210.00000000,1644.40047000,2024-06-19 11:59:59.999,107214476.58628610,51104,666.40329000,43452647.13721310
2024-06-19 12:00:00,65210.00000000,65310.02000000,65030.48000000,65192.21000000,629.09782000,2024-06-19 12:59:59.999,40993199.15040940,35960,334.40175000,21791979.10484150
2024-06-19 13:00:00,65192.21000000,65245.21000000,65054.00000000,65090.22000000,580.28069000,2024-06-19 13:59:59.999,37799723.10016810,36827,327.51380000,21334151.30292090
2024-06-19 14:00:00,65090.22000000,65141.89000000,64832.57000000,64952.02000000,1222.80938000,2024-06-19 14:59:59.999,79449880.73130450,67177,640.20275000,41599059.35256780
2024-06-19 15:00:00,64952.02000000,65129.57000000,64756.28000000,64922.00000000,798.50963000,2024-06-19 15:59:59.999,51839808.77975460,52512,403.81843000,26218420.01792790
2024-06-19 16:00:00,64921.99000000,65100.03000000,64807.35000000,64922.26000000,801.58932000,2024-06-19 16:59:59.999,52079417.08972980,48739,413.75923000,26881032.87600560
2024-06-19 17:00:00,64922.26000000,65284.37000000,64894.25000000,65083.99000000,873.54080000,2024-06-19 17:59:59.999,56877824.06835860,73152,480.70386000,31299356.63932710
2024-06-19 18:00:00,65083.99000000,65158.79000000,64964.06000000,64973.00000000,464.92693000,2024-06-19 18:59:59.999,30252689.16834880,33953,202.16433000,13154275.42908380
2024-06-19 19:00:00,64973.00000000,64985.49000000,64791.76000000,64882.01000000,447.24346000,2024-06-19 19:59:59.999,29017941.65392990,37766,191.21217000,12405116.53406670
2024-06-19 20:00:00,64882.02000000,64933.74000000,64666.00000000,64874.76000000,590.94408000,2024-06-19 20:59:59.999,38288927.14845340,49332,273.12777000,17695744.23436440
2024-06-19 21:00:00,64874.76000000,65087.76000000,64836.98000000,65004.38000000,353.32839000,2024-06-19 21:59:59.999,22966012.03987370,25436,195.67738000,12718953.20341140
2024-06-19 22:00:00,65004.38000000,65048.23000000,64836.00000000,64836.01000000,305.30680000,2024-06-19 22:59:59.999,19832753.33058340,22621,145.52239000,9453585.62071080
2024-06-19 23:00:00,64836.01000000,64995.19000000,64805.01000000,64974.37000000,280.11764000,2024-06-19 23:59:59.999,18176704.48906990,26114,153.91987000,9987115.03667540
2024-06-20 00:00:00,64974.37000000,65100.36000000,64818.72000000,65098.01000000,1043.19496000,2024-06-20 00:59:59.999,67729401.24497120,42670,498.54822000,32376389.84167960
2024-06-20 01:00:00,65098.00000000,65407.40000000,65033.02000000,65158.56000000,717.01787000,2024-06-20 01:59:59.999,46747232.78125730,52330,406.46652000,26499092.59902600
2024-06-20 02:00:00,65158.57000000,65237.11000000,64960.00000000,65197.45000000,627.73522000,2024-06-20 02:59:59.999,40866054.65781340,38726,294.82277000,19195730.51666060
2024-06-20 03:00:00,65197.45000000,65244.21000000,65092.00000000,65189.99000000,376.17873000,2024-06-20 03:59:59.999,24517027.72455670,22771,165.91646000,10814053.37809540
2024-06-20 04:00:00,65190.00000000,65338.72000000,65070.91000000,65306.01000000,479.52516000,2024-06-20 04:59:59.999,31262634.74814750,28511,251.18568000,16379931.87418810
2024-06-20 05:00:00,65306.01000000,65613.30000000,65252.00000000,65513.93000000,797.99923000,2024-06-20 05:59:59.999,52194494.26238470,38916,451.31699000,29523235.03329390
2024-06-20 06:00:00,65513.93000000,65635.83000000,65386.00000000,65465.24000000,818.36715000,2024-06-20 06:59:59.999,53635237.81013780,37562,410.24460000,26886965.88137650
2024-06-20 07:00:00,65465.24000000,65967.39000000,65465.23000000,65858.84000000,1122.59755000,2024-06-20 07:59:59.999,73870188.65782590,55212,573.73116000,37749774.65890560
2024-06-20 08:00:00,65858.84000000,65927.48000000,65603.33000000,65690.63000000,700.14490000,2024-06-20 08:59:59.999,46047775.30639920,44076,324.29144000,21329388.91765000
2024-06-20 09:00:00,65690.63000000,65750.32000000,65559.45000000,65719.99000000,726.30298000,2024-06-20 09:59:59.999,47701988.74955680,36346,384.77550000,25271192.87231970
2024-06-20 10:00:00,65719.99000000,66287.49000000,65646.00000000,66209.49000000,869.96099000,2024-06-20 10:59:59.999,57364857.38526930,52033,502.50273000,33142969.01933410
2024-06-20 11:00:00,66209.49000000,66482.94000000,66109.38000000,66169.85000000,1420.28827000,2024-06-20 11:59:59.999,94167007.98175000,78828,673.50141000,44654839.24547620
2024-06-20 12:00:00,66169.86000000,66300.50000000,65864.88000000,65979.99000000,1282.52182000,2024-06-20 12:59:59.999,84721827.82722310,70652,572.98215000,37851478.14394880
2024-06-20 13:00:00,65979.99000000,65998.00000000,65136.22000000,65142.65000000,2651.10672000,2024-06-20 13:59:59.999,173605192.21906120,137820,1193.14650000,78115559.41822150
2024-06-20 14:00:00,65142.65000000,65188.99000000,64658.06000000,64952.02000000,1979.37081000,2024-06-20 14:59:59.999,128494932.86750910,112699,905.17057000,58761605.49745080
2024-06-20 15:00:00,64952.02000000,65126.91000000,64788.40000000,64831.23000000,1418.76770000,2024-06-20 15:59:59.999,92114393.76080170,75956,647.50515000,42042205.11954780
2024-06-20 16:00:00,64831.24000000,64950.00000000,64559.15000000,64888.00000000,1552.45060000,2024-06-20 16:59:59.999,100497907.24989290,76921,760.41533000,49226635.41894930
2024-06-20 17:00:00,64887.99000000,65027.26000000,64690.79000000,64970.02000000,778.89348000,2024-06-20 17:59:59.999,50481824.80648590,41435,410.40701000,26598632.03593220
2024-06-20 18:00:00,64970.01000000,65217.21000000,64940.00000000,65116.01000000,712.23293000,2024-06-20 18:59:59.999,46349036.34095850,39332,393.87765000,25629772.66820790
2024-06-20 19:00:00,65116.01000000,65116.01000000,64830.00000000,65050.00000000,2164.87422000,2024-06-20 19:59:59.999,140755100.85458720,76520,1125.73331000,73185853.66429010
2024-06-20 20:00:00,65049.99000000,65200.11000000,65001.97000000,65099.99000000,776.74481000,2024-06-20 20:59:59.999,50581303.61923130,27421,395.66513000,25763111.19075170
2024-06-20 21:00:00,65100.00000000,65188.23000000,65040.51000000,65050.46000000,272.03163000,2024-06-20 21:59:59.999,17709924.36672700,20642,151.93578000,9891628.04070830
2024-06-20 22:00:00,65050.47000000,65150.48000000,64970.00000000,64989.95000000,288.29161000,2024-06-20 22:59:59.999,18750868.29061620,31274,136.49452000,8877876.42399900
2024-06-20 23:00:00,64989.95000000,65064.42000000,64848.70000000,64869.99000000,688.69097000,2024-06-20 23:59:59.999,44729938.65320620,44034,198.24276000,12878149.75698340
2024-06-21 00:00:00,64869.99000000,64940.00000000,64635.49000000,64832.00000000,752.02054000,2024-06-21 00:59:59.999,48749244.20447850,55108,368.37978000,23882145.36604030
2024-06-21 01:00:00,64832.00000000,65015.40000000,64655.17000000,64967.98000000,938.18606000,2024-06-21 01:59:59.999,60819265.76461970,55996,388.27679000,25176827.26489790
2024-06-21 02:00:00,64967.99000000,65066.66000000,64721.01000000,64786.00000000,555.58921000,2024-06-21 02:59:59.999,36046583.64238350,34790,232.00085000,15053597.44442840
2024-06-21 03:00:00,64786.00000000,64832.75000000,64345.00000000,64506.14000000,905.30357000,2024-06-21 03:59:59.999,58530491.79759830,40615,318.15607000,20576770.66765890
2024-06-21 04:00:00,64506.15000000,64673.02000000,64318.00000000,64670.00000000,832.17164000,2024-06-21 04:59:59.999,53690874.42328820,37491,413.46037000,26671549.05560120
2024-06-21 05:00:00,64670.00000000,64681.02000000,64508.00000000,64661.47000000,524.09296000,2024-06-21 05:59:59.999,33850576.91471910,25474,221.27919000,14292734.43225000
2024-06-21 06:00:00,64661.47000000,64736.10000000,64562.50000000,64627.64000000,627.49011000,2024-06-21 06:59:59.999,40564783.86216990,30581,273.13597000,17656628.03632300
2024-06-21 07:00:00,64627.64000000,64739.09000000,64190.76000000,64201.63000000,1033.34054000,2024-06-21 07:59:59.999,66620847.54293400,56248,415.62283000,26797932.34395120
2024-06-21 08:00:00,64201.63000000,64372.15000000,63522.75000000,63639.64000000,2349.97676000,2024-06-21 08:59:59.999,150370487.84907520,96253,891.46942000,57054869.42388380
2024-06-21 09:00:00,63639.64000000,64300.00000000,63564.37000000,64100.00000000,1803.08001000,2024-06-21 09:59:59.999,115209632.47431260,82580,956.20721000,61098361.05794510
2024-06-21 10:00:00,64100.00000000,64174.00000000,63814.00000000,63896.02000000,856.49464000,2024-06-21 10:59:59.999,54803315.98975530,40648,421.22427000,26950802.19177610
2024-06-21 11:00:00,63896.02000000,64060.01000000,63672.55000000,63770.00000000,1106.70545000,2024-06-21 11:59:59.999,70697329.50719180,53183,455.95321000,29119220.70279980
2024-06-21 12:00:00,63770.01000000,63929.98000000,63505.00000000,63827.39000000,1278.63406000,2024-06-21 12:59:59.999,81467410.68907680,71230,614.47315000,39152564.22072120
2024-06-21 13:00:00,63827.39000000,63879.07000000,63379.35000000,63615.21000000,2331.22014000,2024-06-21 13:59:59.999,148369957.14773320,99948,1159.65121000,73818739.53163930
2024-06-21 14:00:00,63615.21000000,64360.00000000,63452.47000000,64222.84000000,2304.87226000,2024-06-21 14:59:59.999,147522829.79508770,97875,1297.03571000,82987714.36504860
2024-06-21 15:00:00,64222.83000000,64353.54000000,63445.41000000,63732.02000000,2003.80076000,2024-06-21 15:59:59.999,127968653.31357060,91381,1024.99651000,65465928.06940290
2024-06-21 16:00:00,63732.02000000,63838.71000000,63564.56000000,63657.29000000,1135.06578000,2024-06-21 16:59:59.999,72329020.72577980,57477,635.58179000,40504669.88477360
2024-06-21 17:00:00,63657.28000000,63891.68000000,63465.17000000,63671.04000000,964.64571000,2024-06-21 17:59:59.999,61413145.11843670,60728,502.47310000,31994714.29980660
2024-06-21 18:00:00,63671.04000000,64187.03000000,63648.02000000,64172.01000000,1073.12054000,2024-06-21 18:59:59.999,68621125.90433210,60978,629.30229000,40245462.09706140
2024-06-21 19:00:00,64172.01000000,64264.95000000,63944.12000000,64232.01000000,862.93662000,2024-06-21 19:59:59.999,55314226.14491870,55289,445.29392000,28541957.97422310
2024-06-21 20:00:00,64232.01000000,64460.14000000,64099.89000000,64200.52000000,648.78071000,2024-06-21 20:59:59.999,41699147.06754500,43793,336.70335000,21641870.92039800
2024-06-21 21:00:00,64200.52000000,64208.00000000,63828.09000000,64084.43000000,473.39359000,2024-06-21 21:59:59.999,30301520.67772360,64155,194.88634000,12474269.90905290
2024-06-21 22:00:00,64084.44000000,64199.70000000,64084.44000000,64155.02000000,357.67606000,2024-06-21 22:59:59.999,22947074.05972730,27243,185.24681000,11884128.22129880
2024-06-21 23:00:00,64155.02000000,64224.00000000,64072.00000000,64143.56000000,274.96670000,2024-06-21 23:59:59.999,17633995.09215830,23553,162.44946000,10419153.21092650
2024-06-22 00:00:00,64143.56000000,64185.90000000,63943.82000000,64056.47000000,461.16193000,2024-06-22 00:59:59.999,29543140.78953670,41782,173.86175000,11139499.30656660
2024-06-22 01:00:00,64056.46000000,64221.45000000,64056.46000000,64144.33000000,285.47049000,2024-06-22 01:59:59.999,18310259.78061000,20535,126.69127000,8125249.02381410
2024-06-22 02:00:00,64144.34000000,64342.54000000,64144.34000000,64303.40000000,570.81187000,2024-06-22 02:59:59.999,36690202.88486140,25800,354.33695000,22775118.28582730
2024-06-22 03:00:00,64303.41000000,64332.00000000,64271.95000000,64327.45000000,297.58960000,2024-06-22 03:59:59.999,19136973.26830880,30140,187.15446000,12035234.09978980
2024-06-22 04:00:00,64327.46000000,64367.17000000,64253.07000000,64364.11000000,377.51077000,2024-06-22 04:59:59.999,24272535.19373770,25777,209.69473000,13482682.71870100
2024-06-22 05:00:00,64364.12000000,64427.98000000,64257.79000000,64424.21000000,463.65510000,2024-06-22 05:59:59.999,29841375.43198880,28505,251.97659000,16218915.69103930
2024-06-22 06:00:00,64424.21000000,64530.61000000,64362.06000000,64430.00000000,602.16681000,2024-06-22 06:59:59.999,38806629.43132840,38126,336.38057000,21678983.78361720
2024-06-22 07:00:00,64430.01000000,64540.26000000,64324.67000000,64520.00000000,678.37346000,2024-06-22 07:59:59.999,43705093.78689440,32003,368.87603000,23766728.67242610
2024-06-22 08:00:00,64519.99000000,64546.81000000,64284.00000000,64289.15000000,475.33250000,2024-06-22 08:59:59.999,30608041.26414840,30963,205.93806000,13260737.76417000
2024-06-22 09:00:00,64289.16000000,64338.28000000,64214.43000000,64325.99000000,284.74271000,2024-06-22 09:59:59.999,18306259.89895340,26513,130.33526000,8379175.63706520
2024-06-22 10:00:00,64325.99000000,64372.66000000,64280.00000000,64311.71000000,343.46448000,2024-06-22 10:59:59.999,22094476.00095470,20430,165.15998000,10624905.48768640
2024-06-22 11:00:00,64311.72000000,64320.00000000,64237.58000000,64265.26000000,272.80866000,2024-06-22 11:59:59.999,17536339.80314600,23677,102.63103000,6596716.18895050
2024-06-22 12:00:00,64265.27000000,64336.00000000,64265.26000000,64297.84000000,226.94866000,2024-06-22 12:59:59.999,14592734.18330560,19265,125.45042000,8066218.21786560
2024-06-22 13:00:00,64297.85000000,64303.22000000,64246.52000000,64284.00000000,267.01339000,2024-06-22 13:59:59.999,17163533.56013880,22674,129.32599000,8312792.97723390
2024-06-22 14:00:00,64284.00000000,64397.82000000,64250.25000000,64287.96000000,268.62232000,2024-06-22 14:59:59.999,17279084.90917710,27336,134.03097000,8621676.00228890
2024-06-22 15:00:00,64287.96000000,64307.09000000,64255.01000000,64307.08000000,167.80696000,2024-06-22 15:59:59.999,10787002.32851740,20023,83.95390000,5396660.47029070
2024-06-22 16:00:00,64307.09000000,64362.00000000,64272.29000000,64321.28000000,179.08080000,2024-06-22 16:59:59.999,11517033.56927310,20240,103.97122000,6686129.41668860
2024-06-22 17:00:00,64321.29000000,64348.87000000,64255.00000000,64256.37000000,176.04539000,2024-06-22 17:59:59.999,11319286.00149540,15329,95.80142000,6160216.28341230
2024-06-22 18:00:00,64256.38000000,64328.94000000,64250.71000000,64260.81000000,199.49552000,2024-06-22 18:59:59.999,12822808.91125130,14575,127.37009000,8186690.99086880
2024-06-22 19:00:00,64260.82000000,64295.02000000,64218.50000000,64295.01000000,174.47579000,2024-06-22 19:59:59.999,11211575.77028170,19319,107.02039000,6876931.99479420
2024-06-22 20:00:00,64295.01000000,64303.48000000,64246.01000000,64283.99000000,127.19799000,2024-06-22 20:59:59.999,8175362.86594420,16961,52.37528000,3365999.77581660
2024-06-22 21:00:00,64284.00000000,64330.00000000,64266.80000000,64330.00000000,118.36581000,2024-06-22 21:59:59.999,7610104.87473960,13343,52.06187000,3347260.19028500
2024-06-22 22:00:00,64330.00000000,64330.00000000,64272.09000000,64315.79000000,99.20098000,2024-06-22 22:59:59.999,6378139.44919570,16430,52.89592000,3400802.30992990
2024-06-22 23:00:00,64315.79000000,64328.00000000,64260.00000000,64262.01000000,191.61343000,2024-06-22 23:59:59.999,12319253.38241970,13086,78.99630000,5078570.16523380
2024-06-23 00:00:00,64262.01000000,64520.00000000,64262.00000000,64476.43000000,472.64444000,2024-06-23 00:59:59.999,30436241.24138130,29404,291.18115000,18748070.24985130
2024-06-23 01:00:00,64476.44000000,64521.00000000,64329.36000000,64476.19000000,310.34267000,2024-06-23 01:59:59.999,19998531.98840140,21615,143.95347000,9276079.55866640
2024-06-23 02:00:00,64476.20000000,64507.17000000,64370.00000000,64507.17000000,257.21046000,2024-06-23 02:59:59.999,16573508.73583750,16098,127.03690000,8186603.62697910
2024-06-23 03:00:00,64507.17000000,64519.57000000,64416.13000000,64416.14000000,182.71393000,2024-06-23 03:59:59.999,11779177.39230880,14630,65.46598000,4220454.56071300
2024-06-23 04:00:00,64416.14000000,64428.25000000,64375.19000000,64378.02000000,151.16526000,2024-06-23 04:59:59.999,9734825.72421070,12668,55.17717000,3553292.27007340
2024-06-23 05:00:00,64378.02000000,64419.98000000,64349.49000000,64380.00000000,127.56865000,2024-06-23 05:59:59.999,8213290.63461750,12534,59.66988000,3841634.53305620
2024-06-23 06:00:00,64380.01000000,64413.58000000,64380.00000000,64386.50000000,104.96806000,2024-06-23 06:59:59.999,6759296.43763830,11680,46.10178000,2968631.95601010
2024-06-23 07:00:00,64386.51000000,64433.03000000,64376.41000000,64415.27000000,142.71216000,2024-06-23 07:59:59.999,9191156.60938150,15625,68.32887000,4400823.38808350
2024-06-23 08:00:00,64415.27000000,64435.72000000,64384.19000000,64395.43000000,146.36716000,2024-06-23 08:59:59.999,9425335.17703420,11867,80.02090000,5152812.32901040
2024-06-23 09:00:00,64395.44000000,64437.28000000,64395.43000000,64418.81000000,303.74792000,2024-06-23 09:59:59.999,19568097.12306520,18753,164.01033000,10565364.78379590
2024-06-23 10:00:00,64418.81000000,64418.81000000,64281.32000000,64305.60000000,283.29094000,2024-06-23 10:59:59.999,18228013.93823730,21530,81.30152000,5230665.62821960
2024-06-23 11:00:00,64305.60000000,64341.46000000,64252.85000000,64341.45000000,212.32588000,2024-06-23 11:59:59.999,13652024.73741790,19682,121.68494000,7824348.04165050
2024-06-23 12:00:00,64341.46000000,64376.00000000,64318.15000000,64375.99000000,177.48139000,2024-06-23 12:59:59.999,11420215.26730450,15236,105.64484000,6797517.23846750
2024-06-23 13:00:00,64376.00000000,64429.10000000,64254.02000000,64297.79000000,308.12524000,2024-06-23 13:59:59.999,19821348.35567910,23245,144.96282000,9324730.37042930
2024-06-23 14:00:00,64297.79000000,64310.00000000,64140.90000000,64192.01000000,370.05892000,2024-06-23 14:59:59.999,23769264.20171140,34911,149.83710000,9624690.00043160
2024-06-23 15:00:00,64192.00000000,64200.00000000,64049.41000000,64094.00000000,527.46436000,2024-06-23 15:59:59.999,33821483.86695020,31373,276.24514000,17713836.62004150
2024-06-23 16:00:00,64094.01000000,64180.01000000,63918.58000000,63927.49000000,529.59170000,2024-06-23 16:59:59.999,33923154.99544890,44044,270.07532000,17301871.80081700
2024-06-23 17:00:00,63927.48000000,64178.76000000,63927.48000000,64120.39000000,517.17854000,2024-06-23 17:59:59.999,33137219.73742680,34932,319.33444000,20458167.77720710
2024-06-23 18:00:00,64120.39000000,64153.39000000,64068.00000000,64111.98000000,193.89915000,2024-06-23 18:59:59.999,12429766.91791370,16906,115.68360000,7415524.23880500
2024-06-23 19:00:00,64111.99000000,64187.62000000,64094.45000000,64149.78000000,189.70895000,2024-06-23 19:59:59.999,12166916.17686630,17515,119.79749000,7683008.34104680
2024-06-23 20:00:00,64149.78000000,64159.00000000,63601.01000000,63740.01000000,740.60659000,2024-06-23 20:59:59.999,47269707.67686280,42483,314.50512000,20066198.86187020
2024-06-23 21:00:00,63740.02000000,63860.00000000,63536.00000000,63844.67000000,597.62536000,2024-06-23 21:59:59.999,38075453.33143830,40465,314.82372000,20061123.06263470
2024-06-23 22:00:00,63844.67000000,63844.67000000,63639.99000000,63657.99000000,358.10896000,2024-06-23 22:59:59.999,22821781.84096310,33952,157.61768000,10043804.95999760
2024-06-23 23:00:00,63658.00000000,63700.01000000,63178.32000000,63210.01000000,1019.54778000,2024-06-23 23:59:59.999,64632712.89484850,51611,382.21948000,24226481.33601960
2024-06-24 00:00:00,63210.01000000,63336.32000000,62903.69000000,63080.00000000,1925.84276000,2024-06-24 00:59:59.999,121535989.05204620,94434,684.53985000,43218735.79533700
2024-06-24 01:00:00,63080.01000000,63348.32000000,62920.00000000,63315.99000000,935.34633000,2024-06-24 01:59:59.999,59043811.83542040,68058,508.95963000,32130182.28037240
2024-06-24 02:00:00,63315.99000000,63369.80000000,62695.02000000,62880.94000000,1067.46485000,2024-06-24 02:59:59.999,67283130.15592490,51238,444.16488000,27989857.87361960
2024-06-24 03:00:00,62880.95000000,63077.44000000,62767.65000000,62862.00000000,697.96527000,2024-06-24 03:59:59.999,43913684.07689650,37826,334.95944000,21074141.09399960
2024-06-24 04:00:00,62862.00000000,62952.00000000,62634.00000000,62840.97000000,793.08191000,2024-06-24 04:59:59.999,49795376.99694190,43207,391.84220000,24600293.35867710
2024-06-24 05:00:00,62840.96000000,62881.86000000,62258.01000000,62314.01000000,1848.67059000,2024-06-24 05:59:59.999,115587412.38618350,131188,804.50471000,50309051.45658980
2024-06-24 06:00:00,62314.01000000,62426.00000000,62160.72000000,62405.00000000,1118.00877000,2024-06-24 06:59:59.999,69670488.46696180,52967,570.54761000,35553881.85099910
2024-06-24 07:00:00,62405.00000000,62596.24000000,62177.37000000,62456.00000000,1308.32245000,2024-06-24 07:59:59.999,81637259.04890120,47403,710.51546000,44339259.17111360
2024-06-24 08:00:00,62456.00000000,62975.60000000,62340.01000000,62730.92000000,1372.26622000,2024-06-24 08:59:59.999,86039823.84310450,67020,708.51052000,44420567.27350400
2024-06-24 09:00:00,62730.92000000,62867.00000000,60567.01000000,61402.28000000,6567.42005000,2024-06-24 09:59:59.999,403677286.72236990,273073,2825.73516000,173706827.39512200
2024-06-24 10:00:00,61402.28000000,61582.00000000,61125.00000000,61167.15000000,2512.20979000,2024-06-24 10:59:59.999,154093221.08804480,103373,1208.12875000,74109762.37881640
2024-06-24 11:00:00,61167.15000000,61382.65000000,60836.09000000,61291.95000000,1684.89795000,2024-06-24 11:59:59.999,102928082.85186190,69207,855.05130000,52253138.82249330
2024-06-24 12:00:00,61291.95000000,61514.55000000,61121.21000000,61215.21000000,1297.70351000,2024-06-24 12:59:59.999,79572604.36529420,60771,710.12394000,43544303.80864340
2024-06-24 13:00:00,61215.21000000,61649.63000000,60915.93000000,61569.20000000,1473.03430000,2024-06-24 13:59:59.999,90216841.27390880,86453,756.95062000,46373895.99076100
2024-06-24 14:00:00,61569.19000000,61700.00000000,61100.00000000,61303.41000000,1418.61356000,2024-06-24 14:59:59.999,87079924.32818250,74599,771.47432000,47360220.80258090
2024-06-24 15:00:00,61303.41000000,61368.00000000,60670.36000000,60843.99000000,1607.60340000,2024-06-24 15:59:59.999,98176708.40715660,75701,686.99858000,41964990.55320210
2024-06-24 16:00:00,60843.99000000,61044.44000000,60000.00000000,60168.01000000,4635.48117000,2024-06-24 16:59:59.999,280630842.70230720,140766,1907.86448000,115514665.81665770
2024-06-24 17:00:00,60168.01000000,60548.46000000,59859.00000000,60244.89000000,6177.39401000,2024-06-24 17:59:59.999,371531834.24633960,211997,3049.68218000,183426578.47344240
2024-06-24 18:00:00,60244.89000000,60487.00000000,59711.20000000,60412.01000000,2431.20962000,2024-06-24 18:59:59.999,146298761.82556670,88270,1184.46533000,71291240.05177320
2024-06-24 19:00:00,60412.01000000,60478.34000000,59058.00000000,59306.72000000,3165.80995000,2024-06-24 19:59:59.999,188897071.49323030,108995,1400.30693000,83516602.85948610
2024-06-24 20:00:00,59306.72000000,59660.00000000,58402.00000000,59514.00000000,4532.01753000,2024-06-24 20:59:59.999,267866962.91397330,153527,2113.20734000,124967737.13310400
2024-06-24 21:00:00,59514.00000000,60119.24000000,59411.11000000,60119.24000000,1967.93007000,2024-06-24 21:59:59.999,117673810.03784230,82147,1073.63291000,64202247.69111850
2024-06-24 22:00:00,60119.24000000,60277.11000000,59985.79000000,60048.98000000,798.42749000,2024-06-24 22:59:59.999,47999645.89813680,33273,367.03471000,22065481.21957600
2024-06-24 23:00:00,60048.98000000,60442.71000000,60002.59000000,60293.30000000,824.63259000,2024-06-24 23:59:59.999,49702886.90815500,35294,426.39343000,25699474.37566510
2024-06-25 00:00:00,60293.30000000,60664.30000000,60257.06000000,60409.11000000,1114.44867000,2024-06-25 00:59:59.999,67319288.55773540,43070,655.70527000,39610197.03367600
2024-06-25 01:00:00,60409.11000000,60511.00000000,60282.00000000,60492.00000000,470.01385000,2024-06-25 01:59:59.999,28382554.03613950,28407,247.82039000,14966247.66364520
2024-06-25 02:00:00,60492.00000000,60725.05000000,60412.00000000,60676.01000000,759.35590000,2024-06-25 02:59:59.999,45999895.08350170,50294,412.20624000,24970309.26041930
2024-06-25 03:00:00,60676.01000000,61598.87000000,60624.22000000,61302.59000000,2473.83812000,2024-06-25 03:59:59.999,151639396.03336980,90095,1185.44680000,72630680.28583330
2024-06-25 04:00:00,61302.59000000,61420.00000000,61160.05000000,61371.27000000,1053.71457000,2024-06-25 04:59:59.999,64579655.83452790,75546,534.06170000,32727910.70977490
2024-06-25 05:00:00,61371.27000000,61420.00000000,60931.90000000,61024.01000000,779.22902000,2024-06-25 05:59:59.999,47676835.73168840,47975,316.88564000,19396294.04957360
2024-06-25 06:00:00,61024.01000000,61188.39000000,60958.00000000,61139.67000000,853.86078000,2024-06-25 06:59:59.999,52160195.80071570,30309,421.37961000,25742052.36146120
2024-06-25 07:00:00,61139.67000000,61255.60000000,60624.63000000,60685.16000000,1391.58252000,2024-06-25 07:59:59.999,84673302.76905830,49653,642.87576000,39114230.56269010
2024-06-25 08:00:00,60685.16000000,60911.63000000,60668.01000000,60860.12000000,889.81277000,2024-06-25 08:59:59.999,54098243.33746390,44055,435.83462000,26499031.31375020
2024-06-25 09:00:00,60860.11000000,61583.18000000,60838.48000000,61468.01000000,1341.74689000,2024-06-25 09:59:59.999,82089148.58874320,49539,797.09270000,48779002.29303900
2024-06-25 10:00:00,61468.01000000,61468.01000000,61156.38000000,61317.17000000,1319.27220000,2024-06-25 10:59:59.999,80882948.35757500,41589,592.84475000,36348457.47854550
2024-06-25 11:00:00,61317.17000000,61488.71000000,61125.17000000,61187.64000000,1128.24023000,2024-06-25 11:59:59.999,69170970.90624010,42918,494.63907000,30328156.87325640
2024-06-25 12:00:00,61187.64000000,61270.13000000,60953.23000000,61048.51000000,1426.88080000,2024-06-25 12:59:59.999,87217925.34415210,53933,553.19062000,33813103.57433940
2024-06-25 13:00:00,61048.51000000,61432.42000000,61012.00000000,61200.00000000,1361.76099000,2024-06-25 13:59:59.999,83322516.80287020,53425,610.09077000,37333218.47103730
2024-06-25 14:00:00,61200.00000000,62134.00000000,61155.75000000,61763.44000000,3157.36991000,2024-06-25 14:59:59.999,195033469.36254650,119197,1616.09632000,99833407.69217430
2024-06-25 15:00:00,61763.44000000,61960.00000000,61314.66000000,61810.00000000,2789.78876000,2024-06-25 15:59:59.999,172097067.35345700,110017,1355.48007000,83623091.12786480
2024-06-25 16:00:00,61810.00000000,61939.23000000,61364.31000000,61390.01000000,1776.15816000,2024-06-25 16:59:59.999,109432892.41480030,60022,851.98932000,52494100.07596870
2024-06-25 17:00:00,61387.40000000,61780.00000000,61331.47000000,61381.44000000,1054.39397000,2024-06-25 17:59:59.999,64947094.28707390,46715,503.55125000,31020331.09857890
2024-06-25 18:00:00,61381.44000000,62230.00000000,61135.37000000,62159.09000000,2134.65931000,2024-06-25 18:59:59.999,131720311.63449630,84074,1176.53780000,72617511.47964000
2024-06-25 19:00:00,62159.09000000,62420.00000000,61806.12000000,61975.46000000,1562.78050000,2024-06-25 19:59:59.999,96952279.13650680,51685,834.94031000,51802532.12209280
2024-06-25 20:00:00,61975.46000000,62079.47000000,61872.26000000,61924.01000000,711.66315000,2024-06-25 20:59:59.999,44102430.25034570,27413,273.76929000,16966609.13219570
2024-06-25 21:00:00,61924.00000000,62030.00000000,61810.00000000,61916.53000000,431.56954000,2024-06-25 21:59:59.999,26712331.51615590,23222,206.69058000,12792512.31786200
2024-06-25 22:00:00,61916.53000000,62162.49000000,61866.68000000,61909.99000000,479.20552000,2024-06-25 22:59:59.999,29733036.64460680,25401,254.43831000,15788296.46416740
2024-06-25 23:00:00,61909.99000000,61946.39000000,61664.00000000,61806.01000000,727.89748000,2024-06-25 23:59:59.999,44957519.06209970,28927,386.51739000,23874325.06935550
2024-06-26 00:00:00,61806.01000000,61861.15000000,61643.48000000,61767.72000000,636.93974000,2024-06-26 00:59:59.999,39349239.33010670,26237,367.80217000,22722850.46765450
2024-06-26 01:00:00,61767.72000000,62184.31000000,61728.17000000,62090.01000000,1251.60881000,2024-06-26 01:59:59.999,77559401.48979820,40659,772.62547000,47878046.16305260
2024-06-26 02:00:00,62090.01000000,62487.81000000,62012.73000000,62028.01000000,1073.78712000,2024-06-26 02:59:59.999,66818291.35953050,40647,547.90990000,34098048.52371070
2024-06-26 03:00:00,62028.01000000,62079.99000000,61850.75000000,61936.07000000,576.48555000,2024-06-26 03:59:59.999,35722483.88200800,30211,247.25939000,15323250.81914240
2024-06-26 04:00:00,61936.07000000,61990.00000000,61712.94000000,61712.96000000,880.71261000,2024-06-26 04:59:59.999,54424431.39745960,33364,485.64065000,30008014.25095010
2024-06-26 05:00:00,61712.96000000,61795.99000000,61553.95000000,61562.01000000,972.33006000,2024-06-26 05:59:59.999,59951157.05322870,32631,438.83388000,27057884.22938700
2024-06-26 06:00:00,61562.01000000,61678.83000000,61520.00000000,61577.21000000,732.54122000,2024-06-26 06:59:59.999,45120214.10469810,30977,366.99798000,22604684.63438030
2024-06-26 07:00:00,61577.21000000,61800.00000000,61530.00000000,61720.02000000,906.53293000,2024-06-26 07:59:59.999,55889962.58870280,33534,416.75415000,25694484.96383480
2024-06-26 08:00:00,61720.02000000,61754.60000000,61370.44000000,61472.48000000,860.37161000,2024-06-26 08:59:59.999,52934600.02248490,38070,323.79488000,19920449.52962670
2024-06-26 09:00:00,61472.48000000,61524.34000000,61310.00000000,61376.73000000,662.64915000,2024-06-26 09:59:59.999,40702207.54998850,32378,279.21283000,17149920.58917330
2024-06-26 10:00:00,61376.73000000,61418.82000000,61149.64000000,61264.30000000,1239.97558000,2024-06-26 10:59:59.999,75967113.64530540,41511,621.76395000,38092787.29362920
2024-06-26 11:00:00,61264.30000000,61561.47000000,61264.29000000,61445.26000000,730.40766000,2024-06-26 11:59:59.999,44845315.58506610,33583,358.58260000,22014771.74307440
2024-06-26 12:00:00,61445.26000000,61588.13000000,61338.00000000,61431.47000000,1095.23360000,2024-06-26 12:59:59.999,67311115.40938600,46811,564.78170000,34707354.24914870
2024-06-26 13:00:00,61431.47000000,61840.34000000,61381.08000000,61760.00000000,1116.88699000,2024-06-26 13:59:59.999,68809090.43605950,47107,620.56508000,38227664.37732490
2024-06-26 14:00:00,61760.00000000,61980.00000000,61549.61000000,61728.13000000,1237.91032000,2024-06-26 14:59:59.999,76500665.52278300,64748,671.20460000,41485129.15583460
2024-06-26 15:00:00,61728.13000000,61766.00000000,61182.80000000,61467.86000000,1263.87551000,2024-06-26 15:59:59.999,77571544.67345960,72090,558.60994000,34286276.52495450
2024-06-26 16:00:00,61467.85000000,61547.02000000,61151.63000000,61274.01000000,939.79382000,2024-06-26 16:59:59.999,57684296.27728630,56116,451.95569000,27740653.40617130
2024-06-26 17:00:00,61274.00000000,61358.76000000,60855.00000000,61242.00000000,1753.70824000,2024-06-26 17:59:59.999,107066798.34507200,88205,890.20374000,54349708.71903700
2024-06-26 18:00:00,61242.00000000,61245.92000000,60902.00000000,60910.02000000,832.68478000,2024-06-26 18:59:59.999,50828422.08621290,55537,405.27857000,24737703.22697000
2024-06-26 19:00:00,60910.02000000,61142.00000000,60715.30000000,61000.01000000,1489.50301000,2024-06-26 19:59:59.999,90706782.19134520,92076,839.50082000,51121387.52656470
2024-06-26 20:00:00,61000.01000000,61155.66000000,60712.00000000,60993.36000000,1103.64524000,2024-06-26 20:59:59.999,67214045.86627740,99163,582.45128000,35470807.61343190
2024-06-26 21:00:00,60993.36000000,61080.00000000,60921.04000000,61054.35000000,371.43605000,2024-06-26 21:59:59.999,22663421.19972280,28635,223.11628000,13613231.50123740
2024-06-26 22:00:00,61054.35000000,61054.36000000,60783.13000000,60924.61000000,429.15827000,2024-06-26 22:59:59.999,26145532.45372940,24625,224.18005000,13659019.05913340
2024-06-26 23:00:00,60924.61000000,60969.79000000,60783.26000000,60864.99000000,327.48676000,2024-06-26 23:59:59.999,19930860.88578030,23237,176.00093000,10712081.86912370
2024-06-27 00:00:00,60864.98000000,61052.65000000,60764.73000000,60982.00000000,711.03625000,2024-06-27 00:59:59.999,43307837.47569570,43008,390.87333000,23808771.97796870
2024-06-27 01:00:00,60982.00000000,61150.00000000,60890.47000000,61064.01000000,521.26664000,2024-06-27 01:59:59.999,31820051.14005940,39050,265.23008000,16188338.51677600
2024-06-27 02:00:00,61064.01000000,61096.02000000,60852.87000000,61029.49000000,453.58608000,2024-06-27 02:59:59.999,27656219.57972600,29559,232.89204000,14201722.65566800
2024-06-27 03:00:00,61029.49000000,61300.00000000,60946.01000000,61037.31000000,705.11535000,2024-06-27 03:59:59.999,43079006.19556730,33975,361.29451000,22074864.44866420
2024-06-27 04:00:00,61037.31000000,61192.00000000,61013.24000000,61114.02000000,468.57266000,2024-06-27 04:59:59.999,28641010.40636390,26433,266.11609000,16264117.63042300
2024-06-27 05:00:00,61114.02000000,61148.84000000,60792.00000000,60805.50000000,542.57773000,2024-06-27 05:59:59.999,33071047.53328200,35054,232.50499000,14170402.96829410
2024-06-27 06:00:00,60805.50000000,60853.06000000,60606.63000000,60742.01000000,1033.96191000,2024-06-27 06:59:59.999,62793957.77348270,52388,611.62934000,37147180.76009050
2024-06-27 07:00:00,60742.00000000,60914.51000000,60715.54000000,60794.01000000,669.62418000,2024-06-27 07:59:59.999,40718826.05306440,34008,381.94474000,23224702.43533550
2024-06-27 08:00:00,60794.01000000,60866.00000000,60736.62000000,60866.00000000,435.21925000,2024-06-27 08:59:59.999,26462123.13028390,25541,218.98686000,13314701.95185550
2024-06-27 09:00:00,60866.00000000,61346.00000000,60818.00000000,61282.78000000,824.33069000,2024-06-27 09:59:59.999,50346220.07781810,40666,523.22004000,31960305.49894350
2024-06-27 10:00:00,61282.78000000,61455.15000000,61110.00000000,61110.01000000,788.44759000,2024-06-27 10:59:59.999,48298038.63696300,45924,360.59703000,22091561.26826680
2024-06-27 11:00:00,61110.01000000,61314.20000000,61096.00000000,61196.02000000,580.05999000,2024-06-27 11:59:59.999,35501954.32371860,41175,278.64637000,17055840.09500840
2024-06-27 12:00:00,61196.01000000,61660.00000000,61154.60000000,61341.88000000,1198.51794000,2024-06-27 12:59:59.999,73524207.53812080,66323,637.19002000,39091295.30661140
2024-06-27 13:00:00,61341.87000000,61994.00000000,61314.00000000,61990.00000000,1761.82668000,2024-06-27 13:59:59.999,108724626.45738410,128567,904.36733000,55804910.92198710
2024-06-27 14:00:00,61990.00000000,62389.22000000,61696.64000000,61729.99000000,2096.81938000,2024-06-27 14:59:59.999,130276089.41704210,105143,988.20556000,61405925.14127920
2024-06-27 15:00:00,61730.00000000,61855.23000000,61532.45000000,61576.00000000,1189.89492000,2024-06-27 15:59:59.999,73408578.79421100,58845,517.23247000,31914721.76510290
2024-06-27 16:00:00,61576.00000000,61829.99000000,61539.77000000,61714.57000000,716.51025000,2024-06-27 16:59:59.999,44209191.43659430,38096,346.27753000,21364997.40175540
2024-06-27 17:00:00,61714.58000000,62015.52000000,61690.00000000,61842.11000000,655.06938000,2024-06-27 17:59:59.999,40522360.28340880,35488,345.85215000,21395983.85431050
2024-06-27 18:00:00,61842.11000000,61930.00000000,61740.00000000,61882.39000000,516.02192000,2024-06-27 18:59:59.999,31900438.31609550,33162,226.65193000,14011190.65968420
2024-06-27 19:00:00,61882.39000000,61890.00000000,61411.70000000,61450.00000000,669.77212000,2024-06-27 19:59:59.999,41233221.26698310,42748,245.14412000,15091231.22120790
2024-06-27 20:00:00,61450.00000000,61582.00000000,61338.56000000,61493.11000000,559.60341000,2024-06-27 20:59:59.999,34405740.19268950,31629,276.08692000,16975614.36159630
2024-06-27 21:00:00,61493.11000000,61587.06000000,61472.01000000,61536.04000000,310.78152000,2024-06-27 21:59:59.999,19123794.55885010,20055,139.75412000,8599470.00668770
2024-06-27 22:00:00,61536.04000000,61672.46000000,61523.03000000,61640.01000000,339.93213000,2024-06-27 22:59:59.999,20945180.58721630,27534,183.25524000,11290863.03330020
2024-06-27 23:00:00,61640.01000000,61719.92000000,61611.00000000,61706.47000000,595.73834000,2024-06-27 23:59:59.999,36735443.60827140,27805,364.31219000,22465417.17636640
2024-06-28 00:00:00,61706.46000000,61729.85000000,61472.37000000,61560.00000000,596.69218000,2024-06-28 00:59:59.999,36767495.56443380,31248,267.32551000,16476410.28438610
2024-06-28 01:00:00,61559.99000000,62225.31000000,61500.00000000,62091.99000000,1166.68712000,2024-06-28 01:59:59.999,72278845.07075940,66683,680.40501000,42146234.81526060
2024-06-28 02:00:00,62091.99000000,62149.77000000,61584.76000000,61730.67000000,1571.98745000,2024-06-28 02:59:59.999,97208931.55588970,62383,944.77407000,58422395.95743240
2024-06-28 03:00:00,61730.67000000,61919.33000000,61650.01000000,61828.17000000,614.97738000,2024-06-28 03:59:59.999,37995096.50478460,32778,297.94874000,18410354.87604230
2024-06-28 04:00:00,61828.17000000,61834.41000000,61500.07000000,61750.44000000,564.53381000,2024-06-28 04:59:59.999,34806167.03129840,34748,280.75124000,17312107.26498030
2024-06-28 05:00:00,61750.44000000,61750.44000000,61500.00000000,61604.01000000,509.45189000,2024-06-28 05:59:59.999,31373634.29312330,29251,223.69472000,13777150.34654850
2024-06-28 06:00:00,61604.00000000,61669.41000000,61504.48000000,61620.96000000,419.18226000,2024-06-28 06:59:59.999,25815619.83242960,31141,227.53743000,14011891.46622840
2024-06-28 07:00:00,61620.96000000,61620.96000000,61236.00000000,61350.01000000,1186.45262000,2024-06-28 07:59:59.999,72869745.68058060,46384,586.10071000,35987232.26504920
2024-06-28 08:00:00,61350.01000000,61480.21000000,61212.11000000,61480.21000000,678.62809000,2024-06-28 08:59:59.999,41650096.87159740,36424,376.87098000,23132715.46493090
2024-06-28 09:00:00,61480.21000000,61592.00000000,61349.99000000,61547.55000000,851.08559000,2024-06-28 09:59:59.999,52306755.39360590,37433,381.39020000,23441693.27914350
2024-06-28 10:00:00,61547.55000000,61595.68000000,61435.41000000,61548.14000000,847.59463000,2024-06-28 10:59:59.999,52145005.38640010,36100,326.04488000,20058561.40973210
2024-06-28 11:00:00,61548.14000000,61792.34000000,61482.96000000,61690.00000000,1020.21818000,2024-06-28 11:59:59.999,62914036.99036030,41645,626.68139000,38649712.06229970
2024-06-28 12:00:00,61690.00000000,61875.00000000,61275.61000000,61395.09000000,2303.90314000,2024-06-28 12:59:59.999,141907811.63734870,106914,1089.51526000,67107409.01403330
2024-06-28 13:00:00,61395.09000000,61848.49000000,61233.92000000,61297.99000000,1809.23880000,2024-06-28 13:59:59.999,111285079.69241210,113491,941.08837000,57906725.12407570
2024-06-28 14:00:00,61297.99000000,61510.00000000,60780.01000000,60928.02000000,2188.61778000,2024-06-28 14:59:59.999,133703277.61755260,135460,1052.25795000,64285649.66688710
2024-06-28 15:00:00,60928.01000000,61191.62000000,60751.00000000,61062.01000000,1344.07255000,2024-06-28 15:59:59.999,81937922.35952160,90491,734.95488000,44807434.34489240
2024-06-28 16:00:00,61062.00000000,61119.58000000,60650.00000000,60940.01000000,1533.90519000,2024-06-28 16:59:59.999,93340505.23198840,112801,852.83566000,51900767.26566490
2024-06-28 17:00:00,60940.01000000,61076.25000000,60708.32000000,60826.63000000,882.38291000,2024-06-28 17:59:59.999,53745573.82539110,79644,466.83489000,28433503.23580740
2024-06-28 18:00:00,60826.63000000,60870.00000000,60669.74000000,60828.02000000,673.72332000,2024-06-28 18:59:59.999,40957653.88468910,70753,354.64877000,21560879.98810990
2024-06-28 19:00:00,60828.02000000,60849.82000000,60079.41000000,60123.73000000,2041.46353000,2024-06-28 19:59:59.999,123288336.09917570,137630,926.45213000,55963106.19583560
2024-06-28 20:00:00,60123.73000000,60357.93000000,60063.00000000,60229.92000000,814.30975000,2024-06-28 20:59:59.999,49042203.60375680,62036,397.77964000,23960458.61566130
2024-06-28 21:00:00,60229.92000000,60400.00000000,60132.83000000,60366.01000000,463.63378000,2024-06-28 21:59:59.999,27944607.04419610,32512,258.89238000,15603875.24821650
2024-06-28 22:00:00,60366.00000000,60412.40000000,60293.88000000,60367.99000000,408.98193000,2024-06-28 22:59:59.999,24684916.21750510,28160,216.29308000,13054703.03397310
2024-06-28 23:00:00,60367.99000000,60450.00000000,60360.00000000,60427.84000000,329.46867000,2024-06-28 23:59:59.999,19902714.63783560,23516,150.46119000,9088819.56604340
2024-06-29 00:00:00,60427.84000000,60820.00000000,60383.77000000,60770.71000000,1386.17567000,2024-06-29 00:59:59.999,84005083.98347570,57771,704.18555000,42681344.69089870
2024-06-29 01:00:00,60770.71000000,61009.29000000,60757.04000000,60901.03000000,815.03662000,2024-06-29 01:59:59.999,49635167.60564850,49463,428.14906000,26073170.40905680
2024-06-29 02:00:00,60901.03000000,60978.28000000,60703.53000000,60766.05000000,602.82140000,2024-06-29 02:59:59.999,36669490.29665010,38046,212.71968000,12939626.84218240
2024-06-29 03:00:00,60766.05000000,60811.45000000,60714.04000000,60762.00000000,301.13975000,2024-06-29 03:59:59.999,18297201.78748180,23598,107.84686000,6552707.46723840
2024-06-29 04:00:00,60762.00000000,60800.00000000,60704.46000000,60773.55000000,251.11233000,2024-06-29 04:59:59.999,15253500.39156820,29042,126.72075000,7697579.11290100
2024-06-29 05:00:00,60773.55000000,60788.20000000,60726.05000000,60762.02000000,250.05971000,2024-06-29 05:59:59.999,15192783.88610700,20315,119.80099000,7278536.36543080
2024-06-29 06:00:00,60762.02000000,60857.28000000,60742.08000000,60847.75000000,246.69071000,2024-06-29 06:59:59.999,14999333.82061820,19884,138.41992000,8416049.62166320
2024-06-29 07:00:00,60847.75000000,61146.64000000,60831.44000000,61052.30000000,915.03523000,2024-06-29 07:59:59.999,55859819.85953080,43073,541.69611000,33066023.49549320
2024-06-29 08:00:00,61052.30000000,61087.36000000,60912.72000000,60982.03000000,455.52026000,2024-06-29 08:59:59.999,27783900.14115200,28239,233.68570000,14255423.64788150
2024-06-29 09:00:00,60982.03000000,61006.68000000,60890.03000000,60970.00000000,478.67677000,2024-06-29 09:59:59.999,29164805.11412290,24664,271.55477000,16545288.16056080
2024-06-29 10:00:00,60970.00000000,61033.34000000,60907.80000000,60994.36000000,461.93585000,2024-06-29 10:59:59.999,28166096.14573350,23979,279.90543000,17067115.42876560
2024-06-29 11:00:00,60994.36000000,61224.00000000,60923.74000000,61102.33000000,894.28566000,2024-06-29 11:59:59.999,54659308.81100450,47473,359.66982000,21982810.74532780
2024-06-29 12:00:00,61102.33000000,61161.80000000,60990.74000000,61045.43000000,572.24837000,2024-06-29 12:59:59.999,34962259.54244440,42667,205.90316000,12580633.78543650
2024-06-29 13:00:00,61045.43000000,61182.70000000,61010.00000000,61102.98000000,517.96661000,2024-06-29 13:59:59.999,31646100.62787100,37255,222.32680000,13583424.05803900
2024-06-29 14:00:00,61102.98000000,61160.00000000,60949.67000000,61018.01000000,542.43096000,2024-06-29 14:59:59.999,33101916.57379410,38080,254.12115000,15506807.30613440
2024-06-29 15:00:00,61018.01000000,61106.00000000,60956.79000000,61106.00000000,364.18703000,2024-06-29 15:59:59.999,22221864.94817790,28346,173.07860000,10561254.99676580
2024-06-29 16:00:00,61106.00000000,61124.00000000,60915.12000000,61009.91000000,386.68835000,2024-06-29 16:59:59.999,23586954.96125700,30634,163.73656000,9987237.90531350
2024-06-29 17:00:00,61009.91000000,61060.98000000,60937.03000000,61040.77000000,339.98388000,2024-06-29 17:59:59.999,20739343.12092490,29030,162.32529000,9902670.18000520
2024-06-29 18:00:00,61040.77000000,61065.00000000,60990.00000000,61059.04000000,232.46287000,2024-06-29 18:59:59.999,14185354.97168790,22424,104.65356000,6386011.18629820
2024-06-29 19:00:00,61059.04000000,61080.00000000,60933.98000000,61057.39000000,291.28873000,2024-06-29 19:59:59.999,17775984.04797230,27037,136.92560000,8355457.41141440
2024-06-29 20:00:00,61057.38000000,61088.40000000,60970.00000000,61050.00000000,319.46435000,2024-06-29 20:59:59.999,19499979.32515800,23096,142.84685000,8718800.36949500
2024-06-29 21:00:00,61050.00000000,61090.00000000,60944.94000000,61044.99000000,319.53467000,2024-06-29 21:59:59.999,19498161.02604430,23221,138.72008000,8465072.43230030
2024-06-29 22:00:00,61044.99000000,61060.00000000,60839.51000000,60970.00000000,362.76005000,2024-06-29 22:59:59.999,22115851.69725870,35816,144.60976000,8814765.75794620
2024-06-29 23:00:00,60970.00000000,61059.37000000,60940.00000000,60986.68000000,202.05321000,2024-06-29 23:59:59.999,12325609.80243060,24516,88.08706000,5373443.31435060
2024-06-30 00:00:00,60986.68000000,61078.01000000,60922.00000000,61024.55000000,362.93786000,2024-06-30 00:59:59.999,22139950.87718920,32032,191.54437000,11684084.06786080
2024-06-30 01:00:00,61024.55000000,61043.44000000,60930.03000000,60961.99000000,340.23076000,2024-06-30 01:59:59.999,20746377.54139470,34901,141.98327000,8657112.49390500
2024-06-30 02:00:00,60961.99000000,60961.99000000,60740.94000000,60834.27000000,779.37325000,2024-06-30 02:59:59.999,47435451.42873130,52181,335.40019000,20414273.55624350
2024-06-30 03:00:00,60834.27000000,60949.36000000,60791.98000000,60898.32000000,323.57561000,2024-06-30 03:59:59.999,19697433.37697430,21778,171.79178000,10459080.27153410
2024-06-30 04:00:00,60898.32000000,60901.20000000,60765.18000000,60777.55000000,271.34112000,2024-06-30 04:59:59.999,16504393.42436540,26290,104.45594000,6353488.42890520
2024-06-30 05:00:00,60777.54000000,60809.99000000,60712.21000000,60789.26000000,291.90375000,2024-06-30 05:59:59.999,17737942.96281930,24124,130.79060000,7947900.67461450
2024-06-30 06:00:00,60789.26000000,61040.18000000,60771.33000000,61040.18000000,434.42125000,2024-06-30 06:59:59.999,26459392.23234640,21712,314.01425000,19127642.37115980
2024-06-30 07:00:00,61040.17000000,61782.00000000,61040.17000000,61528.01000000,2146.12361000,2024-06-30 07:59:59.999,132052986.85182180,111308,1040.40640000,63988031.99823780
2024-06-30 08:00:00,61528.01000000,61608.07000000,61393.07000000,61556.01000000,715.99557000,2024-06-30 08:59:59.999,44038728.20303660,46774,287.22225000,17665670.20759670
2024-06-30 09:00:00,61556.00000000,61713.65000000,61511.11000000,61529.70000000,632.89719000,2024-06-30 09:59:59.999,38993372.29300380,42278,255.87621000,15765615.74417780
2024-06-30 10:00:00,61529.70000000,61634.72000000,61504.42000000,61540.00000000,379.83060000,2024-06-30 10:59:59.999,23386917.06341950,35283,146.67248000,9030158.63640040
2024-06-30 11:00:00,61540.00000000,61668.00000000,61524.51000000,61560.00000000,624.88318000,2024-06-30 11:59:59.999,38493091.67180240,30698,209.74232000,12919566.58183910
2024-06-30 12:00:00,61560.00000000,61660.00000000,61346.00000000,61496.00000000,533.79097000,2024-06-30 12:59:59.999,32828840.16697140,37661,200.23084000,12317468.73899210
2024-06-30 13:00:00,61496.00000000,61747.00000000,61456.34000000,61719.61000000,738.73927000,2024-06-30 13:59:59.999,45517977.44268120,41284,301.95672000,18609605.54919380
2024-06-30 14:00:00,61719.61000000,61860.00000000,61528.16000000,61587.11000000,880.16588000,2024-06-30 14:59:59.999,54290115.73227010,44996,374.28018000,23091709.02143600
2024-06-30 15:00:00,61587.11000000,61776.71000000,61587.10000000,61717.90000000,512.18463000,2024-06-30 15:59:59.999,31596292.13486210,30659,228.92453000,14121228.79285670
2024-06-30 16:00:00,61717.90000000,61749.08000000,61590.01000000,61603.54000000,407.98837000,2024-06-30 16:59:59.999,25152358.34758160,27222,138.11290000,8515698.87924740
2024-06-30 17:00:00,61603.54000000,61864.01000000,61603.54000000,61707.99000000,754.34647000,2024-06-30 17:59:59.999,46593772.73386090,40702,371.06590000,22919154.72132000
2024-06-30 18:00:00,61707.99000000,62109.81000000,61674.25000000,62055.31000000,745.67203000,2024-06-30 18:59:59.999,46155616.25786610,42706,467.82816000,28967878.52318660
2024-06-30 19:00:00,62055.30000000,62100.00000000,61892.00000000,62026.83000000,585.15229000,2024-06-30 19:59:59.999,36281423.06593320,41494,315.93242000,19587665.40476210
2024-06-30 20:00:00,62026.83000000,62412.42000000,61980.92000000,61990.01000000,1400.34505000,2024-06-30 20:59:59.999,87143456.28880380,98546,675.30737000,42018474.39699880
2024-06-30 21:00:00,61990.00000000,62014.00000000,61835.20000000,61940.01000000,480.99924000,2024-06-30 21:59:59.999,29793172.17913410,28850,210.46123000,13035129.79427810
2024-06-30 22:00:00,61940.00000000,62952.20000000,61940.00000000,62901.01000000,2054.44523000,2024-06-30 22:59:59.999,128767000.74474110,141564,1159.11726000,72612093.42427030
2024-06-30 23:00:00,62901.00000000,63058.76000000,62762.32000000,62772.01000000,928.95818000,2024-06-30 23:59:59.999,58443949.52305020,53869,451.32844000,28400019.80668210
2024-07-01 00:00:00,62772.01000000,62944.00000000,62573.32000000,62931.99000000,987.12645000,2024-07-01 00:59:59.999,61936095.58860640,59082,556.63723000,34927510.04627780
2024-07-01 01:00:00,62931.98000000,63730.00000000,62901.71000000,63640.82000000,2570.40171000,2024-07-01 01:59:59.999,163102166.19224030,148258,1498.74306000,95103867.05785590
2024-07-01 02:00:00,63640.81000000,63818.33000000,63288.53000000,63435.86000000,2037.33231000,2024-07-01 02:59:59.999,129509079.99759280,88163,952.23864000,60534862.16267180
2024-07-01 03:00:00,63435.86000000,63536.47000000,63340.00000000,63437.69000000,1264.46281000,2024-07-01 03:59:59.999,80226413.55980210,45163,610.79569000,38755279.22800910
2024-07-01 04:00:00,63437.69000000,63466.92000000,63223.20000000,63279.79000000,517.15280000,2024-07-01 04:59:59.999,32753150.91916820,41917,205.84649000,13038902.60821000
2024-07-01 05:00:00,63279.79000000,63457.47000000,63262.00000000,63432.94000000,418.26492000,2024-07-01 05:59:59.999,26509841.65543740,30359,201.04337000,12741031.60709640
2024-07-01 06:00:00,63432.94000000,63464.74000000,63293.75000000,63404.00000000,526.60830000,2024-07-01 06:59:59.999,33375483.27351960,33000,243.49757000,15432724.91479380
2024-07-01 07:00:00,63403.99000000,63432.00000000,63260.71000000,63277.84000000,486.84295000,2024-07-01 07:59:59.999,30835848.95729260,39036,178.72866000,11320890.84554410
2024-07-01 08:00:00,63277.84000000,63314.99000000,62836.47000000,62923.91000000,1388.89036000,2024-07-01 08:59:59.999,87526466.48744860,75327,523.33992000,32976206.58951420
2024-07-01 09:00:00,62923.91000000,62997.98000000,62789.16000000,62938.97000000,731.18198000,2024-07-01 09:59:59.999,45986700.12211850,52321,347.35703000,21847958.39520230
2024-07-01 10:00:00,62938.97000000,62977.99000000,62781.05000000,62852.24000000,615.27621000,2024-07-01 10:59:59.999,38695681.88951470,46489,300.19688000,18880098.48516380
2024-07-01 11:00:00,62852.24000000,62858.00000000,62593.07000000,62662.09000000,1009.76623000,2024-07-01 11:59:59.999,63341651.30151370,58390,501.29383000,31446723.00599260
2024-07-01 12:00:00,62662.09000000,62900.00000000,62641.99000000,62882.00000000,684.19991000,2024-07-01 12:59:59.999,42955341.67483200,50868,409.76357000,25724543.63590410
2024-07-01 13:00:00,62882.00000000,63081.11000000,62497.20000000,62685.27000000,1326.77132000,2024-07-01 13:59:59.999,83277149.68196550,97187,647.78616000,40667480.92410570
2024-07-01 14:00:00,62685.27000000,62944.00000000,62610.35000000,62826.02000000,1425.79805000,2024-07-01 14:59:59.999,89536845.71684620,106012,755.59897000,47447556.29125350
2024-07-01 15:00:00,62826.02000000,63166.11000000,62815.63000000,63132.90000000,1077.93682000,2024-07-01 15:59:59.999,67878261.34831260,61350,585.16080000,36845989.37231310
2024-07-01 16:00:00,63132.90000000,63338.12000000,62966.77000000,63119.33000000,1324.97385000,2024-07-01 16:59:59.999,83735094.81530640,73927,764.98546000,48348325.29155710
2024-07-01 17:00:00,63119.33000000,63697.66000000,63056.83000000,63697.66000000,1361.75841000,2024-07-01 17:59:59.999,86325273.06199680,78338,832.14921000,52752373.33757130
2024-07-01 18:00:00,63697.66000000,63861.76000000,63438.45000000,63649.99000000,1532.83742000,2024-07-01 18:59:59.999,97578243.22109830,79181,776.50177000,49443232.85472190
2024-07-01 19:00:00,63649.99000000,63649.99000000,63071.36000000,63226.78000000,1260.38786000,2024-07-01 19:59:59.999,79787902.25140710,69523,554.60883000,35102554.42770130
2024-07-01 20:00:00,63226.78000000,63423.48000000,63162.06000000,63292.53000000,543.30696000,2024-07-01 20:59:59.999,34392610.08335850,33569,299.83006000,18977627.78450100
2024-07-01 21:00:00,63292.53000000,63292.53000000,63036.82000000,63130.01000000,342.52510000,2024-07-01 21:59:59.999,21638021.20154830,25124,135.81078000,8577372.04747120
2024-07-01 22:00:00,63130.01000000,63162.50000000,62804.60000000,62975.10000000,658.76429000,2024-07-01 22:59:59.999,41477354.18186990,42601,278.54128000,17537987.62540480
2024-07-01 23:00:00,62975.10000000,63037.18000000,62834.00000000,62899.99000000,454.53836000,2024-07-01 23:59:59.999,28600136.48733800,26323,228.15128000,14354675.29672250
2024-07-02 00:00:00,62900.00000000,62988.00000000,62787.42000000,62926.65000000,395.65337000,2024-07-02 00:59:59.999,24889819.84841860,41806,208.02754000,13086823.10547310
2024-07-02 01:00:00,62926.65000000,62960.86000000,62815.71000000,62926.00000000,299.28933000,2024-07-02 01:59:59.999,18823528.74156860,29659,150.87166000,9488867.51332770
2024-07-02 02:00:00,62926.00000000,63127.10000000,62924.00000000,62999.56000000,514.46846000,2024-07-02 02:59:59.999,32423944.91076060,35265,228.35980000,14392533.49392510
2024-07-02 03:00:00,62999.56000000,63288.83000000,62991.03000000,63138.67000000,469.50682000,2024-07-02 03:59:59.999,29642065.47355780,41551,277.23509000,17503145.46569390
2024-07-02 04:00:00,63138.68000000,63245.80000000,63038.01000000,63038.01000000,532.00551000,2024-07-02 04:59:59.999,33599679.09871770,33309,243.03925000,15350671.97238100
2024-07-02 05:00:00,63038.02000000,63094.73000000,63002.00000000,63024.00000000,265.73488000,2024-07-02 05:59:59.999,16751564.52195520,21508,132.29040000,8339424.83317170
2024-07-02 06:00:00,63024.00000000,63048.86000000,62818.72000000,62866.00000000,698.37544000,2024-07-02 06:59:59.999,43928492.61130700,42717,312.82585000,19677608.11235980
2024-07-02 07:00:00,62866.01000000,62880.00000000,62580.00000000,62629.99000000,1022.41571000,2024-07-02 07:59:59.999,64075827.66294860,52543,476.35834000,29851022.65017390
2024-07-02 08:00:00,62630.00000000,62746.55000000,62401.23000000,62670.01000000,1141.20358000,2024-07-02 08:59:59.999,71464002.20482390,58842,657.17308000,41156937.63252090
2024-07-02 09:00:00,62670.01000000,62795.68000000,62601.18000000,62650.01000000,1695.32553000,2024-07-02 09:59:59.999,106239979.77482640,57771,757.36089000,47465393.85457950
2024-07-02 10:00:00,62650.01000000,62801.05000000,62485.63000000,62715.98000000,787.71878000,2024-07-02 10:59:59.999,49341118.41858720,44740,414.63212000,25969685.37737870
2024-07-02 11:00:00,62715.98000000,62866.20000000,62616.28000000,62832.01000000,514.78225000,2024-07-02 11:59:59.999,32306452.71372500,44316,316.38889000,19856548.83738130
2024-07-02 12:00:00,62832.01000000,63042.91000000,62723.79000000,62878.45000000,673.25581000,2024-07-02 12:59:59.999,42325516.17038090,46880,398.49568000,25054234.81018510
2024-07-02 13:00:00,62878.45000000,63152.00000000,62517.81000000,62626.92000000,1356.82371000,2024-07-02 13:59:59.999,85253508.01105400,88163,659.62857000,41451149.90119150
2024-07-02 14:00:00,62626.92000000,62730.00000000,61867.29000000,62035.43000000,2827.22625000,2024-07-02 14:59:59.999,175918139.52622070,145149,1376.33460000,85649337.10641360
2024-07-02 15:00:00,62035.43000000,62160.04000000,61823.74000000,61948.08000000,1109.28372000,2024-07-02 15:59:59.999,68806640.30596590,95611,579.55658000,35948955.93951860
2024-07-02 16:00:00,61948.08000000,62026.45000000,61806.28000000,61920.89000000,889.07011000,2024-07-02 16:59:59.999,55035669.57478490,87683,496.90789000,30760516.06681960
2024-07-02 17:00:00,61920.90000000,62152.20000000,61888.00000000,62147.98000000,462.22418000,2024-07-02 17:59:59.999,28662451.83819570,54398,262.62494000,16286884.80611940
2024-07-02 18:00:00,62147.99000000,62368.81000000,62141.81000000,62330.01000000,814.72882000,2024-07-02 18:59:59.999,50755437.36244300,72165,406.25652000,25304956.90736750
2024-07-02 19:00:00,62330.01000000,62367.51000000,61884.01000000,61939.10000000,675.61066000,2024-07-02 19:59:59.999,41940428.52834080,66787,319.70512000,19841632.87333570
2024-07-02 20:00:00,61939.10000000,62080.73000000,61875.55000000,62012.01000000,458.46831000,2024-07-02 20:59:59.999,28428791.72148740,34921,229.11305000,14205780.06155090
2024-07-02 21:00:00,62012.01000000,62089.61000000,61903.41000000,62088.96000000,393.63701000,2024-07-02 21:59:59.999,24408189.03756550,39485,247.59186000,15352279.20855110
