2025-05-04 08:45:00,789 - INFO - เริ่มต้นระบบสำเร็จ
2025-05-04 08:45:01,598 - WARNING - ข้อมูลแท่งเทียน SXTUSDT ไม่เพียงพอ: 11 แท่ง
2025-05-04 08:45:01,598 - WARNING - ข้อมูลแท่งเทียน DOLOUSDT ไม่เพียงพอ: 19 แท่ง
2025-05-04 08:45:01,625 - WARNING - ข้อมูลแท่งเทียน HAEDALUSDT ไม่เพียงพอ: 19 แท่ง
2025-05-04 08:45:02,781 - WARNING - ข้อมูลแท่งเทียน CTKUSDT ไม่เพียงพอ: 23 แท่ง
2025-05-04 08:45:09,744 - WARNING - ข้อมูลแท่งเทียน AIOTUSDT ไม่เพียงพอ: 22 แท่ง
2025-05-04 08:45:15,149 - WARNING - ข้อมูลแท่งเทียน PUNDIXUSDT ไม่เพียงพอ: 23 แท่ง
2025-05-04 08:45:57,968 - INFO - โหลดโมเดล AI จาก models/momentum_predictor.joblib สำเร็จ
2025-05-04 08:45:57,968 - INFO - เริ่มต้นระบบสำเร็จ
2025-05-04 08:45:58,771 - WARNING - ข้อมูลแท่งเทียน SXTUSDT ไม่เพียงพอ: 11 แท่ง
2025-05-04 08:45:58,799 - WARNING - ข้อมูลแท่งเทียน DOLOUSDT ไม่เพียงพอ: 19 แท่ง
2025-05-04 08:45:58,832 - WARNING - ข้อมูลแท่งเทียน HAEDALUSDT ไม่เพียงพอ: 19 แท่ง
2025-05-04 08:46:00,038 - WARNING - ข้อมูลแท่งเทียน CTKUSDT ไม่เพียงพอ: 23 แท่ง
2025-05-04 08:46:05,838 - WARNING - ข้อมูลแท่งเทียน AIOTUSDT ไม่เพียงพอ: 22 แท่ง
2025-05-04 08:46:12,995 - WARNING - ข้อมูลแท่งเทียน PUNDIXUSDT ไม่เพียงพอ: 23 แท่ง
2025-05-04 08:54:37,847 - INFO - เริ่มต้นระบบสำเร็จ
2025-05-04 08:54:38,452 - WARNING - ข้อมูลแท่งเทียน HAEDALUSDT ไม่เพียงพอ: 19 แท่ง
2025-05-04 08:54:38,475 - ERROR - เกิดข้อผิดพลาดในการคำนวณโมเมนตัม HAEDALUSDT: 'CryptoScanner' object has no attribute '_extract_features'
2025-05-04 08:54:38,605 - ERROR - เกิดข้อผิดพลาดในการวิเคราะห์ timeframe ที่สูงขึ้น VINEUSDT: 'CryptoScanner' object has no attribute '_extract_features'
2025-05-04 08:54:38,605 - ERROR - เกิดข้อผิดพลาดในการคำนวณโมเมนตัม VINEUSDT: 'CryptoScanner' object has no attribute '_extract_features'
2025-05-04 08:54:38,617 - WARNING - ข้อมูลแท่งเทียน DOLOUSDT ไม่เพียงพอ: 19 แท่ง
2025-05-04 08:54:38,618 - ERROR - เกิดข้อผิดพลาดในการคำนวณโมเมนตัม DOLOUSDT: 'CryptoScanner' object has no attribute '_extract_features'
2025-05-04 08:54:38,634 - WARNING - ข้อมูลแท่งเทียน SXTUSDT ไม่เพียงพอ: 11 แท่ง
2025-05-04 08:54:38,642 - ERROR - เกิดข้อผิดพลาดในการคำนวณโมเมนตัม SXTUSDT: 'CryptoScanner' object has no attribute '_extract_features'
2025-05-04 08:54:38,751 - ERROR - เกิดข้อผิดพลาดในการวิเคราะห์ timeframe ที่สูงขึ้น TRUMPUSDT: 'CryptoScanner' object has no attribute '_extract_features'
2025-05-04 08:54:38,753 - ERROR - เกิดข้อผิดพลาดในการคำนวณโมเมนตัม TRUMPUSDT: 'CryptoScanner' object has no attribute '_extract_features'
2025-05-04 08:54:38,771 - ERROR - เกิดข้อผิดพลาดในการวิเคราะห์ timeframe ที่สูงขึ้น BABYUSDT: 'CryptoScanner' object has no attribute '_extract_features'
2025-05-04 08:54:38,790 - ERROR - เกิดข้อผิดพลาดในการคำนวณโมเมนตัม BABYUSDT: 'CryptoScanner' object has no attribute '_extract_features'
2025-05-04 08:54:38,862 - ERROR - เกิดข้อผิดพลาดในการวิเคราะห์ timeframe ที่สูงขึ้น STOUSDT: 'CryptoScanner' object has no attribute '_extract_features'
2025-05-04 08:54:38,885 - ERROR - เกิดข้อผิดพลาดในการวิเคราะห์ timeframe ที่สูงขึ้น BRUSDT: 'CryptoScanner' object has no attribute '_extract_features'
2025-05-04 08:54:38,885 - ERROR - เกิดข้อผิดพลาดในการคำนวณโมเมนตัม STOUSDT: 'CryptoScanner' object has no attribute '_extract_features'
2025-05-04 08:54:38,889 - ERROR - เกิดข้อผิดพลาดในการคำนวณโมเมนตัม BRUSDT: 'CryptoScanner' object has no attribute '_extract_features'
2025-05-04 08:54:38,905 - ERROR - เกิดข้อผิดพลาดในการวิเคราะห์ timeframe ที่สูงขึ้น MUBARAKUSDT: 'CryptoScanner' object has no attribute '_extract_features'
2025-05-04 08:54:38,908 - ERROR - เกิดข้อผิดพลาดในการคำนวณโมเมนตัม MUBARAKUSDT: 'CryptoScanner' object has no attribute '_extract_features'
2025-05-04 08:54:38,934 - ERROR - เกิดข้อผิดพลาดในการวิเคราะห์ timeframe ที่สูงขึ้น PIPPINUSDT: 'CryptoScanner' object has no attribute '_extract_features'
2025-05-04 08:54:38,937 - ERROR - เกิดข้อผิดพลาดในการคำนวณโมเมนตัม PIPPINUSDT: 'CryptoScanner' object has no attribute '_extract_features'
2025-05-04 08:54:39,060 - ERROR - เกิดข้อผิดพลาดในการวิเคราะห์ timeframe ที่สูงขึ้น MAGICUSDT: 'CryptoScanner' object has no attribute '_extract_features'
2025-05-04 08:54:39,063 - ERROR - เกิดข้อผิดพลาดในการคำนวณโมเมนตัม MAGICUSDT: 'CryptoScanner' object has no attribute '_extract_features'
2025-05-04 08:54:39,273 - ERROR - เกิดข้อผิดพลาดในการวิเคราะห์ timeframe ที่สูงขึ้น TURBOUSDT: 'CryptoScanner' object has no attribute '_extract_features'
2025-05-04 08:54:39,285 - ERROR - เกิดข้อผิดพลาดในการคำนวณโมเมนตัม TURBOUSDT: 'CryptoScanner' object has no attribute '_extract_features'
2025-05-04 08:54:39,357 - ERROR - เกิดข้อผิดพลาดในการวิเคราะห์ timeframe ที่สูงขึ้น AIXBTUSDT: 'CryptoScanner' object has no attribute '_extract_features'
2025-05-04 08:54:39,362 - ERROR - เกิดข้อผิดพลาดในการคำนวณโมเมนตัม AIXBTUSDT: 'CryptoScanner' object has no attribute '_extract_features'
2025-05-04 08:54:39,371 - ERROR - เกิดข้อผิดพลาดในการวิเคราะห์ timeframe ที่สูงขึ้น FLMUSDT: 'CryptoScanner' object has no attribute '_extract_features'
2025-05-04 08:54:39,377 - ERROR - เกิดข้อผิดพลาดในการวิเคราะห์ timeframe ที่สูงขึ้น PENGUUSDT: 'CryptoScanner' object has no attribute '_extract_features'
2025-05-04 08:54:39,382 - ERROR - เกิดข้อผิดพลาดในการคำนวณโมเมนตัม FLMUSDT: 'CryptoScanner' object has no attribute '_extract_features'
2025-05-04 08:54:39,384 - ERROR - เกิดข้อผิดพลาดในการคำนวณโมเมนตัม PENGUUSDT: 'CryptoScanner' object has no attribute '_extract_features'
2025-05-04 08:54:39,405 - ERROR - เกิดข้อผิดพลาดในการวิเคราะห์ timeframe ที่สูงขึ้น WIFUSDT: 'CryptoScanner' object has no attribute '_extract_features'
2025-05-04 08:54:39,423 - ERROR - เกิดข้อผิดพลาดในการคำนวณโมเมนตัม WIFUSDT: 'CryptoScanner' object has no attribute '_extract_features'
2025-05-04 08:54:39,487 - ERROR - เกิดข้อผิดพลาดในการวิเคราะห์ timeframe ที่สูงขึ้น MELANIAUSDT: 'CryptoScanner' object has no attribute '_extract_features'
2025-05-04 08:54:39,495 - ERROR - เกิดข้อผิดพลาดในการวิเคราะห์ timeframe ที่สูงขึ้น BELUSDT: 'CryptoScanner' object has no attribute '_extract_features'
2025-05-04 08:54:39,496 - ERROR - เกิดข้อผิดพลาดในการคำนวณโมเมนตัม MELANIAUSDT: 'CryptoScanner' object has no attribute '_extract_features'
2025-05-04 08:54:39,510 - ERROR - เกิดข้อผิดพลาดในการคำนวณโมเมนตัม BELUSDT: 'CryptoScanner' object has no attribute '_extract_features'
2025-05-04 08:54:39,538 - ERROR - เกิดข้อผิดพลาดในการวิเคราะห์ timeframe ที่สูงขึ้น DRIFTUSDT: 'CryptoScanner' object has no attribute '_extract_features'
2025-05-04 08:54:39,540 - ERROR - เกิดข้อผิดพลาดในการคำนวณโมเมนตัม DRIFTUSDT: 'CryptoScanner' object has no attribute '_extract_features'
2025-05-04 08:54:39,685 - ERROR - เกิดข้อผิดพลาดในการวิเคราะห์ timeframe ที่สูงขึ้น CHILLGUYUSDT: 'CryptoScanner' object has no attribute '_extract_features'
2025-05-04 08:54:39,692 - ERROR - เกิดข้อผิดพลาดในการคำนวณโมเมนตัม CHILLGUYUSDT: 'CryptoScanner' object has no attribute '_extract_features'
2025-05-04 08:54:39,743 - ERROR - เกิดข้อผิดพลาดในการวิเคราะห์ timeframe ที่สูงขึ้น BSWUSDT: 'CryptoScanner' object has no attribute '_extract_features'
2025-05-04 08:54:39,786 - WARNING - ข้อมูลแท่งเทียน AIOTUSDT ไม่เพียงพอ: 22 แท่ง
2025-05-04 08:54:39,787 - ERROR - เกิดข้อผิดพลาดในการคำนวณโมเมนตัม BSWUSDT: 'CryptoScanner' object has no attribute '_extract_features'
2025-05-04 08:54:39,787 - ERROR - เกิดข้อผิดพลาดในการคำนวณโมเมนตัม AIOTUSDT: 'CryptoScanner' object has no attribute '_extract_features'
2025-05-04 08:54:39,871 - ERROR - เกิดข้อผิดพลาดในการวิเคราะห์ timeframe ที่สูงขึ้น SWARMSUSDT: 'CryptoScanner' object has no attribute '_extract_features'
2025-05-04 08:54:39,883 - ERROR - เกิดข้อผิดพลาดในการคำนวณโมเมนตัม SWARMSUSDT: 'CryptoScanner' object has no attribute '_extract_features'
2025-05-04 08:54:40,007 - ERROR - เกิดข้อผิดพลาดในการวิเคราะห์ timeframe ที่สูงขึ้น MOVEUSDT: 'CryptoScanner' object has no attribute '_extract_features'
2025-05-04 08:54:40,010 - ERROR - เกิดข้อผิดพลาดในการวิเคราะห์ timeframe ที่สูงขึ้น PIXELUSDT: 'CryptoScanner' object has no attribute '_extract_features'
2025-05-04 08:54:40,019 - ERROR - เกิดข้อผิดพลาดในการคำนวณโมเมนตัม MOVEUSDT: 'CryptoScanner' object has no attribute '_extract_features'
2025-05-04 08:54:40,035 - ERROR - เกิดข้อผิดพลาดในการคำนวณโมเมนตัม PIXELUSDT: 'CryptoScanner' object has no attribute '_extract_features'
2025-05-04 08:54:40,089 - ERROR - เกิดข้อผิดพลาดในการวิเคราะห์ timeframe ที่สูงขึ้น SYSUSDT: 'CryptoScanner' object has no attribute '_extract_features'
2025-05-04 08:54:40,093 - ERROR - เกิดข้อผิดพลาดในการคำนวณโมเมนตัม SYSUSDT: 'CryptoScanner' object has no attribute '_extract_features'
2025-05-04 08:54:40,217 - ERROR - เกิดข้อผิดพลาดในการวิเคราะห์ timeframe ที่สูงขึ้น MEMEFIUSDT: 'CryptoScanner' object has no attribute '_extract_features'
2025-05-04 08:54:40,218 - ERROR - เกิดข้อผิดพลาดในการวิเคราะห์ timeframe ที่สูงขึ้น ALPHAUSDT: 'CryptoScanner' object has no attribute '_extract_features'
2025-05-04 08:54:40,220 - ERROR - เกิดข้อผิดพลาดในการคำนวณโมเมนตัม MEMEFIUSDT: 'CryptoScanner' object has no attribute '_extract_features'
2025-05-04 08:54:40,221 - ERROR - เกิดข้อผิดพลาดในการคำนวณโมเมนตัม ALPHAUSDT: 'CryptoScanner' object has no attribute '_extract_features'
2025-05-04 08:54:40,232 - ERROR - เกิดข้อผิดพลาดในการวิเคราะห์ timeframe ที่สูงขึ้น LAYERUSDT: 'CryptoScanner' object has no attribute '_extract_features'
2025-05-04 08:54:40,235 - ERROR - เกิดข้อผิดพลาดในการคำนวณโมเมนตัม LAYERUSDT: 'CryptoScanner' object has no attribute '_extract_features'
2025-05-04 08:54:40,409 - ERROR - เกิดข้อผิดพลาดในการวิเคราะห์ timeframe ที่สูงขึ้น CETUSUSDT: 'CryptoScanner' object has no attribute '_extract_features'
2025-05-04 08:54:40,435 - ERROR - เกิดข้อผิดพลาดในการคำนวณโมเมนตัม CETUSUSDT: 'CryptoScanner' object has no attribute '_extract_features'
2025-05-04 08:54:40,440 - ERROR - เกิดข้อผิดพลาดในการวิเคราะห์ timeframe ที่สูงขึ้น GOATUSDT: 'CryptoScanner' object has no attribute '_extract_features'
2025-05-04 08:54:40,457 - ERROR - เกิดข้อผิดพลาดในการคำนวณโมเมนตัม GOATUSDT: 'CryptoScanner' object has no attribute '_extract_features'
2025-05-04 08:54:40,477 - ERROR - เกิดข้อผิดพลาดในการวิเคราะห์ timeframe ที่สูงขึ้น BRETTUSDT: 'CryptoScanner' object has no attribute '_extract_features'
2025-05-04 08:54:40,490 - ERROR - เกิดข้อผิดพลาดในการคำนวณโมเมนตัม BRETTUSDT: 'CryptoScanner' object has no attribute '_extract_features'
2025-05-04 08:54:40,540 - ERROR - เกิดข้อผิดพลาดในการวิเคราะห์ timeframe ที่สูงขึ้น NEIROUSDT: 'CryptoScanner' object has no attribute '_extract_features'
2025-05-04 08:54:40,545 - ERROR - เกิดข้อผิดพลาดในการคำนวณโมเมนตัม NEIROUSDT: 'CryptoScanner' object has no attribute '_extract_features'
2025-05-04 08:54:40,603 - ERROR - เกิดข้อผิดพลาดในการวิเคราะห์ timeframe ที่สูงขึ้น HIPPOUSDT: 'CryptoScanner' object has no attribute '_extract_features'
2025-05-04 08:54:40,604 - ERROR - เกิดข้อผิดพลาดในการคำนวณโมเมนตัม HIPPOUSDT: 'CryptoScanner' object has no attribute '_extract_features'
2025-05-04 08:54:40,637 - ERROR - เกิดข้อผิดพลาดในการวิเคราะห์ timeframe ที่สูงขึ้น GUNUSDT: 'CryptoScanner' object has no attribute '_extract_features'
2025-05-04 08:54:40,648 - ERROR - เกิดข้อผิดพลาดในการคำนวณโมเมนตัม GUNUSDT: 'CryptoScanner' object has no attribute '_extract_features'
2025-05-04 08:54:40,663 - ERROR - เกิดข้อผิดพลาดในการวิเคราะห์ timeframe ที่สูงขึ้น ATAUSDT: 'CryptoScanner' object has no attribute '_extract_features'
2025-05-04 08:54:40,670 - ERROR - เกิดข้อผิดพลาดในการคำนวณโมเมนตัม ATAUSDT: 'CryptoScanner' object has no attribute '_extract_features'
2025-05-04 08:54:40,672 - WARNING - ข้อมูลแท่งเทียน CTKUSDT ไม่เพียงพอ: 23 แท่ง
2025-05-04 08:54:40,682 - ERROR - เกิดข้อผิดพลาดในการคำนวณโมเมนตัม CTKUSDT: 'CryptoScanner' object has no attribute '_extract_features'
2025-05-04 08:54:40,861 - ERROR - เกิดข้อผิดพลาดในการวิเคราะห์ timeframe ที่สูงขึ้น EPTUSDT: 'CryptoScanner' object has no attribute '_extract_features'
2025-05-04 08:54:40,877 - ERROR - เกิดข้อผิดพลาดในการวิเคราะห์ timeframe ที่สูงขึ้น SCRUSDT: 'CryptoScanner' object has no attribute '_extract_features'
2025-05-04 08:54:40,882 - ERROR - เกิดข้อผิดพลาดในการคำนวณโมเมนตัม EPTUSDT: 'CryptoScanner' object has no attribute '_extract_features'
2025-05-04 08:54:40,886 - ERROR - เกิดข้อผิดพลาดในการคำนวณโมเมนตัม SCRUSDT: 'CryptoScanner' object has no attribute '_extract_features'
2025-05-04 08:54:41,049 - ERROR - เกิดข้อผิดพลาดในการวิเคราะห์ timeframe ที่สูงขึ้น LUMIAUSDT: 'CryptoScanner' object has no attribute '_extract_features'
2025-05-04 08:54:41,052 - ERROR - เกิดข้อผิดพลาดในการคำนวณโมเมนตัม LUMIAUSDT: 'CryptoScanner' object has no attribute '_extract_features'
2025-05-04 08:54:41,087 - ERROR - เกิดข้อผิดพลาดในการวิเคราะห์ timeframe ที่สูงขึ้น PERPUSDT: 'CryptoScanner' object has no attribute '_extract_features'
2025-05-04 08:54:41,088 - ERROR - เกิดข้อผิดพลาดในการคำนวณโมเมนตัม PERPUSDT: 'CryptoScanner' object has no attribute '_extract_features'
2025-05-04 08:54:41,092 - ERROR - เกิดข้อผิดพลาดในการวิเคราะห์ timeframe ที่สูงขึ้น AGLDUSDT: 'CryptoScanner' object has no attribute '_extract_features'
2025-05-04 08:54:41,104 - ERROR - เกิดข้อผิดพลาดในการคำนวณโมเมนตัม AGLDUSDT: 'CryptoScanner' object has no attribute '_extract_features'
2025-05-04 08:54:41,146 - ERROR - เกิดข้อผิดพลาดในการวิเคราะห์ timeframe ที่สูงขึ้น FISUSDT: 'CryptoScanner' object has no attribute '_extract_features'
2025-05-04 08:54:41,155 - ERROR - เกิดข้อผิดพลาดในการคำนวณโมเมนตัม FISUSDT: 'CryptoScanner' object has no attribute '_extract_features'
2025-05-04 08:54:41,205 - ERROR - เกิดข้อผิดพลาดในการวิเคราะห์ timeframe ที่สูงขึ้น VVVUSDT: 'CryptoScanner' object has no attribute '_extract_features'
2025-05-04 08:54:41,224 - ERROR - เกิดข้อผิดพลาดในการคำนวณโมเมนตัม VVVUSDT: 'CryptoScanner' object has no attribute '_extract_features'
2025-05-04 08:54:41,376 - ERROR - เกิดข้อผิดพลาดในการวิเคราะห์ timeframe ที่สูงขึ้น ARUSDT: 'CryptoScanner' object has no attribute '_extract_features'
2025-05-04 08:54:41,390 - ERROR - เกิดข้อผิดพลาดในการวิเคราะห์ timeframe ที่สูงขึ้น VOXELUSDT: 'CryptoScanner' object has no attribute '_extract_features'
2025-05-04 08:54:41,398 - ERROR - เกิดข้อผิดพลาดในการคำนวณโมเมนตัม ARUSDT: 'CryptoScanner' object has no attribute '_extract_features'
2025-05-04 08:54:41,401 - ERROR - เกิดข้อผิดพลาดในการคำนวณโมเมนตัม VOXELUSDT: 'CryptoScanner' object has no attribute '_extract_features'
2025-05-04 08:54:41,401 - ERROR - เกิดข้อผิดพลาดในการวิเคราะห์ timeframe ที่สูงขึ้น ZKUSDT: 'CryptoScanner' object has no attribute '_extract_features'
2025-05-04 08:54:41,449 - ERROR - เกิดข้อผิดพลาดในการคำนวณโมเมนตัม ZKUSDT: 'CryptoScanner' object has no attribute '_extract_features'
2025-05-04 08:54:41,470 - ERROR - เกิดข้อผิดพลาดในการวิเคราะห์ timeframe ที่สูงขึ้น ACEUSDT: 'CryptoScanner' object has no attribute '_extract_features'
2025-05-04 08:54:41,498 - WARNING - ข้อมูลแท่งเทียน PUNDIXUSDT ไม่เพียงพอ: 23 แท่ง
2025-05-04 08:54:41,499 - ERROR - เกิดข้อผิดพลาดในการคำนวณโมเมนตัม ACEUSDT: 'CryptoScanner' object has no attribute '_extract_features'
2025-05-04 08:54:41,500 - ERROR - เกิดข้อผิดพลาดในการคำนวณโมเมนตัม PUNDIXUSDT: 'CryptoScanner' object has no attribute '_extract_features'
2025-05-04 08:54:41,526 - ERROR - เกิดข้อผิดพลาดในการวิเคราะห์ timeframe ที่สูงขึ้น COOKIEUSDT: 'CryptoScanner' object has no attribute '_extract_features'
2025-05-04 08:54:41,527 - ERROR - เกิดข้อผิดพลาดในการคำนวณโมเมนตัม COOKIEUSDT: 'CryptoScanner' object has no attribute '_extract_features'
2025-05-04 08:54:41,708 - ERROR - เกิดข้อผิดพลาดในการวิเคราะห์ timeframe ที่สูงขึ้น SHELLUSDT: 'CryptoScanner' object has no attribute '_extract_features'
2025-05-04 08:54:41,747 - ERROR - เกิดข้อผิดพลาดในการวิเคราะห์ timeframe ที่สูงขึ้น IMXUSDT: 'CryptoScanner' object has no attribute '_extract_features'
2025-05-04 08:54:41,764 - ERROR - เกิดข้อผิดพลาดในการคำนวณโมเมนตัม SHELLUSDT: 'CryptoScanner' object has no attribute '_extract_features'
2025-05-04 08:54:41,778 - ERROR - เกิดข้อผิดพลาดในการคำนวณโมเมนตัม IMXUSDT: 'CryptoScanner' object has no attribute '_extract_features'
2025-05-04 08:54:41,813 - ERROR - เกิดข้อผิดพลาดในการวิเคราะห์ timeframe ที่สูงขึ้น WLDUSDT: 'CryptoScanner' object has no attribute '_extract_features'
2025-05-04 08:54:41,844 - ERROR - เกิดข้อผิดพลาดในการคำนวณโมเมนตัม WLDUSDT: 'CryptoScanner' object has no attribute '_extract_features'
2025-05-04 08:54:41,880 - ERROR - เกิดข้อผิดพลาดในการวิเคราะห์ timeframe ที่สูงขึ้น PARTIUSDT: 'CryptoScanner' object has no attribute '_extract_features'
2025-05-04 08:54:41,894 - ERROR - เกิดข้อผิดพลาดในการคำนวณโมเมนตัม PARTIUSDT: 'CryptoScanner' object has no attribute '_extract_features'
2025-05-04 08:54:41,943 - ERROR - เกิดข้อผิดพลาดในการวิเคราะห์ timeframe ที่สูงขึ้น NFPUSDT: 'CryptoScanner' object has no attribute '_extract_features'
2025-05-04 08:54:41,943 - ERROR - เกิดข้อผิดพลาดในการคำนวณโมเมนตัม NFPUSDT: 'CryptoScanner' object has no attribute '_extract_features'
2025-05-04 08:54:41,977 - ERROR - เกิดข้อผิดพลาดในการวิเคราะห์ timeframe ที่สูงขึ้น MOODENGUSDT: 'CryptoScanner' object has no attribute '_extract_features'
2025-05-04 08:54:41,977 - ERROR - เกิดข้อผิดพลาดในการคำนวณโมเมนตัม MOODENGUSDT: 'CryptoScanner' object has no attribute '_extract_features'
2025-05-04 08:54:42,183 - ERROR - เกิดข้อผิดพลาดในการวิเคราะห์ timeframe ที่สูงขึ้น KOMAUSDT: 'CryptoScanner' object has no attribute '_extract_features'
2025-05-04 08:54:42,197 - ERROR - เกิดข้อผิดพลาดในการคำนวณโมเมนตัม KOMAUSDT: 'CryptoScanner' object has no attribute '_extract_features'
2025-05-04 08:54:42,208 - ERROR - เกิดข้อผิดพลาดในการวิเคราะห์ timeframe ที่สูงขึ้น MEMEUSDT: 'CryptoScanner' object has no attribute '_extract_features'
2025-05-04 08:54:42,238 - ERROR - เกิดข้อผิดพลาดในการวิเคราะห์ timeframe ที่สูงขึ้น PNUTUSDT: 'CryptoScanner' object has no attribute '_extract_features'
2025-05-04 08:54:42,245 - ERROR - เกิดข้อผิดพลาดในการวิเคราะห์ timeframe ที่สูงขึ้น DOGSUSDT: 'CryptoScanner' object has no attribute '_extract_features'
2025-05-04 08:54:42,249 - ERROR - เกิดข้อผิดพลาดในการคำนวณโมเมนตัม MEMEUSDT: 'CryptoScanner' object has no attribute '_extract_features'
2025-05-04 08:54:42,261 - ERROR - เกิดข้อผิดพลาดในการคำนวณโมเมนตัม PNUTUSDT: 'CryptoScanner' object has no attribute '_extract_features'
2025-05-04 08:54:42,265 - ERROR - เกิดข้อผิดพลาดในการคำนวณโมเมนตัม DOGSUSDT: 'CryptoScanner' object has no attribute '_extract_features'
2025-05-04 08:54:42,341 - ERROR - เกิดข้อผิดพลาดในการวิเคราะห์ timeframe ที่สูงขึ้น BAKEUSDT: 'CryptoScanner' object has no attribute '_extract_features'
2025-05-04 08:54:42,342 - ERROR - เกิดข้อผิดพลาดในการคำนวณโมเมนตัม BAKEUSDT: 'CryptoScanner' object has no attribute '_extract_features'
2025-05-04 08:54:42,376 - ERROR - เกิดข้อผิดพลาดในการวิเคราะห์ timeframe ที่สูงขึ้น MBOXUSDT: 'CryptoScanner' object has no attribute '_extract_features'
2025-05-04 08:54:42,376 - ERROR - เกิดข้อผิดพลาดในการคำนวณโมเมนตัม MBOXUSDT: 'CryptoScanner' object has no attribute '_extract_features'
2025-05-04 08:54:42,481 - ERROR - เกิดข้อผิดพลาดในการวิเคราะห์ timeframe ที่สูงขึ้น POPCATUSDT: 'CryptoScanner' object has no attribute '_extract_features'
2025-05-04 08:54:42,485 - ERROR - เกิดข้อผิดพลาดในการคำนวณโมเมนตัม POPCATUSDT: 'CryptoScanner' object has no attribute '_extract_features'
2025-05-04 08:54:42,716 - ERROR - เกิดข้อผิดพลาดในการวิเคราะห์ timeframe ที่สูงขึ้น PONKEUSDT: 'CryptoScanner' object has no attribute '_extract_features'
2025-05-04 08:54:42,728 - ERROR - เกิดข้อผิดพลาดในการวิเคราะห์ timeframe ที่สูงขึ้น SIRENUSDT: 'CryptoScanner' object has no attribute '_extract_features'
2025-05-04 08:54:42,751 - ERROR - เกิดข้อผิดพลาดในการคำนวณโมเมนตัม PONKEUSDT: 'CryptoScanner' object has no attribute '_extract_features'
2025-05-04 08:54:42,761 - ERROR - เกิดข้อผิดพลาดในการวิเคราะห์ timeframe ที่สูงขึ้น SONICUSDT: 'CryptoScanner' object has no attribute '_extract_features'
2025-05-04 08:54:42,769 - ERROR - เกิดข้อผิดพลาดในการคำนวณโมเมนตัม SIRENUSDT: 'CryptoScanner' object has no attribute '_extract_features'
2025-05-04 08:54:42,792 - ERROR - เกิดข้อผิดพลาดในการคำนวณโมเมนตัม SONICUSDT: 'CryptoScanner' object has no attribute '_extract_features'
2025-05-04 08:54:42,835 - ERROR - เกิดข้อผิดพลาดในการวิเคราะห์ timeframe ที่สูงขึ้น CHESSUSDT: 'CryptoScanner' object has no attribute '_extract_features'
2025-05-04 08:54:42,835 - ERROR - เกิดข้อผิดพลาดในการคำนวณโมเมนตัม CHESSUSDT: 'CryptoScanner' object has no attribute '_extract_features'
2025-05-04 08:54:42,878 - ERROR - เกิดข้อผิดพลาดในการวิเคราะห์ timeframe ที่สูงขึ้น ENJUSDT: 'CryptoScanner' object has no attribute '_extract_features'
2025-05-04 08:54:42,879 - ERROR - เกิดข้อผิดพลาดในการคำนวณโมเมนตัม ENJUSDT: 'CryptoScanner' object has no attribute '_extract_features'
2025-05-04 08:54:42,907 - ERROR - เกิดข้อผิดพลาดในการวิเคราะห์ timeframe ที่สูงขึ้น VANAUSDT: 'CryptoScanner' object has no attribute '_extract_features'
2025-05-04 08:54:42,908 - ERROR - เกิดข้อผิดพลาดในการคำนวณโมเมนตัม VANAUSDT: 'CryptoScanner' object has no attribute '_extract_features'
2025-05-04 08:54:43,086 - ERROR - เกิดข้อผิดพลาดในการวิเคราะห์ timeframe ที่สูงขึ้น SYNUSDT: 'CryptoScanner' object has no attribute '_extract_features'
2025-05-04 08:54:43,101 - ERROR - เกิดข้อผิดพลาดในการวิเคราะห์ timeframe ที่สูงขึ้น CGPTUSDT: 'CryptoScanner' object has no attribute '_extract_features'
2025-05-04 08:54:43,103 - ERROR - เกิดข้อผิดพลาดในการวิเคราะห์ timeframe ที่สูงขึ้น ETHWUSDT: 'CryptoScanner' object has no attribute '_extract_features'
2025-05-04 08:54:43,107 - ERROR - เกิดข้อผิดพลาดในการคำนวณโมเมนตัม SYNUSDT: 'CryptoScanner' object has no attribute '_extract_features'
2025-05-04 08:54:43,112 - ERROR - เกิดข้อผิดพลาดในการคำนวณโมเมนตัม CGPTUSDT: 'CryptoScanner' object has no attribute '_extract_features'
2025-05-04 08:54:43,127 - ERROR - เกิดข้อผิดพลาดในการวิเคราะห์ timeframe ที่สูงขึ้น FXSUSDT: 'CryptoScanner' object has no attribute '_extract_features'
2025-05-04 08:54:43,128 - ERROR - เกิดข้อผิดพลาดในการคำนวณโมเมนตัม ETHWUSDT: 'CryptoScanner' object has no attribute '_extract_features'
2025-05-04 08:54:43,168 - ERROR - เกิดข้อผิดพลาดในการคำนวณโมเมนตัม FXSUSDT: 'CryptoScanner' object has no attribute '_extract_features'
2025-05-04 08:54:43,273 - ERROR - เกิดข้อผิดพลาดในการวิเคราะห์ timeframe ที่สูงขึ้น SAFEUSDT: 'CryptoScanner' object has no attribute '_extract_features'
2025-05-04 08:54:43,274 - ERROR - เกิดข้อผิดพลาดในการคำนวณโมเมนตัม SAFEUSDT: 'CryptoScanner' object has no attribute '_extract_features'
2025-05-04 08:54:43,531 - ERROR - เกิดข้อผิดพลาดในการวิเคราะห์ timeframe ที่สูงขึ้น ALICEUSDT: 'CryptoScanner' object has no attribute '_extract_features'
2025-05-04 08:54:43,544 - ERROR - เกิดข้อผิดพลาดในการคำนวณโมเมนตัม ALICEUSDT: 'CryptoScanner' object has no attribute '_extract_features'
2025-05-04 08:54:43,557 - ERROR - เกิดข้อผิดพลาดในการวิเคราะห์ timeframe ที่สูงขึ้น PORTALUSDT: 'CryptoScanner' object has no attribute '_extract_features'
2025-05-04 08:54:43,558 - ERROR - เกิดข้อผิดพลาดในการคำนวณโมเมนตัม PORTALUSDT: 'CryptoScanner' object has no attribute '_extract_features'
2025-05-04 08:54:43,575 - ERROR - เกิดข้อผิดพลาดในการวิเคราะห์ timeframe ที่สูงขึ้น BIGTIMEUSDT: 'CryptoScanner' object has no attribute '_extract_features'
2025-05-04 08:54:43,610 - ERROR - เกิดข้อผิดพลาดในการคำนวณโมเมนตัม BIGTIMEUSDT: 'CryptoScanner' object has no attribute '_extract_features'
2025-05-04 08:54:43,621 - ERROR - เกิดข้อผิดพลาดในการวิเคราะห์ timeframe ที่สูงขึ้น FARTCOINUSDT: 'CryptoScanner' object has no attribute '_extract_features'
2025-05-04 08:54:43,628 - ERROR - เกิดข้อผิดพลาดในการวิเคราะห์ timeframe ที่สูงขึ้น BOMEUSDT: 'CryptoScanner' object has no attribute '_extract_features'
2025-05-04 08:54:43,629 - ERROR - เกิดข้อผิดพลาดในการคำนวณโมเมนตัม FARTCOINUSDT: 'CryptoScanner' object has no attribute '_extract_features'
2025-05-04 08:54:43,657 - ERROR - เกิดข้อผิดพลาดในการคำนวณโมเมนตัม BOMEUSDT: 'CryptoScanner' object has no attribute '_extract_features'
2025-05-04 08:54:43,698 - ERROR - เกิดข้อผิดพลาดในการวิเคราะห์ timeframe ที่สูงขึ้น HIVEUSDT: 'CryptoScanner' object has no attribute '_extract_features'
2025-05-04 08:54:43,699 - ERROR - เกิดข้อผิดพลาดในการวิเคราะห์ timeframe ที่สูงขึ้น BMTUSDT: 'CryptoScanner' object has no attribute '_extract_features'
2025-05-04 08:54:43,699 - ERROR - เกิดข้อผิดพลาดในการคำนวณโมเมนตัม HIVEUSDT: 'CryptoScanner' object has no attribute '_extract_features'
2025-05-04 08:54:43,699 - ERROR - เกิดข้อผิดพลาดในการคำนวณโมเมนตัม BMTUSDT: 'CryptoScanner' object has no attribute '_extract_features'
2025-05-04 08:54:43,807 - ERROR - เกิดข้อผิดพลาดในการวิเคราะห์ timeframe ที่สูงขึ้น XAIUSDT: 'CryptoScanner' object has no attribute '_extract_features'
2025-05-04 08:54:43,810 - ERROR - เกิดข้อผิดพลาดในการคำนวณโมเมนตัม XAIUSDT: 'CryptoScanner' object has no attribute '_extract_features'
2025-05-04 08:54:43,873 - ERROR - เกิดข้อผิดพลาดในการวิเคราะห์ timeframe ที่สูงขึ้น BERAUSDT: 'CryptoScanner' object has no attribute '_extract_features'
2025-05-04 08:54:43,922 - ERROR - เกิดข้อผิดพลาดในการคำนวณโมเมนตัม BERAUSDT: 'CryptoScanner' object has no attribute '_extract_features'
2025-05-04 08:54:44,060 - ERROR - เกิดข้อผิดพลาดในการวิเคราะห์ timeframe ที่สูงขึ้น PHBUSDT: 'CryptoScanner' object has no attribute '_extract_features'
2025-05-04 08:54:44,063 - ERROR - เกิดข้อผิดพลาดในการคำนวณโมเมนตัม PHBUSDT: 'CryptoScanner' object has no attribute '_extract_features'
2025-05-04 08:54:44,189 - ERROR - เกิดข้อผิดพลาดในการวิเคราะห์ timeframe ที่สูงขึ้น CHRUSDT: 'CryptoScanner' object has no attribute '_extract_features'
2025-05-04 08:54:44,192 - ERROR - เกิดข้อผิดพลาดในการวิเคราะห์ timeframe ที่สูงขึ้น ARCUSDT: 'CryptoScanner' object has no attribute '_extract_features'
2025-05-04 08:54:44,193 - ERROR - เกิดข้อผิดพลาดในการคำนวณโมเมนตัม CHRUSDT: 'CryptoScanner' object has no attribute '_extract_features'
2025-05-04 08:54:44,195 - ERROR - เกิดข้อผิดพลาดในการคำนวณโมเมนตัม ARCUSDT: 'CryptoScanner' object has no attribute '_extract_features'
2025-05-04 08:54:44,344 - ERROR - เกิดข้อผิดพลาดในการวิเคราะห์ timeframe ที่สูงขึ้น TAOUSDT: 'CryptoScanner' object has no attribute '_extract_features'
2025-05-04 08:54:44,350 - ERROR - เกิดข้อผิดพลาดในการคำนวณโมเมนตัม TAOUSDT: 'CryptoScanner' object has no attribute '_extract_features'
2025-05-04 08:54:44,368 - ERROR - เกิดข้อผิดพลาดในการวิเคราะห์ timeframe ที่สูงขึ้น LEVERUSDT: 'CryptoScanner' object has no attribute '_extract_features'
2025-05-04 08:54:44,380 - ERROR - เกิดข้อผิดพลาดในการวิเคราะห์ timeframe ที่สูงขึ้น EDUUSDT: 'CryptoScanner' object has no attribute '_extract_features'
2025-05-04 08:54:44,382 - ERROR - เกิดข้อผิดพลาดในการคำนวณโมเมนตัม LEVERUSDT: 'CryptoScanner' object has no attribute '_extract_features'
2025-05-04 08:54:44,395 - ERROR - เกิดข้อผิดพลาดในการคำนวณโมเมนตัม EDUUSDT: 'CryptoScanner' object has no attribute '_extract_features'
2025-05-04 08:54:44,411 - ERROR - เกิดข้อผิดพลาดในการวิเคราะห์ timeframe ที่สูงขึ้น MEUSDT: 'CryptoScanner' object has no attribute '_extract_features'
2025-05-04 08:54:44,435 - ERROR - เกิดข้อผิดพลาดในการคำนวณโมเมนตัม MEUSDT: 'CryptoScanner' object has no attribute '_extract_features'
2025-05-04 08:54:44,437 - ERROR - เกิดข้อผิดพลาดในการวิเคราะห์ timeframe ที่สูงขึ้น MAVUSDT: 'CryptoScanner' object has no attribute '_extract_features'
2025-05-04 08:54:44,450 - ERROR - เกิดข้อผิดพลาดในการคำนวณโมเมนตัม MAVUSDT: 'CryptoScanner' object has no attribute '_extract_features'
2025-05-04 08:54:44,483 - ERROR - เกิดข้อผิดพลาดในการวิเคราะห์ timeframe ที่สูงขึ้น HYPERUSDT: 'CryptoScanner' object has no attribute '_extract_features'
2025-05-04 08:54:44,491 - ERROR - เกิดข้อผิดพลาดในการคำนวณโมเมนตัม HYPERUSDT: 'CryptoScanner' object has no attribute '_extract_features'
2025-05-04 08:54:44,550 - ERROR - เกิดข้อผิดพลาดในการวิเคราะห์ timeframe ที่สูงขึ้น XVGUSDT: 'CryptoScanner' object has no attribute '_extract_features'
2025-05-04 08:54:44,560 - ERROR - เกิดข้อผิดพลาดในการคำนวณโมเมนตัม XVGUSDT: 'CryptoScanner' object has no attribute '_extract_features'
2025-05-04 08:54:44,795 - ERROR - เกิดข้อผิดพลาดในการวิเคราะห์ timeframe ที่สูงขึ้น JTOUSDT: 'CryptoScanner' object has no attribute '_extract_features'
2025-05-04 08:54:44,798 - ERROR - เกิดข้อผิดพลาดในการคำนวณโมเมนตัม JTOUSDT: 'CryptoScanner' object has no attribute '_extract_features'
2025-05-04 08:54:44,879 - ERROR - เกิดข้อผิดพลาดในการวิเคราะห์ timeframe ที่สูงขึ้น KASUSDT: 'CryptoScanner' object has no attribute '_extract_features'
2025-05-04 08:54:44,880 - ERROR - เกิดข้อผิดพลาดในการคำนวณโมเมนตัม KASUSDT: 'CryptoScanner' object has no attribute '_extract_features'
2025-05-04 08:54:44,913 - ERROR - เกิดข้อผิดพลาดในการวิเคราะห์ timeframe ที่สูงขึ้น ROSEUSDT: 'CryptoScanner' object has no attribute '_extract_features'
2025-05-04 08:54:44,919 - ERROR - เกิดข้อผิดพลาดในการคำนวณโมเมนตัม ROSEUSDT: 'CryptoScanner' object has no attribute '_extract_features'
2025-05-04 08:54:44,938 - ERROR - เกิดข้อผิดพลาดในการวิเคราะห์ timeframe ที่สูงขึ้น NKNUSDT: 'CryptoScanner' object has no attribute '_extract_features'
2025-05-04 08:54:44,943 - ERROR - เกิดข้อผิดพลาดในการคำนวณโมเมนตัม NKNUSDT: 'CryptoScanner' object has no attribute '_extract_features'
2025-05-04 08:54:44,990 - ERROR - เกิดข้อผิดพลาดในการวิเคราะห์ timeframe ที่สูงขึ้น GTCUSDT: 'CryptoScanner' object has no attribute '_extract_features'
2025-05-04 08:54:45,001 - ERROR - เกิดข้อผิดพลาดในการวิเคราะห์ timeframe ที่สูงขึ้น FILUSDT: 'CryptoScanner' object has no attribute '_extract_features'
2025-05-04 08:54:45,004 - ERROR - เกิดข้อผิดพลาดในการคำนวณโมเมนตัม GTCUSDT: 'CryptoScanner' object has no attribute '_extract_features'
2025-05-04 08:54:45,029 - ERROR - เกิดข้อผิดพลาดในการคำนวณโมเมนตัม FILUSDT: 'CryptoScanner' object has no attribute '_extract_features'
2025-05-04 08:54:45,059 - ERROR - เกิดข้อผิดพลาดในการวิเคราะห์ timeframe ที่สูงขึ้น EIGENUSDT: 'CryptoScanner' object has no attribute '_extract_features'
2025-05-04 08:54:45,061 - ERROR - เกิดข้อผิดพลาดในการคำนวณโมเมนตัม EIGENUSDT: 'CryptoScanner' object has no attribute '_extract_features'
2025-05-04 08:54:45,168 - ERROR - เกิดข้อผิดพลาดในการวิเคราะห์ timeframe ที่สูงขึ้น SSVUSDT: 'CryptoScanner' object has no attribute '_extract_features'
2025-05-04 08:54:45,173 - ERROR - เกิดข้อผิดพลาดในการคำนวณโมเมนตัม SSVUSDT: 'CryptoScanner' object has no attribute '_extract_features'
2025-05-04 08:54:45,221 - ERROR - เกิดข้อผิดพลาดในการวิเคราะห์ timeframe ที่สูงขึ้น WCTUSDT: 'CryptoScanner' object has no attribute '_extract_features'
2025-05-04 08:54:45,222 - ERROR - เกิดข้อผิดพลาดในการวิเคราะห์ timeframe ที่สูงขึ้น LOKAUSDT: 'CryptoScanner' object has no attribute '_extract_features'
2025-05-04 08:54:45,223 - ERROR - เกิดข้อผิดพลาดในการคำนวณโมเมนตัม WCTUSDT: 'CryptoScanner' object has no attribute '_extract_features'
2025-05-04 08:54:45,226 - ERROR - เกิดข้อผิดพลาดในการคำนวณโมเมนตัม LOKAUSDT: 'CryptoScanner' object has no attribute '_extract_features'
2025-05-04 08:54:45,441 - ERROR - เกิดข้อผิดพลาดในการวิเคราะห์ timeframe ที่สูงขึ้น USTCUSDT: 'CryptoScanner' object has no attribute '_extract_features'
2025-05-04 08:54:45,445 - ERROR - เกิดข้อผิดพลาดในการคำนวณโมเมนตัม USTCUSDT: 'CryptoScanner' object has no attribute '_extract_features'
2025-05-04 08:54:45,556 - ERROR - เกิดข้อผิดพลาดในการวิเคราะห์ timeframe ที่สูงขึ้น VANRYUSDT: 'CryptoScanner' object has no attribute '_extract_features'
2025-05-04 08:54:45,559 - ERROR - เกิดข้อผิดพลาดในการคำนวณโมเมนตัม VANRYUSDT: 'CryptoScanner' object has no attribute '_extract_features'
2025-05-04 08:54:45,596 - ERROR - เกิดข้อผิดพลาดในการวิเคราะห์ timeframe ที่สูงขึ้น PEOPLEUSDT: 'CryptoScanner' object has no attribute '_extract_features'
2025-05-04 08:54:45,608 - ERROR - เกิดข้อผิดพลาดในการคำนวณโมเมนตัม PEOPLEUSDT: 'CryptoScanner' object has no attribute '_extract_features'
2025-05-04 08:54:45,626 - ERROR - เกิดข้อผิดพลาดในการวิเคราะห์ timeframe ที่สูงขึ้น ENAUSDT: 'CryptoScanner' object has no attribute '_extract_features'
2025-05-04 08:54:45,627 - ERROR - เกิดข้อผิดพลาดในการคำนวณโมเมนตัม ENAUSDT: 'CryptoScanner' object has no attribute '_extract_features'
2025-05-04 08:54:45,670 - ERROR - เกิดข้อผิดพลาดในการวิเคราะห์ timeframe ที่สูงขึ้น ORDIUSDT: 'CryptoScanner' object has no attribute '_extract_features'
2025-05-04 08:54:45,674 - ERROR - เกิดข้อผิดพลาดในการคำนวณโมเมนตัม ORDIUSDT: 'CryptoScanner' object has no attribute '_extract_features'
2025-05-04 08:54:45,712 - ERROR - เกิดข้อผิดพลาดในการวิเคราะห์ timeframe ที่สูงขึ้น MANTAUSDT: 'CryptoScanner' object has no attribute '_extract_features'
2025-05-04 08:54:45,722 - ERROR - เกิดข้อผิดพลาดในการวิเคราะห์ timeframe ที่สูงขึ้น CELRUSDT: 'CryptoScanner' object has no attribute '_extract_features'
2025-05-04 08:54:45,726 - ERROR - เกิดข้อผิดพลาดในการคำนวณโมเมนตัม MANTAUSDT: 'CryptoScanner' object has no attribute '_extract_features'
2025-05-04 08:54:45,727 - ERROR - เกิดข้อผิดพลาดในการคำนวณโมเมนตัม CELRUSDT: 'CryptoScanner' object has no attribute '_extract_features'
2025-05-04 08:54:45,835 - ERROR - เกิดข้อผิดพลาดในการวิเคราะห์ timeframe ที่สูงขึ้น MASKUSDT: 'CryptoScanner' object has no attribute '_extract_features'
2025-05-04 08:54:45,838 - ERROR - เกิดข้อผิดพลาดในการคำนวณโมเมนตัม MASKUSDT: 'CryptoScanner' object has no attribute '_extract_features'
2025-05-04 08:54:45,872 - ERROR - เกิดข้อผิดพลาดในการวิเคราะห์ timeframe ที่สูงขึ้น THEUSDT: 'CryptoScanner' object has no attribute '_extract_features'
2025-05-04 08:54:45,875 - ERROR - เกิดข้อผิดพลาดในการวิเคราะห์ timeframe ที่สูงขึ้น HIGHUSDT: 'CryptoScanner' object has no attribute '_extract_features'
2025-05-04 08:54:45,877 - ERROR - เกิดข้อผิดพลาดในการคำนวณโมเมนตัม THEUSDT: 'CryptoScanner' object has no attribute '_extract_features'
2025-05-04 08:54:45,880 - ERROR - เกิดข้อผิดพลาดในการคำนวณโมเมนตัม HIGHUSDT: 'CryptoScanner' object has no attribute '_extract_features'
2025-05-04 08:54:46,104 - ERROR - เกิดข้อผิดพลาดในการวิเคราะห์ timeframe ที่สูงขึ้น TLMUSDT: 'CryptoScanner' object has no attribute '_extract_features'
2025-05-04 08:54:46,124 - ERROR - เกิดข้อผิดพลาดในการคำนวณโมเมนตัม TLMUSDT: 'CryptoScanner' object has no attribute '_extract_features'
2025-05-04 08:54:46,157 - ERROR - เกิดข้อผิดพลาดในการวิเคราะห์ timeframe ที่สูงขึ้น IOUSDT: 'CryptoScanner' object has no attribute '_extract_features'
2025-05-04 08:54:46,161 - ERROR - เกิดข้อผิดพลาดในการคำนวณโมเมนตัม IOUSDT: 'CryptoScanner' object has no attribute '_extract_features'
2025-05-04 08:54:46,283 - ERROR - เกิดข้อผิดพลาดในการวิเคราะห์ timeframe ที่สูงขึ้น ACTUSDT: 'CryptoScanner' object has no attribute '_extract_features'
2025-05-04 08:54:46,298 - ERROR - เกิดข้อผิดพลาดในการคำนวณโมเมนตัม ACTUSDT: 'CryptoScanner' object has no attribute '_extract_features'
2025-05-04 08:54:46,359 - ERROR - เกิดข้อผิดพลาดในการวิเคราะห์ timeframe ที่สูงขึ้น EGLDUSDT: 'CryptoScanner' object has no attribute '_extract_features'
2025-05-04 08:54:46,364 - ERROR - เกิดข้อผิดพลาดในการคำนวณโมเมนตัม EGLDUSDT: 'CryptoScanner' object has no attribute '_extract_features'
2025-05-04 08:54:46,375 - ERROR - เกิดข้อผิดพลาดในการวิเคราะห์ timeframe ที่สูงขึ้น AIUSDT: 'CryptoScanner' object has no attribute '_extract_features'
2025-05-04 08:54:46,387 - ERROR - เกิดข้อผิดพลาดในการวิเคราะห์ timeframe ที่สูงขึ้น KAITOUSDT: 'CryptoScanner' object has no attribute '_extract_features'
2025-05-04 08:54:46,394 - ERROR - เกิดข้อผิดพลาดในการคำนวณโมเมนตัม AIUSDT: 'CryptoScanner' object has no attribute '_extract_features'
2025-05-04 08:54:46,397 - ERROR - เกิดข้อผิดพลาดในการคำนวณโมเมนตัม KAITOUSDT: 'CryptoScanner' object has no attribute '_extract_features'
2025-05-04 08:54:46,418 - ERROR - เกิดข้อผิดพลาดในการวิเคราะห์ timeframe ที่สูงขึ้น WUSDT: 'CryptoScanner' object has no attribute '_extract_features'
2025-05-04 08:54:46,431 - ERROR - เกิดข้อผิดพลาดในการคำนวณโมเมนตัม WUSDT: 'CryptoScanner' object has no attribute '_extract_features'
2025-05-04 08:54:46,519 - ERROR - เกิดข้อผิดพลาดในการวิเคราะห์ timeframe ที่สูงขึ้น BIOUSDT: 'CryptoScanner' object has no attribute '_extract_features'
2025-05-04 08:54:46,534 - ERROR - เกิดข้อผิดพลาดในการคำนวณโมเมนตัม BIOUSDT: 'CryptoScanner' object has no attribute '_extract_features'
2025-05-04 08:54:46,546 - ERROR - เกิดข้อผิดพลาดในการวิเคราะห์ timeframe ที่สูงขึ้น STRKUSDT: 'CryptoScanner' object has no attribute '_extract_features'
2025-05-04 08:54:46,586 - ERROR - เกิดข้อผิดพลาดในการคำนวณโมเมนตัม STRKUSDT: 'CryptoScanner' object has no attribute '_extract_features'
2025-05-04 08:54:46,589 - ERROR - เกิดข้อผิดพลาดในการวิเคราะห์ timeframe ที่สูงขึ้น DUSKUSDT: 'CryptoScanner' object has no attribute '_extract_features'
2025-05-04 08:54:46,609 - ERROR - เกิดข้อผิดพลาดในการคำนวณโมเมนตัม DUSKUSDT: 'CryptoScanner' object has no attribute '_extract_features'
2025-05-04 08:54:46,799 - ERROR - เกิดข้อผิดพลาดในการวิเคราะห์ timeframe ที่สูงขึ้น DODOXUSDT: 'CryptoScanner' object has no attribute '_extract_features'
2025-05-04 08:54:46,814 - ERROR - เกิดข้อผิดพลาดในการคำนวณโมเมนตัม DODOXUSDT: 'CryptoScanner' object has no attribute '_extract_features'
2025-05-04 08:54:46,848 - ERROR - เกิดข้อผิดพลาดในการวิเคราะห์ timeframe ที่สูงขึ้น PENDLEUSDT: 'CryptoScanner' object has no attribute '_extract_features'
2025-05-04 08:54:46,864 - ERROR - เกิดข้อผิดพลาดในการคำนวณโมเมนตัม PENDLEUSDT: 'CryptoScanner' object has no attribute '_extract_features'
2025-05-04 08:54:46,960 - ERROR - เกิดข้อผิดพลาดในการวิเคราะห์ timeframe ที่สูงขึ้น ETHFIUSDT: 'CryptoScanner' object has no attribute '_extract_features'
2025-05-04 08:54:46,962 - ERROR - เกิดข้อผิดพลาดในการคำนวณโมเมนตัม ETHFIUSDT: 'CryptoScanner' object has no attribute '_extract_features'
2025-05-04 08:54:47,024 - ERROR - เกิดข้อผิดพลาดในการวิเคราะห์ timeframe ที่สูงขึ้น FIOUSDT: 'CryptoScanner' object has no attribute '_extract_features'
2025-05-04 08:54:47,026 - ERROR - เกิดข้อผิดพลาดในการคำนวณโมเมนตัม FIOUSDT: 'CryptoScanner' object has no attribute '_extract_features'
2025-05-04 08:54:47,039 - ERROR - เกิดข้อผิดพลาดในการวิเคราะห์ timeframe ที่สูงขึ้น ANIMEUSDT: 'CryptoScanner' object has no attribute '_extract_features'
2025-05-04 08:54:47,047 - ERROR - เกิดข้อผิดพลาดในการคำนวณโมเมนตัม ANIMEUSDT: 'CryptoScanner' object has no attribute '_extract_features'
2025-05-04 08:54:47,071 - ERROR - เกิดข้อผิดพลาดในการวิเคราะห์ timeframe ที่สูงขึ้น ZROUSDT: 'CryptoScanner' object has no attribute '_extract_features'
2025-05-04 08:54:47,079 - ERROR - เกิดข้อผิดพลาดในการคำนวณโมเมนตัม ZROUSDT: 'CryptoScanner' object has no attribute '_extract_features'
2025-05-04 08:54:47,177 - ERROR - เกิดข้อผิดพลาดในการวิเคราะห์ timeframe ที่สูงขึ้น RPLUSDT: 'CryptoScanner' object has no attribute '_extract_features'
2025-05-04 08:54:47,181 - ERROR - เกิดข้อผิดพลาดในการคำนวณโมเมนตัม RPLUSDT: 'CryptoScanner' object has no attribute '_extract_features'
2025-05-04 08:54:47,198 - ERROR - เกิดข้อผิดพลาดในการวิเคราะห์ timeframe ที่สูงขึ้น CRVUSDT: 'CryptoScanner' object has no attribute '_extract_features'
2025-05-04 08:54:47,204 - ERROR - เกิดข้อผิดพลาดในการคำนวณโมเมนตัม CRVUSDT: 'CryptoScanner' object has no attribute '_extract_features'
2025-05-04 08:54:47,260 - ERROR - เกิดข้อผิดพลาดในการวิเคราะห์ timeframe ที่สูงขึ้น ZEREBROUSDT: 'CryptoScanner' object has no attribute '_extract_features'
2025-05-04 08:54:47,281 - ERROR - เกิดข้อผิดพลาดในการคำนวณโมเมนตัม ZEREBROUSDT: 'CryptoScanner' object has no attribute '_extract_features'
2025-05-04 08:54:47,374 - ERROR - เกิดข้อผิดพลาดในการวิเคราะห์ timeframe ที่สูงขึ้น ALTUSDT: 'CryptoScanner' object has no attribute '_extract_features'
2025-05-04 08:54:47,377 - ERROR - เกิดข้อผิดพลาดในการคำนวณโมเมนตัม ALTUSDT: 'CryptoScanner' object has no attribute '_extract_features'
2025-05-04 08:54:47,548 - ERROR - เกิดข้อผิดพลาดในการวิเคราะห์ timeframe ที่สูงขึ้น REZUSDT: 'CryptoScanner' object has no attribute '_extract_features'
2025-05-04 08:54:47,549 - ERROR - เกิดข้อผิดพลาดในการคำนวณโมเมนตัม REZUSDT: 'CryptoScanner' object has no attribute '_extract_features'
2025-05-04 08:54:47,632 - ERROR - เกิดข้อผิดพลาดในการวิเคราะห์ timeframe ที่สูงขึ้น ZETAUSDT: 'CryptoScanner' object has no attribute '_extract_features'
2025-05-04 08:54:47,679 - ERROR - เกิดข้อผิดพลาดในการคำนวณโมเมนตัม ZETAUSDT: 'CryptoScanner' object has no attribute '_extract_features'
2025-05-04 08:54:47,723 - ERROR - เกิดข้อผิดพลาดในการวิเคราะห์ timeframe ที่สูงขึ้น GALAUSDT: 'CryptoScanner' object has no attribute '_extract_features'
2025-05-04 08:54:47,725 - ERROR - เกิดข้อผิดพลาดในการคำนวณโมเมนตัม GALAUSDT: 'CryptoScanner' object has no attribute '_extract_features'
2025-05-04 08:54:47,746 - ERROR - เกิดข้อผิดพลาดในการวิเคราะห์ timeframe ที่สูงขึ้น ONDOUSDT: 'CryptoScanner' object has no attribute '_extract_features'
2025-05-04 08:54:47,760 - ERROR - เกิดข้อผิดพลาดในการวิเคราะห์ timeframe ที่สูงขึ้น AEVOUSDT: 'CryptoScanner' object has no attribute '_extract_features'
2025-05-04 08:54:47,783 - ERROR - เกิดข้อผิดพลาดในการคำนวณโมเมนตัม ONDOUSDT: 'CryptoScanner' object has no attribute '_extract_features'
2025-05-04 08:54:47,805 - ERROR - เกิดข้อผิดพลาดในการวิเคราะห์ timeframe ที่สูงขึ้น AKTUSDT: 'CryptoScanner' object has no attribute '_extract_features'
2025-05-04 08:54:47,811 - ERROR - เกิดข้อผิดพลาดในการคำนวณโมเมนตัม AEVOUSDT: 'CryptoScanner' object has no attribute '_extract_features'
2025-05-04 08:54:47,824 - ERROR - เกิดข้อผิดพลาดในการคำนวณโมเมนตัม AKTUSDT: 'CryptoScanner' object has no attribute '_extract_features'
2025-05-04 08:54:47,991 - ERROR - เกิดข้อผิดพลาดในการวิเคราะห์ timeframe ที่สูงขึ้น BBUSDT: 'CryptoScanner' object has no attribute '_extract_features'
2025-05-04 08:54:48,025 - ERROR - เกิดข้อผิดพลาดในการคำนวณโมเมนตัม BBUSDT: 'CryptoScanner' object has no attribute '_extract_features'
2025-05-04 08:54:48,091 - ERROR - เกิดข้อผิดพลาดในการวิเคราะห์ timeframe ที่สูงขึ้น DEXEUSDT: 'CryptoScanner' object has no attribute '_extract_features'
2025-05-04 08:54:48,107 - ERROR - เกิดข้อผิดพลาดในการวิเคราะห์ timeframe ที่สูงขึ้น BEAMXUSDT: 'CryptoScanner' object has no attribute '_extract_features'
2025-05-04 08:54:48,128 - ERROR - เกิดข้อผิดพลาดในการคำนวณโมเมนตัม DEXEUSDT: 'CryptoScanner' object has no attribute '_extract_features'
2025-05-04 08:54:48,146 - ERROR - เกิดข้อผิดพลาดในการวิเคราะห์ timeframe ที่สูงขึ้น APEUSDT: 'CryptoScanner' object has no attribute '_extract_features'
2025-05-04 08:54:48,146 - ERROR - เกิดข้อผิดพลาดในการคำนวณโมเมนตัม BEAMXUSDT: 'CryptoScanner' object has no attribute '_extract_features'
2025-05-04 08:54:48,168 - ERROR - เกิดข้อผิดพลาดในการคำนวณโมเมนตัม APEUSDT: 'CryptoScanner' object has no attribute '_extract_features'
2025-05-04 08:54:48,210 - ERROR - เกิดข้อผิดพลาดในการวิเคราะห์ timeframe ที่สูงขึ้น HFTUSDT: 'CryptoScanner' object has no attribute '_extract_features'
2025-05-04 08:54:48,221 - ERROR - เกิดข้อผิดพลาดในการคำนวณโมเมนตัม HFTUSDT: 'CryptoScanner' object has no attribute '_extract_features'
2025-05-04 08:54:48,291 - ERROR - เกิดข้อผิดพลาดในการวิเคราะห์ timeframe ที่สูงขึ้น SUIUSDT: 'CryptoScanner' object has no attribute '_extract_features'
2025-05-04 08:54:48,316 - ERROR - เกิดข้อผิดพลาดในการคำนวณโมเมนตัม SUIUSDT: 'CryptoScanner' object has no attribute '_extract_features'
2025-05-04 08:54:48,342 - ERROR - เกิดข้อผิดพลาดในการวิเคราะห์ timeframe ที่สูงขึ้น ATHUSDT: 'CryptoScanner' object has no attribute '_extract_features'
2025-05-04 08:54:48,352 - ERROR - เกิดข้อผิดพลาดในการคำนวณโมเมนตัม ATHUSDT: 'CryptoScanner' object has no attribute '_extract_features'
2025-05-04 08:54:48,521 - ERROR - เกิดข้อผิดพลาดในการวิเคราะห์ timeframe ที่สูงขึ้น BLURUSDT: 'CryptoScanner' object has no attribute '_extract_features'
2025-05-04 08:54:48,552 - ERROR - เกิดข้อผิดพลาดในการวิเคราะห์ timeframe ที่สูงขึ้น DUSDT: 'CryptoScanner' object has no attribute '_extract_features'
2025-05-04 08:54:48,577 - ERROR - เกิดข้อผิดพลาดในการวิเคราะห์ timeframe ที่สูงขึ้น SEIUSDT: 'CryptoScanner' object has no attribute '_extract_features'
2025-05-04 08:54:48,578 - ERROR - เกิดข้อผิดพลาดในการคำนวณโมเมนตัม BLURUSDT: 'CryptoScanner' object has no attribute '_extract_features'
2025-05-04 08:54:48,580 - ERROR - เกิดข้อผิดพลาดในการคำนวณโมเมนตัม DUSDT: 'CryptoScanner' object has no attribute '_extract_features'
2025-05-04 08:54:48,601 - ERROR - เกิดข้อผิดพลาดในการคำนวณโมเมนตัม SEIUSDT: 'CryptoScanner' object has no attribute '_extract_features'
2025-05-04 08:54:48,622 - ERROR - เกิดข้อผิดพลาดในการวิเคราะห์ timeframe ที่สูงขึ้น REIUSDT: 'CryptoScanner' object has no attribute '_extract_features'
2025-05-04 08:54:48,630 - ERROR - เกิดข้อผิดพลาดในการคำนวณโมเมนตัม REIUSDT: 'CryptoScanner' object has no attribute '_extract_features'
2025-05-04 08:54:48,688 - ERROR - เกิดข้อผิดพลาดในการวิเคราะห์ timeframe ที่สูงขึ้น KERNELUSDT: 'CryptoScanner' object has no attribute '_extract_features'
2025-05-04 08:54:48,690 - ERROR - เกิดข้อผิดพลาดในการคำนวณโมเมนตัม KERNELUSDT: 'CryptoScanner' object has no attribute '_extract_features'
2025-05-04 08:54:48,731 - ERROR - เกิดข้อผิดพลาดในการวิเคราะห์ timeframe ที่สูงขึ้น AVAXUSDT: 'CryptoScanner' object has no attribute '_extract_features'
2025-05-04 08:54:48,736 - ERROR - เกิดข้อผิดพลาดในการคำนวณโมเมนตัม AVAXUSDT: 'CryptoScanner' object has no attribute '_extract_features'
2025-05-04 08:54:48,751 - ERROR - เกิดข้อผิดพลาดในการวิเคราะห์ timeframe ที่สูงขึ้น IPUSDT: 'CryptoScanner' object has no attribute '_extract_features'
2025-05-04 08:54:48,757 - ERROR - เกิดข้อผิดพลาดในการคำนวณโมเมนตัม IPUSDT: 'CryptoScanner' object has no attribute '_extract_features'
2025-05-04 08:54:48,846 - ERROR - เกิดข้อผิดพลาดในการวิเคราะห์ timeframe ที่สูงขึ้น SKLUSDT: 'CryptoScanner' object has no attribute '_extract_features'
2025-05-04 08:54:48,859 - ERROR - เกิดข้อผิดพลาดในการคำนวณโมเมนตัม SKLUSDT: 'CryptoScanner' object has no attribute '_extract_features'
2025-05-04 08:54:48,994 - ERROR - เกิดข้อผิดพลาดในการวิเคราะห์ timeframe ที่สูงขึ้น TRBUSDT: 'CryptoScanner' object has no attribute '_extract_features'
2025-05-04 08:54:49,003 - ERROR - เกิดข้อผิดพลาดในการวิเคราะห์ timeframe ที่สูงขึ้น HOOKUSDT: 'CryptoScanner' object has no attribute '_extract_features'
2025-05-04 08:54:49,015 - ERROR - เกิดข้อผิดพลาดในการคำนวณโมเมนตัม TRBUSDT: 'CryptoScanner' object has no attribute '_extract_features'
2025-05-04 08:54:49,029 - ERROR - เกิดข้อผิดพลาดในการคำนวณโมเมนตัม HOOKUSDT: 'CryptoScanner' object has no attribute '_extract_features'
2025-05-04 08:54:49,229 - ERROR - เกิดข้อผิดพลาดในการวิเคราะห์ timeframe ที่สูงขึ้น CTSIUSDT: 'CryptoScanner' object has no attribute '_extract_features'
2025-05-04 08:54:49,254 - ERROR - เกิดข้อผิดพลาดในการคำนวณโมเมนตัม CTSIUSDT: 'CryptoScanner' object has no attribute '_extract_features'
2025-05-04 08:54:49,255 - ERROR - เกิดข้อผิดพลาดในการวิเคราะห์ timeframe ที่สูงขึ้น ARKMUSDT: 'CryptoScanner' object has no attribute '_extract_features'
2025-05-04 08:54:49,262 - ERROR - เกิดข้อผิดพลาดในการวิเคราะห์ timeframe ที่สูงขึ้น HOTUSDT: 'CryptoScanner' object has no attribute '_extract_features'
2025-05-04 08:54:49,283 - ERROR - เกิดข้อผิดพลาดในการคำนวณโมเมนตัม ARKMUSDT: 'CryptoScanner' object has no attribute '_extract_features'
2025-05-04 08:54:49,291 - ERROR - เกิดข้อผิดพลาดในการคำนวณโมเมนตัม HOTUSDT: 'CryptoScanner' object has no attribute '_extract_features'
2025-05-04 08:54:49,325 - ERROR - เกิดข้อผิดพลาดในการวิเคราะห์ timeframe ที่สูงขึ้น DIAUSDT: 'CryptoScanner' object has no attribute '_extract_features'
2025-05-04 08:54:49,330 - ERROR - เกิดข้อผิดพลาดในการคำนวณโมเมนตัม DIAUSDT: 'CryptoScanner' object has no attribute '_extract_features'
2025-05-04 08:54:49,363 - ERROR - เกิดข้อผิดพลาดในการวิเคราะห์ timeframe ที่สูงขึ้น REDUSDT: 'CryptoScanner' object has no attribute '_extract_features'
2025-05-04 08:54:49,375 - ERROR - เกิดข้อผิดพลาดในการคำนวณโมเมนตัม REDUSDT: 'CryptoScanner' object has no attribute '_extract_features'
2025-05-04 08:54:49,441 - ERROR - เกิดข้อผิดพลาดในการวิเคราะห์ timeframe ที่สูงขึ้น LRCUSDT: 'CryptoScanner' object has no attribute '_extract_features'
2025-05-04 08:54:49,465 - ERROR - เกิดข้อผิดพลาดในการวิเคราะห์ timeframe ที่สูงขึ้น OPUSDT: 'CryptoScanner' object has no attribute '_extract_features'
2025-05-04 08:54:49,466 - ERROR - เกิดข้อผิดพลาดในการคำนวณโมเมนตัม LRCUSDT: 'CryptoScanner' object has no attribute '_extract_features'
2025-05-04 08:54:49,468 - ERROR - เกิดข้อผิดพลาดในการคำนวณโมเมนตัม OPUSDT: 'CryptoScanner' object has no attribute '_extract_features'
2025-05-04 08:54:49,473 - ERROR - เกิดข้อผิดพลาดในการวิเคราะห์ timeframe ที่สูงขึ้น FIDAUSDT: 'CryptoScanner' object has no attribute '_extract_features'
2025-05-04 08:54:49,479 - ERROR - เกิดข้อผิดพลาดในการคำนวณโมเมนตัม FIDAUSDT: 'CryptoScanner' object has no attribute '_extract_features'
2025-05-04 08:54:49,714 - ERROR - เกิดข้อผิดพลาดในการวิเคราะห์ timeframe ที่สูงขึ้น SUSHIUSDT: 'CryptoScanner' object has no attribute '_extract_features'
2025-05-04 08:54:49,738 - ERROR - เกิดข้อผิดพลาดในการคำนวณโมเมนตัม SUSHIUSDT: 'CryptoScanner' object has no attribute '_extract_features'
2025-05-04 08:54:49,798 - ERROR - เกิดข้อผิดพลาดในการวิเคราะห์ timeframe ที่สูงขึ้น CFXUSDT: 'CryptoScanner' object has no attribute '_extract_features'
2025-05-04 08:54:49,802 - ERROR - เกิดข้อผิดพลาดในการคำนวณโมเมนตัม CFXUSDT: 'CryptoScanner' object has no attribute '_extract_features'
2025-05-04 08:54:49,865 - ERROR - เกิดข้อผิดพลาดในการวิเคราะห์ timeframe ที่สูงขึ้น BICOUSDT: 'CryptoScanner' object has no attribute '_extract_features'
2025-05-04 08:54:49,866 - ERROR - เกิดข้อผิดพลาดในการคำนวณโมเมนตัม BICOUSDT: 'CryptoScanner' object has no attribute '_extract_features'
2025-05-04 08:54:49,898 - ERROR - เกิดข้อผิดพลาดในการวิเคราะห์ timeframe ที่สูงขึ้น DYMUSDT: 'CryptoScanner' object has no attribute '_extract_features'
2025-05-04 08:54:49,901 - ERROR - เกิดข้อผิดพลาดในการคำนวณโมเมนตัม DYMUSDT: 'CryptoScanner' object has no attribute '_extract_features'
2025-05-04 08:54:49,930 - ERROR - เกิดข้อผิดพลาดในการวิเคราะห์ timeframe ที่สูงขึ้น ONEUSDT: 'CryptoScanner' object has no attribute '_extract_features'
2025-05-04 08:54:49,935 - ERROR - เกิดข้อผิดพลาดในการคำนวณโมเมนตัม ONEUSDT: 'CryptoScanner' object has no attribute '_extract_features'
2025-05-04 08:54:49,974 - ERROR - เกิดข้อผิดพลาดในการวิเคราะห์ timeframe ที่สูงขึ้น NOTUSDT: 'CryptoScanner' object has no attribute '_extract_features'
2025-05-04 08:54:49,989 - ERROR - เกิดข้อผิดพลาดในการคำนวณโมเมนตัม NOTUSDT: 'CryptoScanner' object has no attribute '_extract_features'
2025-05-04 08:54:50,024 - ERROR - เกิดข้อผิดพลาดในการวิเคราะห์ timeframe ที่สูงขึ้น ARBUSDT: 'CryptoScanner' object has no attribute '_extract_features'
2025-05-04 08:54:50,027 - ERROR - เกิดข้อผิดพลาดในการคำนวณโมเมนตัม ARBUSDT: 'CryptoScanner' object has no attribute '_extract_features'
2025-05-04 08:54:50,072 - ERROR - เกิดข้อผิดพลาดในการวิเคราะห์ timeframe ที่สูงขึ้น GMTUSDT: 'CryptoScanner' object has no attribute '_extract_features'
2025-05-04 08:54:50,073 - ERROR - เกิดข้อผิดพลาดในการคำนวณโมเมนตัม GMTUSDT: 'CryptoScanner' object has no attribute '_extract_features'
2025-05-04 08:54:50,115 - ERROR - เกิดข้อผิดพลาดในการวิเคราะห์ timeframe ที่สูงขึ้น NILUSDT: 'CryptoScanner' object has no attribute '_extract_features'
2025-05-04 08:54:50,120 - ERROR - เกิดข้อผิดพลาดในการคำนวณโมเมนตัม NILUSDT: 'CryptoScanner' object has no attribute '_extract_features'
2025-05-04 08:54:50,159 - ERROR - เกิดข้อผิดพลาดในการวิเคราะห์ timeframe ที่สูงขึ้น IDUSDT: 'CryptoScanner' object has no attribute '_extract_features'
2025-05-04 08:54:50,160 - ERROR - เกิดข้อผิดพลาดในการคำนวณโมเมนตัม IDUSDT: 'CryptoScanner' object has no attribute '_extract_features'
2025-05-04 08:54:50,343 - ERROR - เกิดข้อผิดพลาดในการวิเคราะห์ timeframe ที่สูงขึ้น MEWUSDT: 'CryptoScanner' object has no attribute '_extract_features'
2025-05-04 08:54:50,370 - ERROR - เกิดข้อผิดพลาดในการคำนวณโมเมนตัม MEWUSDT: 'CryptoScanner' object has no attribute '_extract_features'
2025-05-04 08:54:50,473 - ERROR - เกิดข้อผิดพลาดในการวิเคราะห์ timeframe ที่สูงขึ้น TRUUSDT: 'CryptoScanner' object has no attribute '_extract_features'
2025-05-04 08:54:50,476 - ERROR - เกิดข้อผิดพลาดในการคำนวณโมเมนตัม TRUUSDT: 'CryptoScanner' object has no attribute '_extract_features'
2025-05-04 08:54:50,548 - ERROR - เกิดข้อผิดพลาดในการวิเคราะห์ timeframe ที่สูงขึ้น VICUSDT: 'CryptoScanner' object has no attribute '_extract_features'
2025-05-04 08:54:50,559 - ERROR - เกิดข้อผิดพลาดในการคำนวณโมเมนตัม VICUSDT: 'CryptoScanner' object has no attribute '_extract_features'
2025-05-04 08:54:50,562 - ERROR - เกิดข้อผิดพลาดในการวิเคราะห์ timeframe ที่สูงขึ้น COTIUSDT: 'CryptoScanner' object has no attribute '_extract_features'
2025-05-04 08:54:50,580 - ERROR - เกิดข้อผิดพลาดในการคำนวณโมเมนตัม COTIUSDT: 'CryptoScanner' object has no attribute '_extract_features'
2025-05-04 08:54:50,622 - ERROR - เกิดข้อผิดพลาดในการวิเคราะห์ timeframe ที่สูงขึ้น TIAUSDT: 'CryptoScanner' object has no attribute '_extract_features'
2025-05-04 08:54:50,623 - ERROR - เกิดข้อผิดพลาดในการคำนวณโมเมนตัม TIAUSDT: 'CryptoScanner' object has no attribute '_extract_features'
2025-05-04 08:54:50,656 - ERROR - เกิดข้อผิดพลาดในการวิเคราะห์ timeframe ที่สูงขึ้น TNSRUSDT: 'CryptoScanner' object has no attribute '_extract_features'
2025-05-04 08:54:50,684 - ERROR - เกิดข้อผิดพลาดในการวิเคราะห์ timeframe ที่สูงขึ้น DOGEUSDT: 'CryptoScanner' object has no attribute '_extract_features'
2025-05-04 08:54:50,689 - ERROR - เกิดข้อผิดพลาดในการคำนวณโมเมนตัม TNSRUSDT: 'CryptoScanner' object has no attribute '_extract_features'
2025-05-04 08:54:50,727 - ERROR - เกิดข้อผิดพลาดในการคำนวณโมเมนตัม DOGEUSDT: 'CryptoScanner' object has no attribute '_extract_features'
2025-05-04 08:54:50,763 - ERROR - เกิดข้อผิดพลาดในการวิเคราะห์ timeframe ที่สูงขึ้น JUPUSDT: 'CryptoScanner' object has no attribute '_extract_features'
2025-05-04 08:54:50,781 - ERROR - เกิดข้อผิดพลาดในการคำนวณโมเมนตัม JUPUSDT: 'CryptoScanner' object has no attribute '_extract_features'
2025-05-04 08:54:50,812 - ERROR - เกิดข้อผิดพลาดในการวิเคราะห์ timeframe ที่สูงขึ้น GHSTUSDT: 'CryptoScanner' object has no attribute '_extract_features'
2025-05-04 08:54:50,839 - ERROR - เกิดข้อผิดพลาดในการคำนวณโมเมนตัม GHSTUSDT: 'CryptoScanner' object has no attribute '_extract_features'
2025-05-04 08:54:50,841 - ERROR - เกิดข้อผิดพลาดในการวิเคราะห์ timeframe ที่สูงขึ้น LISTAUSDT: 'CryptoScanner' object has no attribute '_extract_features'
2025-05-04 08:54:50,853 - ERROR - เกิดข้อผิดพลาดในการคำนวณโมเมนตัม LISTAUSDT: 'CryptoScanner' object has no attribute '_extract_features'
2025-05-04 08:54:51,046 - ERROR - เกิดข้อผิดพลาดในการวิเคราะห์ timeframe ที่สูงขึ้น CATIUSDT: 'CryptoScanner' object has no attribute '_extract_features'
2025-05-04 08:54:51,048 - ERROR - เกิดข้อผิดพลาดในการคำนวณโมเมนตัม CATIUSDT: 'CryptoScanner' object has no attribute '_extract_features'
2025-05-04 08:54:51,130 - ERROR - เกิดข้อผิดพลาดในการวิเคราะห์ timeframe ที่สูงขึ้น SANDUSDT: 'CryptoScanner' object has no attribute '_extract_features'
2025-05-04 08:54:51,142 - ERROR - เกิดข้อผิดพลาดในการคำนวณโมเมนตัม SANDUSDT: 'CryptoScanner' object has no attribute '_extract_features'
2025-05-04 08:54:51,202 - ERROR - เกิดข้อผิดพลาดในการวิเคราะห์ timeframe ที่สูงขึ้น YGGUSDT: 'CryptoScanner' object has no attribute '_extract_features'
2025-05-04 08:54:51,246 - ERROR - เกิดข้อผิดพลาดในการคำนวณโมเมนตัม YGGUSDT: 'CryptoScanner' object has no attribute '_extract_features'
2025-05-04 08:54:51,279 - ERROR - เกิดข้อผิดพลาดในการวิเคราะห์ timeframe ที่สูงขึ้น MAVIAUSDT: 'CryptoScanner' object has no attribute '_extract_features'
2025-05-04 08:54:51,293 - ERROR - เกิดข้อผิดพลาดในการคำนวณโมเมนตัม MAVIAUSDT: 'CryptoScanner' object has no attribute '_extract_features'
2025-05-04 08:54:51,296 - ERROR - เกิดข้อผิดพลาดในการวิเคราะห์ timeframe ที่สูงขึ้น BANANAUSDT: 'CryptoScanner' object has no attribute '_extract_features'
2025-05-04 08:54:51,307 - ERROR - เกิดข้อผิดพลาดในการคำนวณโมเมนตัม BANANAUSDT: 'CryptoScanner' object has no attribute '_extract_features'
2025-05-04 08:54:51,338 - ERROR - เกิดข้อผิดพลาดในการวิเคราะห์ timeframe ที่สูงขึ้น INITUSDT: 'CryptoScanner' object has no attribute '_extract_features'
2025-05-04 08:54:51,339 - ERROR - เกิดข้อผิดพลาดในการคำนวณโมเมนตัม INITUSDT: 'CryptoScanner' object has no attribute '_extract_features'
2025-05-04 08:54:51,364 - ERROR - เกิดข้อผิดพลาดในการวิเคราะห์ timeframe ที่สูงขึ้น SAGAUSDT: 'CryptoScanner' object has no attribute '_extract_features'
2025-05-04 08:54:51,374 - ERROR - เกิดข้อผิดพลาดในการคำนวณโมเมนตัม SAGAUSDT: 'CryptoScanner' object has no attribute '_extract_features'
2025-05-04 08:54:51,473 - ERROR - เกิดข้อผิดพลาดในการวิเคราะห์ timeframe ที่สูงขึ้น PHAUSDT: 'CryptoScanner' object has no attribute '_extract_features'
2025-05-04 08:54:51,477 - ERROR - เกิดข้อผิดพลาดในการคำนวณโมเมนตัม PHAUSDT: 'CryptoScanner' object has no attribute '_extract_features'
2025-05-04 08:54:51,525 - ERROR - เกิดข้อผิดพลาดในการวิเคราะห์ timeframe ที่สูงขึ้น AXSUSDT: 'CryptoScanner' object has no attribute '_extract_features'
2025-05-04 08:54:51,530 - ERROR - เกิดข้อผิดพลาดในการคำนวณโมเมนตัม AXSUSDT: 'CryptoScanner' object has no attribute '_extract_features'
2025-05-04 08:54:51,595 - ERROR - เกิดข้อผิดพลาดในการวิเคราะห์ timeframe ที่สูงขึ้น GRIFFAINUSDT: 'CryptoScanner' object has no attribute '_extract_features'
2025-05-04 08:54:51,605 - ERROR - เกิดข้อผิดพลาดในการคำนวณโมเมนตัม GRIFFAINUSDT: 'CryptoScanner' object has no attribute '_extract_features'
2025-05-04 08:54:51,710 - ERROR - เกิดข้อผิดพลาดในการวิเคราะห์ timeframe ที่สูงขึ้น SPXUSDT: 'CryptoScanner' object has no attribute '_extract_features'
2025-05-04 08:54:51,723 - ERROR - เกิดข้อผิดพลาดในการคำนวณโมเมนตัม SPXUSDT: 'CryptoScanner' object has no attribute '_extract_features'
2025-05-04 08:54:51,808 - ERROR - เกิดข้อผิดพลาดในการวิเคราะห์ timeframe ที่สูงขึ้น STORJUSDT: 'CryptoScanner' object has no attribute '_extract_features'
2025-05-04 08:54:51,823 - ERROR - เกิดข้อผิดพลาดในการคำนวณโมเมนตัม STORJUSDT: 'CryptoScanner' object has no attribute '_extract_features'
2025-05-04 08:54:51,953 - ERROR - เกิดข้อผิดพลาดในการวิเคราะห์ timeframe ที่สูงขึ้น USUALUSDT: 'CryptoScanner' object has no attribute '_extract_features'
2025-05-04 08:54:51,969 - ERROR - เกิดข้อผิดพลาดในการวิเคราะห์ timeframe ที่สูงขึ้น LINKUSDT: 'CryptoScanner' object has no attribute '_extract_features'
2025-05-04 08:54:51,972 - ERROR - เกิดข้อผิดพลาดในการคำนวณโมเมนตัม USUALUSDT: 'CryptoScanner' object has no attribute '_extract_features'
2025-05-04 08:54:51,973 - ERROR - เกิดข้อผิดพลาดในการคำนวณโมเมนตัม LINKUSDT: 'CryptoScanner' object has no attribute '_extract_features'
2025-05-04 08:54:52,016 - ERROR - เกิดข้อผิดพลาดในการวิเคราะห์ timeframe ที่สูงขึ้น AVAUSDT: 'CryptoScanner' object has no attribute '_extract_features'
2025-05-04 08:54:52,024 - ERROR - เกิดข้อผิดพลาดในการวิเคราะห์ timeframe ที่สูงขึ้น RIFUSDT: 'CryptoScanner' object has no attribute '_extract_features'
2025-05-04 08:54:52,032 - ERROR - เกิดข้อผิดพลาดในการคำนวณโมเมนตัม AVAUSDT: 'CryptoScanner' object has no attribute '_extract_features'
2025-05-04 08:54:52,044 - ERROR - เกิดข้อผิดพลาดในการคำนวณโมเมนตัม RIFUSDT: 'CryptoScanner' object has no attribute '_extract_features'
2025-05-04 08:54:52,125 - ERROR - เกิดข้อผิดพลาดในการวิเคราะห์ timeframe ที่สูงขึ้น FLUXUSDT: 'CryptoScanner' object has no attribute '_extract_features'
2025-05-04 08:54:52,135 - ERROR - เกิดข้อผิดพลาดในการคำนวณโมเมนตัม FLUXUSDT: 'CryptoScanner' object has no attribute '_extract_features'
2025-05-04 08:54:52,138 - ERROR - เกิดข้อผิดพลาดในการวิเคราะห์ timeframe ที่สูงขึ้น ENSUSDT: 'CryptoScanner' object has no attribute '_extract_features'
2025-05-04 08:54:52,141 - ERROR - เกิดข้อผิดพลาดในการคำนวณโมเมนตัม ENSUSDT: 'CryptoScanner' object has no attribute '_extract_features'
2025-05-04 08:54:52,178 - ERROR - เกิดข้อผิดพลาดในการวิเคราะห์ timeframe ที่สูงขึ้น THETAUSDT: 'CryptoScanner' object has no attribute '_extract_features'
2025-05-04 08:54:52,182 - ERROR - เกิดข้อผิดพลาดในการคำนวณโมเมนตัม THETAUSDT: 'CryptoScanner' object has no attribute '_extract_features'
2025-05-04 08:54:52,271 - ERROR - เกิดข้อผิดพลาดในการวิเคราะห์ timeframe ที่สูงขึ้น ZRXUSDT: 'CryptoScanner' object has no attribute '_extract_features'
2025-05-04 08:54:52,277 - ERROR - เกิดข้อผิดพลาดในการคำนวณโมเมนตัม ZRXUSDT: 'CryptoScanner' object has no attribute '_extract_features'
2025-05-04 08:54:52,413 - ERROR - เกิดข้อผิดพลาดในการวิเคราะห์ timeframe ที่สูงขึ้น VIRTUALUSDT: 'CryptoScanner' object has no attribute '_extract_features'
2025-05-04 08:54:52,433 - ERROR - เกิดข้อผิดพลาดในการคำนวณโมเมนตัม VIRTUALUSDT: 'CryptoScanner' object has no attribute '_extract_features'
2025-05-04 08:54:52,514 - ERROR - เกิดข้อผิดพลาดในการวิเคราะห์ timeframe ที่สูงขึ้น PROMPTUSDT: 'CryptoScanner' object has no attribute '_extract_features'
2025-05-04 08:54:52,523 - ERROR - เกิดข้อผิดพลาดในการคำนวณโมเมนตัม PROMPTUSDT: 'CryptoScanner' object has no attribute '_extract_features'
2025-05-04 08:54:52,717 - ERROR - เกิดข้อผิดพลาดในการวิเคราะห์ timeframe ที่สูงขึ้น APTUSDT: 'CryptoScanner' object has no attribute '_extract_features'
2025-05-04 08:54:52,720 - ERROR - เกิดข้อผิดพลาดในการคำนวณโมเมนตัม APTUSDT: 'CryptoScanner' object has no attribute '_extract_features'
2025-05-04 08:54:52,749 - ERROR - เกิดข้อผิดพลาดในการวิเคราะห์ timeframe ที่สูงขึ้น COSUSDT: 'CryptoScanner' object has no attribute '_extract_features'
2025-05-04 08:54:52,765 - ERROR - เกิดข้อผิดพลาดในการคำนวณโมเมนตัม COSUSDT: 'CryptoScanner' object has no attribute '_extract_features'
2025-05-04 08:54:52,840 - ERROR - เกิดข้อผิดพลาดในการวิเคราะห์ timeframe ที่สูงขึ้น MLNUSDT: 'CryptoScanner' object has no attribute '_extract_features'
2025-05-04 08:54:52,845 - ERROR - เกิดข้อผิดพลาดในการคำนวณโมเมนตัม MLNUSDT: 'CryptoScanner' object has no attribute '_extract_features'
2025-05-04 08:54:52,859 - ERROR - เกิดข้อผิดพลาดในการวิเคราะห์ timeframe ที่สูงขึ้น RAYSOLUSDT: 'CryptoScanner' object has no attribute '_extract_features'
2025-05-04 08:54:52,862 - ERROR - เกิดข้อผิดพลาดในการคำนวณโมเมนตัม RAYSOLUSDT: 'CryptoScanner' object has no attribute '_extract_features'
2025-05-04 08:54:52,882 - ERROR - เกิดข้อผิดพลาดในการวิเคราะห์ timeframe ที่สูงขึ้น ONTUSDT: 'CryptoScanner' object has no attribute '_extract_features'
2025-05-04 08:54:52,909 - ERROR - เกิดข้อผิดพลาดในการคำนวณโมเมนตัม ONTUSDT: 'CryptoScanner' object has no attribute '_extract_features'
2025-05-04 08:54:52,960 - ERROR - เกิดข้อผิดพลาดในการวิเคราะห์ timeframe ที่สูงขึ้น OMUSDT: 'CryptoScanner' object has no attribute '_extract_features'
2025-05-04 08:54:52,980 - ERROR - เกิดข้อผิดพลาดในการคำนวณโมเมนตัม OMUSDT: 'CryptoScanner' object has no attribute '_extract_features'
2025-05-04 08:54:53,122 - ERROR - เกิดข้อผิดพลาดในการวิเคราะห์ timeframe ที่สูงขึ้น ADAUSDT: 'CryptoScanner' object has no attribute '_extract_features'
2025-05-04 08:54:53,171 - ERROR - เกิดข้อผิดพลาดในการคำนวณโมเมนตัม ADAUSDT: 'CryptoScanner' object has no attribute '_extract_features'
2025-05-04 08:54:53,180 - ERROR - เกิดข้อผิดพลาดในการวิเคราะห์ timeframe ที่สูงขึ้น CKBUSDT: 'CryptoScanner' object has no attribute '_extract_features'
2025-05-04 08:54:53,211 - ERROR - เกิดข้อผิดพลาดในการคำนวณโมเมนตัม CKBUSDT: 'CryptoScanner' object has no attribute '_extract_features'
2025-05-04 08:54:53,283 - ERROR - เกิดข้อผิดพลาดในการวิเคราะห์ timeframe ที่สูงขึ้น DOTUSDT: 'CryptoScanner' object has no attribute '_extract_features'
2025-05-04 08:54:53,294 - ERROR - เกิดข้อผิดพลาดในการคำนวณโมเมนตัม DOTUSDT: 'CryptoScanner' object has no attribute '_extract_features'
2025-05-04 08:54:53,309 - ERROR - เกิดข้อผิดพลาดในการวิเคราะห์ timeframe ที่สูงขึ้น GPSUSDT: 'CryptoScanner' object has no attribute '_extract_features'
2025-05-04 08:54:53,356 - ERROR - เกิดข้อผิดพลาดในการคำนวณโมเมนตัม GPSUSDT: 'CryptoScanner' object has no attribute '_extract_features'
2025-05-04 08:54:53,359 - ERROR - เกิดข้อผิดพลาดในการวิเคราะห์ timeframe ที่สูงขึ้น OGNUSDT: 'CryptoScanner' object has no attribute '_extract_features'
2025-05-04 08:54:53,365 - ERROR - เกิดข้อผิดพลาดในการคำนวณโมเมนตัม OGNUSDT: 'CryptoScanner' object has no attribute '_extract_features'
2025-05-04 08:54:53,414 - ERROR - เกิดข้อผิดพลาดในการวิเคราะห์ timeframe ที่สูงขึ้น INJUSDT: 'CryptoScanner' object has no attribute '_extract_features'
2025-05-04 08:54:53,416 - ERROR - เกิดข้อผิดพลาดในการคำนวณโมเมนตัม INJUSDT: 'CryptoScanner' object has no attribute '_extract_features'
2025-05-04 08:54:53,430 - ERROR - เกิดข้อผิดพลาดในการวิเคราะห์ timeframe ที่สูงขึ้น BANKUSDT: 'CryptoScanner' object has no attribute '_extract_features'
2025-05-04 08:54:53,433 - ERROR - เกิดข้อผิดพลาดในการคำนวณโมเมนตัม BANKUSDT: 'CryptoScanner' object has no attribute '_extract_features'
2025-05-04 08:54:53,557 - ERROR - เกิดข้อผิดพลาดในการวิเคราะห์ timeframe ที่สูงขึ้น SNXUSDT: 'CryptoScanner' object has no attribute '_extract_features'
2025-05-04 08:54:53,575 - ERROR - เกิดข้อผิดพลาดในการคำนวณโมเมนตัม SNXUSDT: 'CryptoScanner' object has no attribute '_extract_features'
2025-05-04 08:54:53,627 - ERROR - เกิดข้อผิดพลาดในการวิเคราะห์ timeframe ที่สูงขึ้น SPELLUSDT: 'CryptoScanner' object has no attribute '_extract_features'
2025-05-04 08:54:53,639 - ERROR - เกิดข้อผิดพลาดในการคำนวณโมเมนตัม SPELLUSDT: 'CryptoScanner' object has no attribute '_extract_features'
2025-05-04 08:54:53,662 - ERROR - เกิดข้อผิดพลาดในการวิเคราะห์ timeframe ที่สูงขึ้น QUICKUSDT: 'CryptoScanner' object has no attribute '_extract_features'
2025-05-04 08:54:53,664 - ERROR - เกิดข้อผิดพลาดในการคำนวณโมเมนตัม QUICKUSDT: 'CryptoScanner' object has no attribute '_extract_features'
2025-05-04 08:54:53,767 - ERROR - เกิดข้อผิดพลาดในการวิเคราะห์ timeframe ที่สูงขึ้น DYDXUSDT: 'CryptoScanner' object has no attribute '_extract_features'
2025-05-04 08:54:53,769 - ERROR - เกิดข้อผิดพลาดในการคำนวณโมเมนตัม DYDXUSDT: 'CryptoScanner' object has no attribute '_extract_features'
2025-05-04 08:54:53,839 - ERROR - เกิดข้อผิดพลาดในการวิเคราะห์ timeframe ที่สูงขึ้น NMRUSDT: 'CryptoScanner' object has no attribute '_extract_features'
2025-05-04 08:54:53,842 - ERROR - เกิดข้อผิดพลาดในการคำนวณโมเมนตัม NMRUSDT: 'CryptoScanner' object has no attribute '_extract_features'
2025-05-04 08:54:53,941 - ERROR - เกิดข้อผิดพลาดในการวิเคราะห์ timeframe ที่สูงขึ้น AAVEUSDT: 'CryptoScanner' object has no attribute '_extract_features'
2025-05-04 08:54:53,944 - ERROR - เกิดข้อผิดพลาดในการคำนวณโมเมนตัม AAVEUSDT: 'CryptoScanner' object has no attribute '_extract_features'
2025-05-04 08:54:54,042 - ERROR - เกิดข้อผิดพลาดในการวิเคราะห์ timeframe ที่สูงขึ้น TUTUSDT: 'CryptoScanner' object has no attribute '_extract_features'
2025-05-04 08:54:54,051 - ERROR - เกิดข้อผิดพลาดในการคำนวณโมเมนตัม TUTUSDT: 'CryptoScanner' object has no attribute '_extract_features'
2025-05-04 08:54:54,083 - ERROR - เกิดข้อผิดพลาดในการวิเคราะห์ timeframe ที่สูงขึ้น BANDUSDT: 'CryptoScanner' object has no attribute '_extract_features'
2025-05-04 08:54:54,086 - ERROR - เกิดข้อผิดพลาดในการคำนวณโมเมนตัม BANDUSDT: 'CryptoScanner' object has no attribute '_extract_features'
2025-05-04 08:54:54,110 - ERROR - เกิดข้อผิดพลาดในการวิเคราะห์ timeframe ที่สูงขึ้น ICXUSDT: 'CryptoScanner' object has no attribute '_extract_features'
2025-05-04 08:54:54,132 - ERROR - เกิดข้อผิดพลาดในการคำนวณโมเมนตัม ICXUSDT: 'CryptoScanner' object has no attribute '_extract_features'
2025-05-04 08:54:54,145 - ERROR - เกิดข้อผิดพลาดในการวิเคราะห์ timeframe ที่สูงขึ้น SWELLUSDT: 'CryptoScanner' object has no attribute '_extract_features'
2025-05-04 08:54:54,170 - ERROR - เกิดข้อผิดพลาดในการคำนวณโมเมนตัม SWELLUSDT: 'CryptoScanner' object has no attribute '_extract_features'
2025-05-04 08:54:54,208 - ERROR - เกิดข้อผิดพลาดในการวิเคราะห์ timeframe ที่สูงขึ้น FLOWUSDT: 'CryptoScanner' object has no attribute '_extract_features'
2025-05-04 08:54:54,220 - ERROR - เกิดข้อผิดพลาดในการคำนวณโมเมนตัม FLOWUSDT: 'CryptoScanner' object has no attribute '_extract_features'
2025-05-04 08:54:54,280 - ERROR - เกิดข้อผิดพลาดในการวิเคราะห์ timeframe ที่สูงขึ้น LTCUSDT: 'CryptoScanner' object has no attribute '_extract_features'
2025-05-04 08:54:54,290 - ERROR - เกิดข้อผิดพลาดในการคำนวณโมเมนตัม LTCUSDT: 'CryptoScanner' object has no attribute '_extract_features'
2025-05-04 08:54:54,345 - ERROR - เกิดข้อผิดพลาดในการวิเคราะห์ timeframe ที่สูงขึ้น FETUSDT: 'CryptoScanner' object has no attribute '_extract_features'
2025-05-04 08:54:54,346 - ERROR - เกิดข้อผิดพลาดในการคำนวณโมเมนตัม FETUSDT: 'CryptoScanner' object has no attribute '_extract_features'
2025-05-04 08:54:54,508 - ERROR - เกิดข้อผิดพลาดในการวิเคราะห์ timeframe ที่สูงขึ้น CELOUSDT: 'CryptoScanner' object has no attribute '_extract_features'
2025-05-04 08:54:54,520 - ERROR - เกิดข้อผิดพลาดในการวิเคราะห์ timeframe ที่สูงขึ้น CYBERUSDT: 'CryptoScanner' object has no attribute '_extract_features'
2025-05-04 08:54:54,524 - ERROR - เกิดข้อผิดพลาดในการคำนวณโมเมนตัม CELOUSDT: 'CryptoScanner' object has no attribute '_extract_features'
2025-05-04 08:54:54,561 - ERROR - เกิดข้อผิดพลาดในการคำนวณโมเมนตัม CYBERUSDT: 'CryptoScanner' object has no attribute '_extract_features'
2025-05-04 08:54:54,594 - ERROR - เกิดข้อผิดพลาดในการวิเคราะห์ timeframe ที่สูงขึ้น RAREUSDT: 'CryptoScanner' object has no attribute '_extract_features'
2025-05-04 08:54:54,602 - ERROR - เกิดข้อผิดพลาดในการคำนวณโมเมนตัม RAREUSDT: 'CryptoScanner' object has no attribute '_extract_features'
2025-05-04 08:54:54,617 - ERROR - เกิดข้อผิดพลาดในการวิเคราะห์ timeframe ที่สูงขึ้น RENDERUSDT: 'CryptoScanner' object has no attribute '_extract_features'
2025-05-04 08:54:54,634 - ERROR - เกิดข้อผิดพลาดในการคำนวณโมเมนตัม RENDERUSDT: 'CryptoScanner' object has no attribute '_extract_features'
2025-05-04 08:54:54,712 - ERROR - เกิดข้อผิดพลาดในการวิเคราะห์ timeframe ที่สูงขึ้น PYTHUSDT: 'CryptoScanner' object has no attribute '_extract_features'
2025-05-04 08:54:54,715 - ERROR - เกิดข้อผิดพลาดในการคำนวณโมเมนตัม PYTHUSDT: 'CryptoScanner' object has no attribute '_extract_features'
2025-05-04 08:54:54,743 - ERROR - เกิดข้อผิดพลาดในการวิเคราะห์ timeframe ที่สูงขึ้น DENTUSDT: 'CryptoScanner' object has no attribute '_extract_features'
2025-05-04 08:54:54,750 - ERROR - เกิดข้อผิดพลาดในการคำนวณโมเมนตัม DENTUSDT: 'CryptoScanner' object has no attribute '_extract_features'
2025-05-04 08:54:54,769 - ERROR - เกิดข้อผิดพลาดในการวิเคราะห์ timeframe ที่สูงขึ้น WOOUSDT: 'CryptoScanner' object has no attribute '_extract_features'
2025-05-04 08:54:54,779 - ERROR - เกิดข้อผิดพลาดในการคำนวณโมเมนตัม WOOUSDT: 'CryptoScanner' object has no attribute '_extract_features'
2025-05-04 08:54:54,938 - ERROR - เกิดข้อผิดพลาดในการวิเคราะห์ timeframe ที่สูงขึ้น ICPUSDT: 'CryptoScanner' object has no attribute '_extract_features'
2025-05-04 08:54:54,939 - ERROR - เกิดข้อผิดพลาดในการคำนวณโมเมนตัม ICPUSDT: 'CryptoScanner' object has no attribute '_extract_features'
2025-05-04 08:54:54,998 - ERROR - เกิดข้อผิดพลาดในการวิเคราะห์ timeframe ที่สูงขึ้น SANTOSUSDT: 'CryptoScanner' object has no attribute '_extract_features'
2025-05-04 08:54:55,001 - ERROR - เกิดข้อผิดพลาดในการคำนวณโมเมนตัม SANTOSUSDT: 'CryptoScanner' object has no attribute '_extract_features'
2025-05-04 08:54:55,126 - ERROR - เกิดข้อผิดพลาดในการวิเคราะห์ timeframe ที่สูงขึ้น TOKENUSDT: 'CryptoScanner' object has no attribute '_extract_features'
2025-05-04 08:54:55,160 - ERROR - เกิดข้อผิดพลาดในการคำนวณโมเมนตัม TOKENUSDT: 'CryptoScanner' object has no attribute '_extract_features'
2025-05-04 08:54:55,235 - ERROR - เกิดข้อผิดพลาดในการวิเคราะห์ timeframe ที่สูงขึ้น NEARUSDT: 'CryptoScanner' object has no attribute '_extract_features'
2025-05-04 08:54:55,245 - ERROR - เกิดข้อผิดพลาดในการคำนวณโมเมนตัม NEARUSDT: 'CryptoScanner' object has no attribute '_extract_features'
2025-05-04 08:54:55,264 - ERROR - เกิดข้อผิดพลาดในการวิเคราะห์ timeframe ที่สูงขึ้น MOCAUSDT: 'CryptoScanner' object has no attribute '_extract_features'
2025-05-04 08:54:55,280 - ERROR - เกิดข้อผิดพลาดในการวิเคราะห์ timeframe ที่สูงขึ้น ASTRUSDT: 'CryptoScanner' object has no attribute '_extract_features'
2025-05-04 08:54:55,293 - ERROR - เกิดข้อผิดพลาดในการคำนวณโมเมนตัม MOCAUSDT: 'CryptoScanner' object has no attribute '_extract_features'
2025-05-04 08:54:55,308 - ERROR - เกิดข้อผิดพลาดในการคำนวณโมเมนตัม ASTRUSDT: 'CryptoScanner' object has no attribute '_extract_features'
2025-05-04 08:54:55,327 - ERROR - เกิดข้อผิดพลาดในการวิเคราะห์ timeframe ที่สูงขึ้น SOLUSDT: 'CryptoScanner' object has no attribute '_extract_features'
2025-05-04 08:54:55,360 - ERROR - เกิดข้อผิดพลาดในการคำนวณโมเมนตัม SOLUSDT: 'CryptoScanner' object has no attribute '_extract_features'
2025-05-04 08:54:55,375 - ERROR - เกิดข้อผิดพลาดในการวิเคราะห์ timeframe ที่สูงขึ้น UNIUSDT: 'CryptoScanner' object has no attribute '_extract_features'
2025-05-04 08:54:55,388 - ERROR - เกิดข้อผิดพลาดในการคำนวณโมเมนตัม UNIUSDT: 'CryptoScanner' object has no attribute '_extract_features'
2025-05-04 08:54:55,429 - ERROR - เกิดข้อผิดพลาดในการวิเคราะห์ timeframe ที่สูงขึ้น ZENUSDT: 'CryptoScanner' object has no attribute '_extract_features'
2025-05-04 08:54:55,446 - ERROR - เกิดข้อผิดพลาดในการวิเคราะห์ timeframe ที่สูงขึ้น CHZUSDT: 'CryptoScanner' object has no attribute '_extract_features'
2025-05-04 08:54:55,446 - ERROR - เกิดข้อผิดพลาดในการคำนวณโมเมนตัม ZENUSDT: 'CryptoScanner' object has no attribute '_extract_features'
2025-05-04 08:54:55,448 - ERROR - เกิดข้อผิดพลาดในการคำนวณโมเมนตัม CHZUSDT: 'CryptoScanner' object has no attribute '_extract_features'
2025-05-04 08:54:55,530 - ERROR - เกิดข้อผิดพลาดในการวิเคราะห์ timeframe ที่สูงขึ้น LSKUSDT: 'CryptoScanner' object has no attribute '_extract_features'
2025-05-04 08:54:55,533 - ERROR - เกิดข้อผิดพลาดในการคำนวณโมเมนตัม LSKUSDT: 'CryptoScanner' object has no attribute '_extract_features'
2025-05-04 08:54:55,749 - ERROR - เกิดข้อผิดพลาดในการวิเคราะห์ timeframe ที่สูงขึ้น HIFIUSDT: 'CryptoScanner' object has no attribute '_extract_features'
2025-05-04 08:54:55,757 - ERROR - เกิดข้อผิดพลาดในการคำนวณโมเมนตัม HIFIUSDT: 'CryptoScanner' object has no attribute '_extract_features'
2025-05-04 08:54:55,862 - ERROR - เกิดข้อผิดพลาดในการวิเคราะห์ timeframe ที่สูงขึ้น HEIUSDT: 'CryptoScanner' object has no attribute '_extract_features'
2025-05-04 08:54:55,879 - ERROR - เกิดข้อผิดพลาดในการคำนวณโมเมนตัม HEIUSDT: 'CryptoScanner' object has no attribute '_extract_features'
2025-05-04 08:54:55,882 - ERROR - เกิดข้อผิดพลาดในการวิเคราะห์ timeframe ที่สูงขึ้น IOSTUSDT: 'CryptoScanner' object has no attribute '_extract_features'
2025-05-04 08:54:55,912 - ERROR - เกิดข้อผิดพลาดในการวิเคราะห์ timeframe ที่สูงขึ้น BCHUSDT: 'CryptoScanner' object has no attribute '_extract_features'
2025-05-04 08:54:55,914 - ERROR - เกิดข้อผิดพลาดในการคำนวณโมเมนตัม IOSTUSDT: 'CryptoScanner' object has no attribute '_extract_features'
2025-05-04 08:54:55,915 - ERROR - เกิดข้อผิดพลาดในการคำนวณโมเมนตัม BCHUSDT: 'CryptoScanner' object has no attribute '_extract_features'
2025-05-04 08:54:55,961 - ERROR - เกิดข้อผิดพลาดในการวิเคราะห์ timeframe ที่สูงขึ้น MINAUSDT: 'CryptoScanner' object has no attribute '_extract_features'
2025-05-04 08:54:55,962 - ERROR - เกิดข้อผิดพลาดในการคำนวณโมเมนตัม MINAUSDT: 'CryptoScanner' object has no attribute '_extract_features'
2025-05-04 08:54:56,091 - ERROR - เกิดข้อผิดพลาดในการวิเคราะห์ timeframe ที่สูงขึ้น RDNTUSDT: 'CryptoScanner' object has no attribute '_extract_features'
2025-05-04 08:54:56,095 - ERROR - เกิดข้อผิดพลาดในการวิเคราะห์ timeframe ที่สูงขึ้น RSRUSDT: 'CryptoScanner' object has no attribute '_extract_features'
2025-05-04 08:54:56,095 - ERROR - เกิดข้อผิดพลาดในการคำนวณโมเมนตัม RDNTUSDT: 'CryptoScanner' object has no attribute '_extract_features'
2025-05-04 08:54:56,105 - ERROR - เกิดข้อผิดพลาดในการวิเคราะห์ timeframe ที่สูงขึ้น EOSUSDT: 'CryptoScanner' object has no attribute '_extract_features'
2025-05-04 08:54:56,105 - ERROR - เกิดข้อผิดพลาดในการคำนวณโมเมนตัม RSRUSDT: 'CryptoScanner' object has no attribute '_extract_features'
2025-05-04 08:54:56,128 - ERROR - เกิดข้อผิดพลาดในการคำนวณโมเมนตัม EOSUSDT: 'CryptoScanner' object has no attribute '_extract_features'
2025-05-04 08:54:56,159 - ERROR - เกิดข้อผิดพลาดในการวิเคราะห์ timeframe ที่สูงขึ้น FHEUSDT: 'CryptoScanner' object has no attribute '_extract_features'
2025-05-04 08:54:56,211 - ERROR - เกิดข้อผิดพลาดในการวิเคราะห์ timeframe ที่สูงขึ้น AERGOUSDT: 'CryptoScanner' object has no attribute '_extract_features'
2025-05-04 08:54:56,212 - ERROR - เกิดข้อผิดพลาดในการคำนวณโมเมนตัม FHEUSDT: 'CryptoScanner' object has no attribute '_extract_features'
2025-05-04 08:54:56,227 - ERROR - เกิดข้อผิดพลาดในการคำนวณโมเมนตัม AERGOUSDT: 'CryptoScanner' object has no attribute '_extract_features'
2025-05-04 08:54:56,323 - ERROR - เกิดข้อผิดพลาดในการวิเคราะห์ timeframe ที่สูงขึ้น ANKRUSDT: 'CryptoScanner' object has no attribute '_extract_features'
2025-05-04 08:54:56,340 - ERROR - เกิดข้อผิดพลาดในการคำนวณโมเมนตัม ANKRUSDT: 'CryptoScanner' object has no attribute '_extract_features'
2025-05-04 08:54:56,438 - ERROR - เกิดข้อผิดพลาดในการวิเคราะห์ timeframe ที่สูงขึ้น SIGNUSDT: 'CryptoScanner' object has no attribute '_extract_features'
2025-05-04 08:54:56,440 - ERROR - เกิดข้อผิดพลาดในการคำนวณโมเมนตัม SIGNUSDT: 'CryptoScanner' object has no attribute '_extract_features'
2025-05-04 08:54:56,577 - ERROR - เกิดข้อผิดพลาดในการวิเคราะห์ timeframe ที่สูงขึ้น DASHUSDT: 'CryptoScanner' object has no attribute '_extract_features'
2025-05-04 08:54:56,586 - ERROR - เกิดข้อผิดพลาดในการคำนวณโมเมนตัม DASHUSDT: 'CryptoScanner' object has no attribute '_extract_features'
2025-05-04 08:54:56,592 - ERROR - เกิดข้อผิดพลาดในการวิเคราะห์ timeframe ที่สูงขึ้น BATUSDT: 'CryptoScanner' object has no attribute '_extract_features'
2025-05-04 08:54:56,598 - ERROR - เกิดข้อผิดพลาดในการคำนวณโมเมนตัม BATUSDT: 'CryptoScanner' object has no attribute '_extract_features'
2025-05-04 08:54:56,652 - ERROR - เกิดข้อผิดพลาดในการวิเคราะห์ timeframe ที่สูงขึ้น SUSDT: 'CryptoScanner' object has no attribute '_extract_features'
2025-05-04 08:54:56,671 - ERROR - เกิดข้อผิดพลาดในการคำนวณโมเมนตัม SUSDT: 'CryptoScanner' object has no attribute '_extract_features'
2025-05-04 08:54:56,700 - ERROR - เกิดข้อผิดพลาดในการวิเคราะห์ timeframe ที่สูงขึ้น MYROUSDT: 'CryptoScanner' object has no attribute '_extract_features'
2025-05-04 08:54:56,702 - ERROR - เกิดข้อผิดพลาดในการคำนวณโมเมนตัม MYROUSDT: 'CryptoScanner' object has no attribute '_extract_features'
2025-05-04 08:54:56,729 - ERROR - เกิดข้อผิดพลาดในการวิเคราะห์ timeframe ที่สูงขึ้น BTCUSDT: 'CryptoScanner' object has no attribute '_extract_features'
2025-05-04 08:54:56,742 - ERROR - เกิดข้อผิดพลาดในการคำนวณโมเมนตัม BTCUSDT: 'CryptoScanner' object has no attribute '_extract_features'
2025-05-04 08:54:56,927 - ERROR - เกิดข้อผิดพลาดในการวิเคราะห์ timeframe ที่สูงขึ้น STXUSDT: 'CryptoScanner' object has no attribute '_extract_features'
2025-05-04 08:54:56,939 - ERROR - เกิดข้อผิดพลาดในการวิเคราะห์ timeframe ที่สูงขึ้น ORCAUSDT: 'CryptoScanner' object has no attribute '_extract_features'
2025-05-04 08:54:56,954 - ERROR - เกิดข้อผิดพลาดในการวิเคราะห์ timeframe ที่สูงขึ้น DEGOUSDT: 'CryptoScanner' object has no attribute '_extract_features'
2025-05-04 08:54:56,957 - ERROR - เกิดข้อผิดพลาดในการคำนวณโมเมนตัม STXUSDT: 'CryptoScanner' object has no attribute '_extract_features'
2025-05-04 08:54:56,971 - ERROR - เกิดข้อผิดพลาดในการคำนวณโมเมนตัม ORCAUSDT: 'CryptoScanner' object has no attribute '_extract_features'
2025-05-04 08:54:56,992 - ERROR - เกิดข้อผิดพลาดในการคำนวณโมเมนตัม DEGOUSDT: 'CryptoScanner' object has no attribute '_extract_features'
2025-05-04 08:54:57,026 - ERROR - เกิดข้อผิดพลาดในการวิเคราะห์ timeframe ที่สูงขึ้น MOVRUSDT: 'CryptoScanner' object has no attribute '_extract_features'
2025-05-04 08:54:57,034 - ERROR - เกิดข้อผิดพลาดในการคำนวณโมเมนตัม MOVRUSDT: 'CryptoScanner' object has no attribute '_extract_features'
2025-05-04 08:54:57,102 - ERROR - เกิดข้อผิดพลาดในการวิเคราะห์ timeframe ที่สูงขึ้น SOLVUSDT: 'CryptoScanner' object has no attribute '_extract_features'
2025-05-04 08:54:57,103 - ERROR - เกิดข้อผิดพลาดในการคำนวณโมเมนตัม SOLVUSDT: 'CryptoScanner' object has no attribute '_extract_features'
2025-05-04 08:54:57,118 - ERROR - เกิดข้อผิดพลาดในการวิเคราะห์ timeframe ที่สูงขึ้น LQTYUSDT: 'CryptoScanner' object has no attribute '_extract_features'
2025-05-04 08:54:57,119 - ERROR - เกิดข้อผิดพลาดในการคำนวณโมเมนตัม LQTYUSDT: 'CryptoScanner' object has no attribute '_extract_features'
2025-05-04 08:54:57,261 - ERROR - เกิดข้อผิดพลาดในการวิเคราะห์ timeframe ที่สูงขึ้น STEEMUSDT: 'CryptoScanner' object has no attribute '_extract_features'
2025-05-04 08:54:57,271 - ERROR - เกิดข้อผิดพลาดในการคำนวณโมเมนตัม STEEMUSDT: 'CryptoScanner' object has no attribute '_extract_features'
2025-05-04 08:54:57,361 - ERROR - เกิดข้อผิดพลาดในการวิเคราะห์ timeframe ที่สูงขึ้น ETHUSDT: 'CryptoScanner' object has no attribute '_extract_features'
2025-05-04 08:54:57,378 - ERROR - เกิดข้อผิดพลาดในการคำนวณโมเมนตัม ETHUSDT: 'CryptoScanner' object has no attribute '_extract_features'
2025-05-04 08:54:57,416 - ERROR - เกิดข้อผิดพลาดในการวิเคราะห์ timeframe ที่สูงขึ้น COWUSDT: 'CryptoScanner' object has no attribute '_extract_features'
2025-05-04 08:54:57,443 - ERROR - เกิดข้อผิดพลาดในการวิเคราะห์ timeframe ที่สูงขึ้น KAIAUSDT: 'CryptoScanner' object has no attribute '_extract_features'
2025-05-04 08:54:57,454 - ERROR - เกิดข้อผิดพลาดในการคำนวณโมเมนตัม COWUSDT: 'CryptoScanner' object has no attribute '_extract_features'
2025-05-04 08:54:57,456 - ERROR - เกิดข้อผิดพลาดในการคำนวณโมเมนตัม KAIAUSDT: 'CryptoScanner' object has no attribute '_extract_features'
2025-05-04 08:54:57,546 - ERROR - เกิดข้อผิดพลาดในการวิเคราะห์ timeframe ที่สูงขึ้น AEROUSDT: 'CryptoScanner' object has no attribute '_extract_features'
2025-05-04 08:54:57,549 - ERROR - เกิดข้อผิดพลาดในการคำนวณโมเมนตัม AEROUSDT: 'CryptoScanner' object has no attribute '_extract_features'
2025-05-04 08:54:57,572 - ERROR - เกิดข้อผิดพลาดในการวิเคราะห์ timeframe ที่สูงขึ้น NEOUSDT: 'CryptoScanner' object has no attribute '_extract_features'
2025-05-04 08:54:57,577 - ERROR - เกิดข้อผิดพลาดในการคำนวณโมเมนตัม NEOUSDT: 'CryptoScanner' object has no attribute '_extract_features'
2025-05-04 08:54:57,627 - ERROR - เกิดข้อผิดพลาดในการวิเคราะห์ timeframe ที่สูงขึ้น AUCTIONUSDT: 'CryptoScanner' object has no attribute '_extract_features'
2025-05-04 08:54:57,629 - ERROR - เกิดข้อผิดพลาดในการคำนวณโมเมนตัม AUCTIONUSDT: 'CryptoScanner' object has no attribute '_extract_features'
2025-05-04 08:54:57,718 - ERROR - เกิดข้อผิดพลาดในการวิเคราะห์ timeframe ที่สูงขึ้น ZILUSDT: 'CryptoScanner' object has no attribute '_extract_features'
2025-05-04 08:54:57,744 - ERROR - เกิดข้อผิดพลาดในการคำนวณโมเมนตัม ZILUSDT: 'CryptoScanner' object has no attribute '_extract_features'
2025-05-04 08:54:57,957 - ERROR - เกิดข้อผิดพลาดในการวิเคราะห์ timeframe ที่สูงขึ้น METISUSDT: 'CryptoScanner' object has no attribute '_extract_features'
2025-05-04 08:54:57,978 - ERROR - เกิดข้อผิดพลาดในการวิเคราะห์ timeframe ที่สูงขึ้น ACXUSDT: 'CryptoScanner' object has no attribute '_extract_features'
2025-05-04 08:54:57,983 - ERROR - เกิดข้อผิดพลาดในการคำนวณโมเมนตัม METISUSDT: 'CryptoScanner' object has no attribute '_extract_features'
2025-05-04 08:54:57,988 - ERROR - เกิดข้อผิดพลาดในการคำนวณโมเมนตัม ACXUSDT: 'CryptoScanner' object has no attribute '_extract_features'
2025-05-04 08:54:58,075 - ERROR - เกิดข้อผิดพลาดในการวิเคราะห์ timeframe ที่สูงขึ้น GRTUSDT: 'CryptoScanner' object has no attribute '_extract_features'
2025-05-04 08:54:58,078 - ERROR - เกิดข้อผิดพลาดในการคำนวณโมเมนตัม GRTUSDT: 'CryptoScanner' object has no attribute '_extract_features'
2025-05-04 08:54:58,178 - ERROR - เกิดข้อผิดพลาดในการวิเคราะห์ timeframe ที่สูงขึ้น XRPUSDT: 'CryptoScanner' object has no attribute '_extract_features'
2025-05-04 08:54:58,192 - ERROR - เกิดข้อผิดพลาดในการคำนวณโมเมนตัม XRPUSDT: 'CryptoScanner' object has no attribute '_extract_features'
2025-05-04 08:54:58,292 - ERROR - เกิดข้อผิดพลาดในการวิเคราะห์ timeframe ที่สูงขึ้น SXPUSDT: 'CryptoScanner' object has no attribute '_extract_features'
2025-05-04 08:54:58,294 - ERROR - เกิดข้อผิดพลาดในการคำนวณโมเมนตัม SXPUSDT: 'CryptoScanner' object has no attribute '_extract_features'
2025-05-04 08:54:58,349 - ERROR - เกิดข้อผิดพลาดในการวิเคราะห์ timeframe ที่สูงขึ้น VETUSDT: 'CryptoScanner' object has no attribute '_extract_features'
2025-05-04 08:54:58,360 - ERROR - เกิดข้อผิดพลาดในการคำนวณโมเมนตัม VETUSDT: 'CryptoScanner' object has no attribute '_extract_features'
2025-05-04 08:54:58,410 - ERROR - เกิดข้อผิดพลาดในการวิเคราะห์ timeframe ที่สูงขึ้น NTRNUSDT: 'CryptoScanner' object has no attribute '_extract_features'
2025-05-04 08:54:58,415 - ERROR - เกิดข้อผิดพลาดในการคำนวณโมเมนตัม NTRNUSDT: 'CryptoScanner' object has no attribute '_extract_features'
2025-05-04 08:54:58,449 - ERROR - เกิดข้อผิดพลาดในการวิเคราะห์ timeframe ที่สูงขึ้น ILVUSDT: 'CryptoScanner' object has no attribute '_extract_features'
2025-05-04 08:54:58,489 - ERROR - เกิดข้อผิดพลาดในการคำนวณโมเมนตัม ILVUSDT: 'CryptoScanner' object has no attribute '_extract_features'
2025-05-04 08:54:58,499 - ERROR - เกิดข้อผิดพลาดในการวิเคราะห์ timeframe ที่สูงขึ้น TRXUSDT: 'CryptoScanner' object has no attribute '_extract_features'
2025-05-04 08:54:58,501 - ERROR - เกิดข้อผิดพลาดในการวิเคราะห์ timeframe ที่สูงขึ้น BNBUSDT: 'CryptoScanner' object has no attribute '_extract_features'
2025-05-04 08:54:58,508 - ERROR - เกิดข้อผิดพลาดในการคำนวณโมเมนตัม TRXUSDT: 'CryptoScanner' object has no attribute '_extract_features'
2025-05-04 08:54:58,523 - ERROR - เกิดข้อผิดพลาดในการคำนวณโมเมนตัม BNBUSDT: 'CryptoScanner' object has no attribute '_extract_features'
2025-05-04 08:54:58,543 - ERROR - เกิดข้อผิดพลาดในการวิเคราะห์ timeframe ที่สูงขึ้น MANAUSDT: 'CryptoScanner' object has no attribute '_extract_features'
2025-05-04 08:54:58,547 - ERROR - เกิดข้อผิดพลาดในการคำนวณโมเมนตัม MANAUSDT: 'CryptoScanner' object has no attribute '_extract_features'
2025-05-04 08:54:58,761 - ERROR - เกิดข้อผิดพลาดในการวิเคราะห์ timeframe ที่สูงขึ้น DEEPUSDT: 'CryptoScanner' object has no attribute '_extract_features'
2025-05-04 08:54:58,780 - ERROR - เกิดข้อผิดพลาดในการคำนวณโมเมนตัม DEEPUSDT: 'CryptoScanner' object has no attribute '_extract_features'
2025-05-04 08:54:58,803 - ERROR - เกิดข้อผิดพลาดในการวิเคราะห์ timeframe ที่สูงขึ้น AVAAIUSDT: 'CryptoScanner' object has no attribute '_extract_features'
2025-05-04 08:54:58,820 - ERROR - เกิดข้อผิดพลาดในการคำนวณโมเมนตัม AVAAIUSDT: 'CryptoScanner' object has no attribute '_extract_features'
2025-05-04 08:54:58,869 - ERROR - เกิดข้อผิดพลาดในการวิเคราะห์ timeframe ที่สูงขึ้น TUSDT: 'CryptoScanner' object has no attribute '_extract_features'
2025-05-04 08:54:58,900 - ERROR - เกิดข้อผิดพลาดในการคำนวณโมเมนตัม TUSDT: 'CryptoScanner' object has no attribute '_extract_features'
2025-05-04 08:54:58,950 - ERROR - เกิดข้อผิดพลาดในการวิเคราะห์ timeframe ที่สูงขึ้น POLUSDT: 'CryptoScanner' object has no attribute '_extract_features'
2025-05-04 08:54:58,965 - ERROR - เกิดข้อผิดพลาดในการคำนวณโมเมนตัม POLUSDT: 'CryptoScanner' object has no attribute '_extract_features'
2025-05-04 08:54:58,994 - ERROR - เกิดข้อผิดพลาดในการวิเคราะห์ timeframe ที่สูงขึ้น POLYXUSDT: 'CryptoScanner' object has no attribute '_extract_features'
2025-05-04 08:54:58,996 - ERROR - เกิดข้อผิดพลาดในการคำนวณโมเมนตัม POLYXUSDT: 'CryptoScanner' object has no attribute '_extract_features'
2025-05-04 08:54:59,010 - ERROR - เกิดข้อผิดพลาดในการวิเคราะห์ timeframe ที่สูงขึ้น LDOUSDT: 'CryptoScanner' object has no attribute '_extract_features'
2025-05-04 08:54:59,020 - ERROR - เกิดข้อผิดพลาดในการคำนวณโมเมนตัม LDOUSDT: 'CryptoScanner' object has no attribute '_extract_features'
2025-05-04 08:54:59,225 - ERROR - เกิดข้อผิดพลาดในการวิเคราะห์ timeframe ที่สูงขึ้น GUSDT: 'CryptoScanner' object has no attribute '_extract_features'
2025-05-04 08:54:59,234 - ERROR - เกิดข้อผิดพลาดในการคำนวณโมเมนตัม GUSDT: 'CryptoScanner' object has no attribute '_extract_features'
2025-05-04 08:54:59,261 - ERROR - เกิดข้อผิดพลาดในการวิเคราะห์ timeframe ที่สูงขึ้น WAXPUSDT: 'CryptoScanner' object has no attribute '_extract_features'
2025-05-04 08:54:59,277 - ERROR - เกิดข้อผิดพลาดในการวิเคราะห์ timeframe ที่สูงขึ้น MKRUSDT: 'CryptoScanner' object has no attribute '_extract_features'
2025-05-04 08:54:59,296 - ERROR - เกิดข้อผิดพลาดในการคำนวณโมเมนตัม WAXPUSDT: 'CryptoScanner' object has no attribute '_extract_features'
2025-05-04 08:54:59,330 - ERROR - เกิดข้อผิดพลาดในการวิเคราะห์ timeframe ที่สูงขึ้น BANUSDT: 'CryptoScanner' object has no attribute '_extract_features'
2025-05-04 08:54:59,333 - ERROR - เกิดข้อผิดพลาดในการคำนวณโมเมนตัม MKRUSDT: 'CryptoScanner' object has no attribute '_extract_features'
2025-05-04 08:54:59,344 - ERROR - เกิดข้อผิดพลาดในการคำนวณโมเมนตัม BANUSDT: 'CryptoScanner' object has no attribute '_extract_features'
2025-05-04 08:54:59,391 - ERROR - เกิดข้อผิดพลาดในการวิเคราะห์ timeframe ที่สูงขึ้น ATOMUSDT: 'CryptoScanner' object has no attribute '_extract_features'
2025-05-04 08:54:59,399 - ERROR - เกิดข้อผิดพลาดในการคำนวณโมเมนตัม ATOMUSDT: 'CryptoScanner' object has no attribute '_extract_features'
2025-05-04 08:54:59,402 - ERROR - เกิดข้อผิดพลาดในการวิเคราะห์ timeframe ที่สูงขึ้น ARPAUSDT: 'CryptoScanner' object has no attribute '_extract_features'
2025-05-04 08:54:59,402 - ERROR - เกิดข้อผิดพลาดในการคำนวณโมเมนตัม ARPAUSDT: 'CryptoScanner' object has no attribute '_extract_features'
2025-05-04 08:54:59,442 - ERROR - เกิดข้อผิดพลาดในการวิเคราะห์ timeframe ที่สูงขึ้น SCRTUSDT: 'CryptoScanner' object has no attribute '_extract_features'
2025-05-04 08:54:59,443 - ERROR - เกิดข้อผิดพลาดในการคำนวณโมเมนตัม SCRTUSDT: 'CryptoScanner' object has no attribute '_extract_features'
2025-05-04 08:54:59,618 - ERROR - เกิดข้อผิดพลาดในการวิเคราะห์ timeframe ที่สูงขึ้น TONUSDT: 'CryptoScanner' object has no attribute '_extract_features'
2025-05-04 08:54:59,623 - ERROR - เกิดข้อผิดพลาดในการคำนวณโมเมนตัม TONUSDT: 'CryptoScanner' object has no attribute '_extract_features'
2025-05-04 08:54:59,700 - ERROR - เกิดข้อผิดพลาดในการวิเคราะห์ timeframe ที่สูงขึ้น ETCUSDT: 'CryptoScanner' object has no attribute '_extract_features'
2025-05-04 08:54:59,712 - ERROR - เกิดข้อผิดพลาดในการคำนวณโมเมนตัม ETCUSDT: 'CryptoScanner' object has no attribute '_extract_features'
2025-05-04 08:54:59,763 - ERROR - เกิดข้อผิดพลาดในการวิเคราะห์ timeframe ที่สูงขึ้น KSMUSDT: 'CryptoScanner' object has no attribute '_extract_features'
2025-05-04 08:54:59,767 - ERROR - เกิดข้อผิดพลาดในการคำนวณโมเมนตัม KSMUSDT: 'CryptoScanner' object has no attribute '_extract_features'
2025-05-04 08:54:59,813 - ERROR - เกิดข้อผิดพลาดในการวิเคราะห์ timeframe ที่สูงขึ้น OMNIUSDT: 'CryptoScanner' object has no attribute '_extract_features'
2025-05-04 08:54:59,814 - ERROR - เกิดข้อผิดพลาดในการคำนวณโมเมนตัม OMNIUSDT: 'CryptoScanner' object has no attribute '_extract_features'
2025-05-04 08:54:59,902 - ERROR - เกิดข้อผิดพลาดในการวิเคราะห์ timeframe ที่สูงขึ้น UMAUSDT: 'CryptoScanner' object has no attribute '_extract_features'
2025-05-04 08:54:59,926 - ERROR - เกิดข้อผิดพลาดในการคำนวณโมเมนตัม UMAUSDT: 'CryptoScanner' object has no attribute '_extract_features'
2025-05-04 08:54:59,981 - ERROR - เกิดข้อผิดพลาดในการวิเคราะห์ timeframe ที่สูงขึ้น ONGUSDT: 'CryptoScanner' object has no attribute '_extract_features'
2025-05-04 08:54:59,984 - ERROR - เกิดข้อผิดพลาดในการคำนวณโมเมนตัม ONGUSDT: 'CryptoScanner' object has no attribute '_extract_features'
2025-05-04 08:55:00,103 - ERROR - เกิดข้อผิดพลาดในการวิเคราะห์ timeframe ที่สูงขึ้น STGUSDT: 'CryptoScanner' object has no attribute '_extract_features'
2025-05-04 08:55:00,121 - ERROR - เกิดข้อผิดพลาดในการคำนวณโมเมนตัม STGUSDT: 'CryptoScanner' object has no attribute '_extract_features'
2025-05-04 08:55:00,135 - ERROR - เกิดข้อผิดพลาดในการวิเคราะห์ timeframe ที่สูงขึ้น POWRUSDT: 'CryptoScanner' object has no attribute '_extract_features'
2025-05-04 08:55:00,142 - ERROR - เกิดข้อผิดพลาดในการคำนวณโมเมนตัม POWRUSDT: 'CryptoScanner' object has no attribute '_extract_features'
2025-05-04 08:55:00,175 - ERROR - เกิดข้อผิดพลาดในการวิเคราะห์ timeframe ที่สูงขึ้น SUPERUSDT: 'CryptoScanner' object has no attribute '_extract_features'
2025-05-04 08:55:00,192 - ERROR - เกิดข้อผิดพลาดในการคำนวณโมเมนตัม SUPERUSDT: 'CryptoScanner' object has no attribute '_extract_features'
2025-05-04 08:55:00,214 - ERROR - เกิดข้อผิดพลาดในการวิเคราะห์ timeframe ที่สูงขึ้น KNCUSDT: 'CryptoScanner' object has no attribute '_extract_features'
2025-05-04 08:55:00,216 - ERROR - เกิดข้อผิดพลาดในการคำนวณโมเมนตัม KNCUSDT: 'CryptoScanner' object has no attribute '_extract_features'
2025-05-04 08:55:00,232 - ERROR - เกิดข้อผิดพลาดในการวิเคราะห์ timeframe ที่สูงขึ้น VTHOUSDT: 'CryptoScanner' object has no attribute '_extract_features'
2025-05-04 08:55:00,236 - ERROR - เกิดข้อผิดพลาดในการคำนวณโมเมนตัม VTHOUSDT: 'CryptoScanner' object has no attribute '_extract_features'
2025-05-04 08:55:00,409 - ERROR - เกิดข้อผิดพลาดในการวิเคราะห์ timeframe ที่สูงขึ้น VELODROMEUSDT: 'CryptoScanner' object has no attribute '_extract_features'
2025-05-04 08:55:00,412 - ERROR - เกิดข้อผิดพลาดในการคำนวณโมเมนตัม VELODROMEUSDT: 'CryptoScanner' object has no attribute '_extract_features'
2025-05-04 08:55:00,451 - ERROR - เกิดข้อผิดพลาดในการวิเคราะห์ timeframe ที่สูงขึ้น GMXUSDT: 'CryptoScanner' object has no attribute '_extract_features'
2025-05-04 08:55:00,466 - ERROR - เกิดข้อผิดพลาดในการคำนวณโมเมนตัม GMXUSDT: 'CryptoScanner' object has no attribute '_extract_features'
2025-05-04 08:55:00,502 - ERROR - เกิดข้อผิดพลาดในการวิเคราะห์ timeframe ที่สูงขึ้น JASMYUSDT: 'CryptoScanner' object has no attribute '_extract_features'
2025-05-04 08:55:00,532 - ERROR - เกิดข้อผิดพลาดในการคำนวณโมเมนตัม JASMYUSDT: 'CryptoScanner' object has no attribute '_extract_features'
2025-05-04 08:55:00,632 - ERROR - เกิดข้อผิดพลาดในการวิเคราะห์ timeframe ที่สูงขึ้น CAKEUSDT: 'CryptoScanner' object has no attribute '_extract_features'
2025-05-04 08:55:00,633 - ERROR - เกิดข้อผิดพลาดในการคำนวณโมเมนตัม CAKEUSDT: 'CryptoScanner' object has no attribute '_extract_features'
2025-05-04 08:55:00,660 - ERROR - เกิดข้อผิดพลาดในการวิเคราะห์ timeframe ที่สูงขึ้น COMPUSDT: 'CryptoScanner' object has no attribute '_extract_features'
2025-05-04 08:55:00,663 - ERROR - เกิดข้อผิดพลาดในการคำนวณโมเมนตัม COMPUSDT: 'CryptoScanner' object has no attribute '_extract_features'
2025-05-04 08:55:00,703 - ERROR - เกิดข้อผิดพลาดในการวิเคราะห์ timeframe ที่สูงขึ้น MORPHOUSDT: 'CryptoScanner' object has no attribute '_extract_features'
2025-05-04 08:55:00,705 - ERROR - เกิดข้อผิดพลาดในการคำนวณโมเมนตัม MORPHOUSDT: 'CryptoScanner' object has no attribute '_extract_features'
2025-05-04 08:55:00,869 - ERROR - เกิดข้อผิดพลาดในการวิเคราะห์ timeframe ที่สูงขึ้น RVNUSDT: 'CryptoScanner' object has no attribute '_extract_features'
2025-05-04 08:55:00,885 - ERROR - เกิดข้อผิดพลาดในการคำนวณโมเมนตัม RVNUSDT: 'CryptoScanner' object has no attribute '_extract_features'
2025-05-04 08:55:00,888 - ERROR - เกิดข้อผิดพลาดในการวิเคราะห์ timeframe ที่สูงขึ้น HBARUSDT: 'CryptoScanner' object has no attribute '_extract_features'
2025-05-04 08:55:00,894 - ERROR - เกิดข้อผิดพลาดในการคำนวณโมเมนตัม HBARUSDT: 'CryptoScanner' object has no attribute '_extract_features'
2025-05-04 08:55:00,948 - ERROR - เกิดข้อผิดพลาดในการวิเคราะห์ timeframe ที่สูงขึ้น IOTXUSDT: 'CryptoScanner' object has no attribute '_extract_features'
2025-05-04 08:55:00,973 - ERROR - เกิดข้อผิดพลาดในการวิเคราะห์ timeframe ที่สูงขึ้น DEGENUSDT: 'CryptoScanner' object has no attribute '_extract_features'
2025-05-04 08:55:01,012 - ERROR - เกิดข้อผิดพลาดในการคำนวณโมเมนตัม IOTXUSDT: 'CryptoScanner' object has no attribute '_extract_features'
2025-05-04 08:55:01,018 - ERROR - เกิดข้อผิดพลาดในการคำนวณโมเมนตัม DEGENUSDT: 'CryptoScanner' object has no attribute '_extract_features'
2025-05-04 08:55:01,083 - ERROR - เกิดข้อผิดพลาดในการวิเคราะห์ timeframe ที่สูงขึ้น RLCUSDT: 'CryptoScanner' object has no attribute '_extract_features'
2025-05-04 08:55:01,084 - ERROR - เกิดข้อผิดพลาดในการคำนวณโมเมนตัม RLCUSDT: 'CryptoScanner' object has no attribute '_extract_features'
2025-05-04 08:55:01,196 - ERROR - เกิดข้อผิดพลาดในการวิเคราะห์ timeframe ที่สูงขึ้น UXLINKUSDT: 'CryptoScanner' object has no attribute '_extract_features'
2025-05-04 08:55:01,226 - ERROR - เกิดข้อผิดพลาดในการคำนวณโมเมนตัม UXLINKUSDT: 'CryptoScanner' object has no attribute '_extract_features'
2025-05-04 08:55:01,307 - ERROR - เกิดข้อผิดพลาดในการวิเคราะห์ timeframe ที่สูงขึ้น GASUSDT: 'CryptoScanner' object has no attribute '_extract_features'
2025-05-04 08:55:01,321 - ERROR - เกิดข้อผิดพลาดในการคำนวณโมเมนตัม GASUSDT: 'CryptoScanner' object has no attribute '_extract_features'
2025-05-04 08:55:01,334 - ERROR - เกิดข้อผิดพลาดในการวิเคราะห์ timeframe ที่สูงขึ้น ACHUSDT: 'CryptoScanner' object has no attribute '_extract_features'
2025-05-04 08:55:01,336 - ERROR - เกิดข้อผิดพลาดในการคำนวณโมเมนตัม ACHUSDT: 'CryptoScanner' object has no attribute '_extract_features'
2025-05-04 08:55:01,366 - ERROR - เกิดข้อผิดพลาดในการวิเคราะห์ timeframe ที่สูงขึ้น ALGOUSDT: 'CryptoScanner' object has no attribute '_extract_features'
2025-05-04 08:55:01,389 - ERROR - เกิดข้อผิดพลาดในการคำนวณโมเมนตัม ALGOUSDT: 'CryptoScanner' object has no attribute '_extract_features'
2025-05-04 08:55:01,493 - ERROR - เกิดข้อผิดพลาดในการวิเคราะห์ timeframe ที่สูงขึ้น SLERFUSDT: 'CryptoScanner' object has no attribute '_extract_features'
2025-05-04 08:55:01,511 - ERROR - เกิดข้อผิดพลาดในการวิเคราะห์ timeframe ที่สูงขึ้น WALUSDT: 'CryptoScanner' object has no attribute '_extract_features'
2025-05-04 08:55:01,515 - ERROR - เกิดข้อผิดพลาดในการคำนวณโมเมนตัม SLERFUSDT: 'CryptoScanner' object has no attribute '_extract_features'
2025-05-04 08:55:01,518 - ERROR - เกิดข้อผิดพลาดในการคำนวณโมเมนตัม WALUSDT: 'CryptoScanner' object has no attribute '_extract_features'
2025-05-04 08:55:01,551 - ERROR - เกิดข้อผิดพลาดในการวิเคราะห์ timeframe ที่สูงขึ้น AXLUSDT: 'CryptoScanner' object has no attribute '_extract_features'
2025-05-04 08:55:01,557 - ERROR - เกิดข้อผิดพลาดในการคำนวณโมเมนตัม AXLUSDT: 'CryptoScanner' object has no attribute '_extract_features'
2025-05-04 08:55:01,751 - ERROR - เกิดข้อผิดพลาดในการวิเคราะห์ timeframe ที่สูงขึ้น JOEUSDT: 'CryptoScanner' object has no attribute '_extract_features'
2025-05-04 08:55:01,758 - ERROR - เกิดข้อผิดพลาดในการวิเคราะห์ timeframe ที่สูงขึ้น KAVAUSDT: 'CryptoScanner' object has no attribute '_extract_features'
2025-05-04 08:55:01,762 - ERROR - เกิดข้อผิดพลาดในการคำนวณโมเมนตัม JOEUSDT: 'CryptoScanner' object has no attribute '_extract_features'
2025-05-04 08:55:01,770 - ERROR - เกิดข้อผิดพลาดในการคำนวณโมเมนตัม KAVAUSDT: 'CryptoScanner' object has no attribute '_extract_features'
2025-05-04 08:55:01,802 - ERROR - เกิดข้อผิดพลาดในการวิเคราะห์ timeframe ที่สูงขึ้น XTZUSDT: 'CryptoScanner' object has no attribute '_extract_features'
2025-05-04 08:55:01,806 - ERROR - เกิดข้อผิดพลาดในการคำนวณโมเมนตัม XTZUSDT: 'CryptoScanner' object has no attribute '_extract_features'
2025-05-04 08:55:01,960 - ERROR - เกิดข้อผิดพลาดในการวิเคราะห์ timeframe ที่สูงขึ้น KDAUSDT: 'CryptoScanner' object has no attribute '_extract_features'
2025-05-04 08:55:01,971 - ERROR - เกิดข้อผิดพลาดในการวิเคราะห์ timeframe ที่สูงขึ้น QTUMUSDT: 'CryptoScanner' object has no attribute '_extract_features'
2025-05-04 08:55:01,972 - ERROR - เกิดข้อผิดพลาดในการคำนวณโมเมนตัม KDAUSDT: 'CryptoScanner' object has no attribute '_extract_features'
2025-05-04 08:55:02,008 - ERROR - เกิดข้อผิดพลาดในการวิเคราะห์ timeframe ที่สูงขึ้น JSTUSDT: 'CryptoScanner' object has no attribute '_extract_features'
2025-05-04 08:55:02,020 - ERROR - เกิดข้อผิดพลาดในการคำนวณโมเมนตัม QTUMUSDT: 'CryptoScanner' object has no attribute '_extract_features'
2025-05-04 08:55:02,029 - ERROR - เกิดข้อผิดพลาดในการคำนวณโมเมนตัม JSTUSDT: 'CryptoScanner' object has no attribute '_extract_features'
2025-05-04 08:55:02,053 - ERROR - เกิดข้อผิดพลาดในการวิเคราะห์ timeframe ที่สูงขึ้น BSVUSDT: 'CryptoScanner' object has no attribute '_extract_features'
2025-05-04 08:55:02,054 - ERROR - เกิดข้อผิดพลาดในการคำนวณโมเมนตัม BSVUSDT: 'CryptoScanner' object has no attribute '_extract_features'
2025-05-04 08:55:02,204 - ERROR - เกิดข้อผิดพลาดในการวิเคราะห์ timeframe ที่สูงขึ้น FUNUSDT: 'CryptoScanner' object has no attribute '_extract_features'
2025-05-04 08:55:02,219 - ERROR - เกิดข้อผิดพลาดในการคำนวณโมเมนตัม FUNUSDT: 'CryptoScanner' object has no attribute '_extract_features'
2025-05-04 08:55:02,220 - ERROR - เกิดข้อผิดพลาดในการวิเคราะห์ timeframe ที่สูงขึ้น LPTUSDT: 'CryptoScanner' object has no attribute '_extract_features'
2025-05-04 08:55:02,230 - ERROR - เกิดข้อผิดพลาดในการคำนวณโมเมนตัม LPTUSDT: 'CryptoScanner' object has no attribute '_extract_features'
2025-05-04 08:55:02,408 - ERROR - เกิดข้อผิดพลาดในการวิเคราะห์ timeframe ที่สูงขึ้น GLMUSDT: 'CryptoScanner' object has no attribute '_extract_features'
2025-05-04 08:55:02,426 - ERROR - เกิดข้อผิดพลาดในการคำนวณโมเมนตัม GLMUSDT: 'CryptoScanner' object has no attribute '_extract_features'
2025-05-04 08:55:02,464 - ERROR - เกิดข้อผิดพลาดในการวิเคราะห์ timeframe ที่สูงขึ้น XLMUSDT: 'CryptoScanner' object has no attribute '_extract_features'
2025-05-04 08:55:02,468 - ERROR - เกิดข้อผิดพลาดในการคำนวณโมเมนตัม XLMUSDT: 'CryptoScanner' object has no attribute '_extract_features'
2025-05-04 08:55:02,469 - ERROR - เกิดข้อผิดพลาดในการวิเคราะห์ timeframe ที่สูงขึ้น IOTAUSDT: 'CryptoScanner' object has no attribute '_extract_features'
2025-05-04 08:55:02,489 - ERROR - เกิดข้อผิดพลาดในการคำนวณโมเมนตัม IOTAUSDT: 'CryptoScanner' object has no attribute '_extract_features'
2025-05-04 08:55:02,545 - ERROR - เกิดข้อผิดพลาดในการวิเคราะห์ timeframe ที่สูงขึ้น ALCHUSDT: 'CryptoScanner' object has no attribute '_extract_features'
2025-05-04 08:55:02,564 - ERROR - เกิดข้อผิดพลาดในการคำนวณโมเมนตัม ALCHUSDT: 'CryptoScanner' object has no attribute '_extract_features'
2025-05-04 08:55:02,600 - ERROR - เกิดข้อผิดพลาดในการวิเคราะห์ timeframe ที่สูงขึ้น QNTUSDT: 'CryptoScanner' object has no attribute '_extract_features'
2025-05-04 08:55:02,603 - ERROR - เกิดข้อผิดพลาดในการคำนวณโมเมนตัม QNTUSDT: 'CryptoScanner' object has no attribute '_extract_features'
2025-05-04 08:55:02,769 - ERROR - เกิดข้อผิดพลาดในการวิเคราะห์ timeframe ที่สูงขึ้น RONINUSDT: 'CryptoScanner' object has no attribute '_extract_features'
2025-05-04 08:55:02,792 - ERROR - เกิดข้อผิดพลาดในการคำนวณโมเมนตัม RONINUSDT: 'CryptoScanner' object has no attribute '_extract_features'
2025-05-04 08:55:02,799 - ERROR - เกิดข้อผิดพลาดในการวิเคราะห์ timeframe ที่สูงขึ้น BIDUSDT: 'CryptoScanner' object has no attribute '_extract_features'
2025-05-04 08:55:02,841 - ERROR - เกิดข้อผิดพลาดในการคำนวณโมเมนตัม BIDUSDT: 'CryptoScanner' object has no attribute '_extract_features'
2025-05-04 08:55:02,916 - ERROR - เกิดข้อผิดพลาดในการวิเคราะห์ timeframe ที่สูงขึ้น GRASSUSDT: 'CryptoScanner' object has no attribute '_extract_features'
2025-05-04 08:55:02,927 - ERROR - เกิดข้อผิดพลาดในการวิเคราะห์ timeframe ที่สูงขึ้น PUMPUSDT: 'CryptoScanner' object has no attribute '_extract_features'
2025-05-04 08:55:02,928 - ERROR - เกิดข้อผิดพลาดในการคำนวณโมเมนตัม GRASSUSDT: 'CryptoScanner' object has no attribute '_extract_features'
2025-05-04 08:55:02,932 - ERROR - เกิดข้อผิดพลาดในการคำนวณโมเมนตัม PUMPUSDT: 'CryptoScanner' object has no attribute '_extract_features'
2025-05-04 08:55:03,046 - ERROR - เกิดข้อผิดพลาดในการวิเคราะห์ timeframe ที่สูงขึ้น OXTUSDT: 'CryptoScanner' object has no attribute '_extract_features'
2025-05-04 08:55:03,049 - ERROR - เกิดข้อผิดพลาดในการคำนวณโมเมนตัม OXTUSDT: 'CryptoScanner' object has no attribute '_extract_features'
2025-05-04 08:55:03,339 - ERROR - เกิดข้อผิดพลาดในการวิเคราะห์ timeframe ที่สูงขึ้น RUNEUSDT: 'CryptoScanner' object has no attribute '_extract_features'
