ชื่ออาหาร,จำนวน,ราคา,มูลค่า
หมกหน่อไม้,4,136,544
ลาบหมู,3,74,222
แกงอ่อม,4,63,252
แจ่วบอง,2,33,66
ลาบหมู,1,101,101
แจ่วบอง,1,113,113
ซุปหน่อไม้,3,61,183
ตำไทย,5,74,370
ตำไทย,3,52,156
ปลาร้าบอง,1,64,64
ตำปู,5,148,740
ไส้กรอกอีสาน,3,130,390
ไก่ย่าง,1,67,67
ปลาดุกย่าง,2,86,172
ปลาร้าบอง,1,74,74
ต้มแซ่บ,1,126,126
ก้อยปลา,5,126,630
ต้มแซ่บ,3,68,204
ไก่ย่าง,2,39,78
ปลาดุกย่าง,1,150,150
ซุปหน่อไม้,2,149,298
หมกหน่อไม้,4,55,220
ไก่ย่าง,4,37,148
ข้าวจี่,3,85,255
ลาบหมู,4,129,516
ตำไทย,3,138,414
แหนม,5,118,590
ไก่ย่าง,1,135,135
ลาบหมู,3,107,321
ก้อยปลา,2,62,124
ตำปู,4,78,312
ก้อยปลา,1,48,48
ไส้กรอกอีสาน,4,137,548
หมกหน่อไม้,3,67,201
น้ำตกหมู,4,34,136
ตำแตง,3,91,273
ไส้กรอกอีสาน,5,109,545
ปลาร้าบอง,4,44,176
ไส้กรอกอีสาน,4,88,352
ไก่ย่าง,5,59,295
น้ำตกหมู,2,126,252
หมูยอ,3,96,288
น้ำตกหมู,5,41,205
ไส้กรอกอีสาน,4,102,408
ปลาร้าบอง,1,77,77
ข้าวเหนียว,5,77,385
ไส้กรอกอีสาน,4,93,372
ปลาร้าบอง,5,111,555
ตำแตง,2,48,96
ก้อยปลา,5,34,170
ต้มแซ่บ,4,109,436
ตำไทย,5,76,380
ลาบหมู,1,69,69
ไก่ย่าง,1,35,35
ปลาดุกย่าง,2,43,86
ปลาดุกย่าง,1,129,129
ข้าวเหนียว,2,141,282
ก้อยปลา,5,72,360
ข้าวจี่,3,129,387
ต้มแซ่บ,2,62,124
ไก่ย่าง,2,89,178
ส้มตำ,4,102,408
ไก่ย่าง,5,132,660
ก้อยปลา,1,66,66
ปลาร้าบอง,3,105,315
ตำแตง,1,46,46
ตำปู,2,43,86
ตำแตง,2,142,284
หมูยอ,4,36,144
ข้าวจี่,2,55,110
ไก่ย่าง,5,140,700
ไส้กรอกอีสาน,3,58,174
ไก่ย่าง,3,38,114
ตำไทย,5,64,320
ปลาดุกย่าง,2,49,98
หมกหน่อไม้,4,90,360
หมูยอ,3,64,192
ตำปู,4,129,516
ปลาดุกย่าง,3,143,429
ลาบหมู,3,97,291
ไก่ย่าง,1,126,126
ส้มตำ,2,45,90
ปลาร้าบอง,4,50,200
แหนม,1,41,41
ก้อยปลา,4,118,472
น้ำตกหมู,5,120,600
ตำไทย,3,99,297
ไก่ย่าง,1,140,140
ปลาร้าบอง,2,76,152
ไส้กรอกอีสาน,4,100,400
ตำไทย,2,71,142
แกงอ่อม,3,37,111
ปลาร้าบอง,2,39,78
ข้าวจี่,4,145,580
ตำปู,2,89,178
ข้าวจี่,1,93,93
น้ำตกหมู,1,138,138
ก้อยปลา,4,140,560
ส้มตำ,1,48,48
ตำไทย,2,62,124
ปลาร้าบอง,3,131,393
ปลาดุกย่าง,5,62,310
ก้อยปลา,2,79,158
หมกหน่อไม้,3,112,336
แจ่วบอง,3,150,450
ตำไทย,3,56,168
ก้อยปลา,3,89,267
หมกหน่อไม้,1,84,84
น้ำตกหมู,5,95,475
ข้าวจี่,1,108,108
หมกหน่อไม้,3,114,342
ปลาดุกย่าง,4,65,260
ข้าวจี่,1,95,95
ลาบหมู,2,64,128
ต้มแซ่บ,4,50,200
แหนม,5,79,395
ก้อยปลา,4,131,524
ตำปู,4,85,340
ปลาดุกย่าง,3,98,294
ไก่ย่าง,3,71,213
ข้าวจี่,5,131,655
แกงอ่อม,5,139,695
ตำปู,4,134,536
ต้มแซ่บ,5,100,500
แจ่วบอง,5,130,650
ส้มตำ,5,76,380
ไก่ย่าง,3,139,417
ไส้กรอกอีสาน,5,94,470
ก้อยปลา,2,115,230
ซุปหน่อไม้,2,144,288
ข้าวเหนียว,4,90,360
ไก่ย่าง,5,31,155
ก้อยปลา,4,47,188
ต้มแซ่บ,1,100,100
ลาบหมู,5,129,645
ไก่ย่าง,1,102,102
ตำไทย,2,58,116
น้ำตกหมู,2,36,72
ต้มแซ่บ,2,51,102
ตำไทย,1,121,121
แหนม,5,51,255
ไก่ย่าง,1,65,65
ตำแตง,2,87,174
ปลาดุกย่าง,4,147,588
ปลาร้าบอง,4,114,456
ตำปู,1,74,74
ต้มแซ่บ,2,114,228
ไส้กรอกอีสาน,4,96,384
น้ำตกหมู,4,35,140
ซุปหน่อไม้,3,47,141
ไส้กรอกอีสาน,3,45,135
ต้มแซ่บ,2,80,160
ลาบหมู,4,112,448
หมกหน่อไม้,3,142,426
แจ่วบอง,2,80,160
ตำไทย,3,150,450
แหนม,2,67,134
ส้มตำ,5,106,530
หมูยอ,3,136,408
ตำปู,1,132,132
ไส้กรอกอีสาน,3,124,372
ลาบหมู,2,78,156
ไก่ย่าง,4,106,424
ปลาร้าบอง,2,39,78
หมูยอ,5,71,355
หมกหน่อไม้,1,115,115
ตำแตง,1,94,94
ไก่ย่าง,1,126,126
ไก่ย่าง,3,88,264
ลาบหมู,4,143,572
แจ่วบอง,1,102,102
ไก่ย่าง,5,34,170
ตำปู,2,100,200
ตำไทย,4,37,148
ปลาดุกย่าง,4,145,580
ไก่ย่าง,2,31,62
แหนม,3,76,228
ข้าวจี่,5,85,425
ปลาร้าบอง,2,126,252
แจ่วบอง,1,31,31
ส้มตำ,5,99,495
ตำแตง,5,71,355
ตำไทย,5,102,510
ไส้กรอกอีสาน,1,44,44
ตำไทย,3,60,180
น้ำตกหมู,3,64,192
ตำปู,4,123,492
แจ่วบอง,4,46,184
ปลาร้าบอง,1,141,141
หมูยอ,5,57,285
แหนม,3,92,276
น้ำตกหมู,2,144,288
ลาบหมู,4,136,544
ข้าวจี่,3,56,168
แกงอ่อม,4,103,412
หมูยอ,4,56,224
ตำแตง,5,72,360
ตำปู,5,141,705
หมกหน่อไม้,5,111,555
ข้าวเหนียว,1,70,70
ตำไทย,4,40,160
ลาบหมู,4,137,548
ไก่ย่าง,2,73,146
หมกหน่อไม้,5,89,445
แกงอ่อม,3,137,411
ตำแตง,3,146,438
ข้าวเหนียว,1,80,80
น้ำตกหมู,5,136,680
หมูยอ,1,86,86
ส้มตำ,2,112,224
ซุปหน่อไม้,4,122,488
น้ำตกหมู,3,87,261
แจ่วบอง,3,64,192
หมูยอ,1,147,147
แหนม,3,128,384
แกงอ่อม,3,61,183
หมูยอ,5,36,180
ปลาร้าบอง,3,82,246
ปลาร้าบอง,3,94,282
ซุปหน่อไม้,3,62,186
ปลาดุกย่าง,2,112,224
แจ่วบอง,2,148,296
ลาบหมู,5,37,185
ก้อยปลา,2,55,110
ซุปหน่อไม้,1,45,45
ต้มแซ่บ,3,50,150
ส้มตำ,4,112,448
แหนม,2,56,112
ซุปหน่อไม้,2,102,204
ตำไทย,4,126,504
น้ำตกหมู,1,100,100
ตำแตง,3,75,225
หมกหน่อไม้,2,141,282
หมูยอ,3,59,177
ต้มแซ่บ,1,66,66
ตำปู,5,148,740
ลาบหมู,4,81,324
ส้มตำ,2,71,142
ตำแตง,1,135,135
ปลาร้าบอง,2,99,198
ก้อยปลา,1,61,61
ปลาร้าบอง,5,39,195
ส้มตำ,3,75,225
ตำไทย,5,87,435
น้ำตกหมู,4,97,388
หมกหน่อไม้,5,83,415
แจ่วบอง,4,71,284
ข้าวเหนียว,4,47,188
ต้มแซ่บ,2,49,98
ไก่ย่าง,1,78,78
ก้อยปลา,1,144,144
ไก่ย่าง,5,106,530
ตำปู,3,126,378
ตำปู,1,105,105
ส้มตำ,5,89,445
หมกหน่อไม้,3,115,345
ก้อยปลา,4,98,392
ตำแตง,2,126,252
ปลาดุกย่าง,4,90,360
ก้อยปลา,1,88,88
ไก่ย่าง,4,66,264
ปลาดุกย่าง,5,124,620
ตำปู,3,40,120
ไก่ย่าง,1,131,131
ตำแตง,4,122,488
ต้มแซ่บ,4,93,372
ไส้กรอกอีสาน,2,53,106
ลาบหมู,5,145,725
ข้าวเหนียว,4,142,568
แหนม,2,140,280
ข้าวเหนียว,1,36,36
ปลาร้าบอง,4,61,244
ตำปู,4,105,420
ต้มแซ่บ,5,81,405
ก้อยปลา,5,53,265
ซุปหน่อไม้,4,34,136
ตำปู,5,65,325
ข้าวเหนียว,4,136,544
แหนม,3,66,198
ข้าวจี่,2,30,60
ตำปู,2,109,218
ข้าวจี่,2,114,228
แจ่วบอง,4,116,464
ปลาดุกย่าง,3,46,138
ปลาร้าบอง,2,136,272
ก้อยปลา,2,106,212
ต้มแซ่บ,1,139,139
ไส้กรอกอีสาน,1,123,123
ต้มแซ่บ,4,116,464
แกงอ่อม,5,146,730
ปลาร้าบอง,1,56,56
ตำไทย,3,50,150
แจ่วบอง,4,53,212
หมูยอ,5,44,220
ข้าวจี่,3,89,267
น้ำตกหมู,5,134,670
ตำแตง,4,128,512
ตำแตง,4,110,440
แกงอ่อม,3,103,309
ตำไทย,1,106,106
หมกหน่อไม้,3,33,99
แหนม,4,63,252
น้ำตกหมู,2,123,246
ซุปหน่อไม้,3,107,321
ซุปหน่อไม้,5,49,245
ลาบหมู,4,129,516
หมูยอ,4,36,144
ตำแตง,4,136,544
ตำปู,3,70,210
ตำแตง,1,34,34
ปลาร้าบอง,2,49,98
ส้มตำ,1,90,90
ปลาดุกย่าง,3,64,192
ตำปู,5,93,465
ข้าวจี่,5,32,160
ตำปู,1,117,117
หมกหน่อไม้,2,74,148
ปลาดุกย่าง,1,60,60
ก้อยปลา,3,122,366
ซุปหน่อไม้,1,43,43
ไก่ย่าง,1,95,95
แกงอ่อม,5,73,365
ตำแตง,1,37,37
แหนม,5,150,750
แจ่วบอง,4,92,368
แกงอ่อม,4,140,560
น้ำตกหมู,3,54,162
ลาบหมู,5,97,485
แหนม,4,70,280
ตำแตง,1,45,45
แหนม,4,148,592
ข้าวจี่,3,87,261
แหนม,1,76,76
ปลาดุกย่าง,1,123,123
น้ำตกหมู,2,102,204
ต้มแซ่บ,1,34,34
ต้มแซ่บ,3,93,279
ซุปหน่อไม้,1,75,75
แกงอ่อม,4,51,204
ซุปหน่อไม้,4,36,144
หมกหน่อไม้,4,99,396
ตำไทย,2,107,214
ลาบหมู,1,45,45
ต้มแซ่บ,5,60,300
ไส้กรอกอีสาน,1,95,95
ปลาร้าบอง,2,33,66
ส้มตำ,4,127,508
ปลาดุกย่าง,4,68,272
ปลาร้าบอง,1,126,126
ปลาดุกย่าง,3,115,345
หมกหน่อไม้,3,129,387
ส้มตำ,1,45,45
น้ำตกหมู,5,125,625
ข้าวจี่,2,120,240
ไก่ย่าง,3,123,369
ซุปหน่อไม้,3,135,405
แกงอ่อม,4,127,508
หมูยอ,3,113,339
ลาบหมู,4,85,340
ข้าวจี่,4,66,264
ปลาร้าบอง,2,32,64
ข้าวจี่,4,146,584
ตำแตง,3,38,114
หมูยอ,4,131,524
ข้าวจี่,3,124,372
ส้มตำ,3,47,141
ต้มแซ่บ,3,150,450
ตำไทย,4,68,272
ต้มแซ่บ,3,94,282
ปลาร้าบอง,4,50,200
ข้าวจี่,1,55,55
ต้มแซ่บ,5,142,710
ไก่ย่าง,3,97,291
ตำแตง,1,77,77
ลาบหมู,2,64,128
แจ่วบอง,1,148,148
ไส้กรอกอีสาน,5,101,505
ต้มแซ่บ,1,91,91
ปลาร้าบอง,5,52,260
ก้อยปลา,3,72,216
ข้าวเหนียว,3,77,231
แกงอ่อม,1,77,77
แจ่วบอง,2,85,170
ตำแตง,2,141,282
ตำไทย,3,103,309
ส้มตำ,2,109,218
ปลาร้าบอง,2,141,282
ตำไทย,5,108,540
ข้าวจี่,3,71,213
แกงอ่อม,3,60,180
ข้าวเหนียว,5,89,445
ก้อยปลา,2,138,276
ตำไทย,1,87,87
ปลาดุกย่าง,1,64,64
ตำไทย,5,150,750
ไส้กรอกอีสาน,3,53,159
หมกหน่อไม้,4,150,600
ปลาดุกย่าง,4,130,520
แกงอ่อม,3,148,444
น้ำตกหมู,5,104,520
ซุปหน่อไม้,3,57,171
น้ำตกหมู,3,82,246
แจ่วบอง,1,61,61
ไก่ย่าง,2,93,186
ข้าวเหนียว,4,86,344
ไก่ย่าง,4,105,420
ซุปหน่อไม้,1,76,76
ไก่ย่าง,1,43,43
ไส้กรอกอีสาน,5,99,495
ซุปหน่อไม้,2,32,64
หมกหน่อไม้,2,88,176
ซุปหน่อไม้,1,78,78
ตำแตง,2,77,154
หมูยอ,3,72,216
ตำไทย,3,105,315
ซุปหน่อไม้,2,60,120
ข้าวจี่,1,60,60
ซุปหน่อไม้,3,142,426
แหนม,1,57,57
แจ่วบอง,2,115,230
แหนม,5,148,740
หมกหน่อไม้,3,71,213
ปลาร้าบอง,4,53,212
ข้าวจี่,3,55,165
ปลาดุกย่าง,5,116,580
น้ำตกหมู,1,121,121
แจ่วบอง,2,34,68
ข้าวเหนียว,4,62,248
แกงอ่อม,2,145,290
ปลาดุกย่าง,2,112,224
ก้อยปลา,2,76,152
ตำแตง,2,87,174
ต้มแซ่บ,4,46,184
ข้าวจี่,2,73,146
แจ่วบอง,5,98,490
ลาบหมู,3,77,231
ข้าวเหนียว,2,64,128
ส้มตำ,1,89,89
ก้อยปลา,3,113,339
ตำไทย,4,56,224
ลาบหมู,5,147,735
ข้าวเหนียว,3,68,204
ข้าวเหนียว,3,117,351
ส้มตำ,1,40,40
แจ่วบอง,1,37,37
ตำแตง,1,102,102
ปลาดุกย่าง,4,142,568
ข้าวจี่,5,52,260
ข้าวเหนียว,2,58,116
ข้าวจี่,2,74,148
ก้อยปลา,5,37,185
ซุปหน่อไม้,1,40,40
หมกหน่อไม้,3,122,366
ตำแตง,1,137,137
ต้มแซ่บ,4,124,496
ปลาร้าบอง,5,84,420
ไก่ย่าง,2,102,204
แหนม,4,61,244
แหนม,5,121,605
แหนม,3,134,402
ซุปหน่อไม้,2,34,68
ไก่ย่าง,4,136,544
ตำไทย,5,47,235
ตำแตง,1,122,122
ตำปู,2,33,66
หมกหน่อไม้,3,144,432
ตำไทย,1,59,59
ลาบหมู,2,88,176
แจ่วบอง,3,84,252
ปลาดุกย่าง,3,60,180
ตำปู,2,63,126
ตำไทย,4,125,500
ปลาดุกย่าง,3,106,318
ไก่ย่าง,1,127,127
ปลาร้าบอง,3,115,345
ข้าวจี่,2,51,102
ต้มแซ่บ,5,67,335
ข้าวจี่,2,92,184
ข้าวเหนียว,4,83,332
ไก่ย่าง,1,126,126
ส้มตำ,3,140,420
ข้าวจี่,5,103,515
ต้มแซ่บ,5,40,200
หมกหน่อไม้,3,63,189
ต้มแซ่บ,4,148,592
หมูยอ,3,44,132
ลาบหมู,2,34,68
ไส้กรอกอีสาน,1,142,142
ปลาร้าบอง,5,141,705
น้ำตกหมู,5,97,485
น้ำตกหมู,2,147,294
ลาบหมู,5,58,290
ตำแตง,1,111,111
ตำแตง,1,42,42
ส้มตำ,3,128,384
ตำปู,2,91,182
หมูยอ,2,64,128
ส้มตำ,1,34,34
แหนม,3,103,309
ตำแตง,3,82,246
ต้มแซ่บ,3,80,240
หมกหน่อไม้,5,142,710
ปลาร้าบอง,4,71,284
ข้าวเหนียว,2,30,60
แจ่วบอง,5,37,185
ปลาร้าบอง,2,143,286
ข้าวจี่,4,36,144
แกงอ่อม,4,86,344
ไส้กรอกอีสาน,1,60,60
ไก่ย่าง,3,140,420
ต้มแซ่บ,2,97,194
ไก่ย่าง,2,55,110
ไส้กรอกอีสาน,4,75,300
ตำปู,5,89,445
แจ่วบอง,4,135,540
ซุปหน่อไม้,4,139,556
หมกหน่อไม้,4,50,200
แกงอ่อม,4,124,496
ไก่ย่าง,2,82,164
ส้มตำ,2,126,252
ไก่ย่าง,1,37,37
หมกหน่อไม้,3,82,246
หมกหน่อไม้,5,132,660
ก้อยปลา,4,96,384
ไก่ย่าง,3,112,336
ลาบหมู,4,103,412
ข้าวจี่,5,71,355
ปลาดุกย่าง,5,69,345
ตำไทย,5,75,375
ต้มแซ่บ,5,109,545
ส้มตำ,5,90,450
ซุปหน่อไม้,5,126,630
ตำไทย,3,71,213
ไส้กรอกอีสาน,2,141,282
ลาบหมู,1,54,54
ตำไทย,5,103,515
ข้าวจี่,5,94,470
น้ำตกหมู,2,86,172
ไก่ย่าง,2,102,204
ปลาดุกย่าง,5,76,380
ปลาดุกย่าง,1,47,47
น้ำตกหมู,3,136,408
ตำแตง,4,141,564
ต้มแซ่บ,2,61,122
แจ่วบอง,4,129,516
ตำแตง,2,124,248
ไก่ย่าง,3,141,423
ซุปหน่อไม้,1,63,63
ไส้กรอกอีสาน,3,79,237
หมูยอ,4,113,452
ปลาร้าบอง,4,85,340
หมกหน่อไม้,5,146,730
ต้มแซ่บ,2,54,108
ซุปหน่อไม้,4,83,332
ไก่ย่าง,5,105,525
น้ำตกหมู,1,110,110
ก้อยปลา,1,111,111
แหนม,5,67,335
แหนม,4,33,132
ปลาร้าบอง,3,131,393
แหนม,3,60,180
ปลาดุกย่าง,4,50,200
แกงอ่อม,2,79,158
ตำไทย,3,79,237
ตำแตง,5,55,275
ส้มตำ,4,127,508
ตำไทย,1,60,60
ไส้กรอกอีสาน,1,40,40
ข้าวเหนียว,1,116,116
ก้อยปลา,2,40,80
ข้าวจี่,1,119,119
ข้าวจี่,3,43,129
แหนม,3,33,99
หมูยอ,5,60,300
น้ำตกหมู,4,46,184
ปลาร้าบอง,2,69,138
ตำปู,3,108,324
ต้มแซ่บ,3,63,189
ตำไทย,1,90,90
ปลาร้าบอง,4,139,556
ส้มตำ,3,137,411
ตำไทย,4,86,344
แกงอ่อม,3,72,216
ข้าวเหนียว,3,30,90
ปลาร้าบอง,5,149,745
ซุปหน่อไม้,3,147,441
แจ่วบอง,5,39,195
ตำแตง,1,146,146
หมูยอ,3,90,270
ไก่ย่าง,2,63,126
หมกหน่อไม้,5,97,485
แจ่วบอง,3,115,345
แหนม,5,121,605
ตำไทย,1,33,33
แกงอ่อม,5,142,710
ก้อยปลา,3,57,171
ตำปู,2,125,250
ส้มตำ,3,115,345
น้ำตกหมู,5,110,550
ข้าวจี่,2,138,276
หมกหน่อไม้,5,122,610
ตำไทย,5,65,325
แกงอ่อม,5,45,225
ตำไทย,5,105,525
ข้าวเหนียว,5,139,695
ตำแตง,3,148,444
แกงอ่อม,2,53,106
ต้มแซ่บ,3,64,192
ซุปหน่อไม้,3,54,162
ตำแตง,2,132,264
หมกหน่อไม้,5,68,340
ส้มตำ,2,112,224
แจ่วบอง,4,121,484
ตำแตง,1,113,113
ตำแตง,3,39,117
ข้าวเหนียว,3,85,255
หมูยอ,1,37,37
ตำแตง,1,89,89
หมูยอ,1,44,44
ก้อยปลา,3,90,270
ข้าวจี่,3,54,162
แหนม,5,139,695
ตำปู,2,82,164
ส้มตำ,2,51,102
แกงอ่อม,1,150,150
ไส้กรอกอีสาน,1,119,119
ตำไทย,4,86,344
น้ำตกหมู,5,93,465
แหนม,3,141,423
ต้มแซ่บ,4,144,576
ตำแตง,1,121,121
ต้มแซ่บ,2,63,126
ไส้กรอกอีสาน,3,138,414
ตำปู,3,91,273
ปลาร้าบอง,5,100,500
ลาบหมู,4,143,572
หมกหน่อไม้,2,56,112
หมูยอ,1,88,88
น้ำตกหมู,5,111,555
ข้าวจี่,3,145,435
ซุปหน่อไม้,4,145,580
ตำแตง,2,113,226
ต้มแซ่บ,3,150,450
ไก่ย่าง,3,147,441
ไก่ย่าง,1,128,128
น้ำตกหมู,1,70,70
หมกหน่อไม้,3,76,228
น้ำตกหมู,3,96,288
ข้าวจี่,1,71,71
ตำปู,3,72,216
ตำแตง,3,59,177
ไส้กรอกอีสาน,2,120,240
ก้อยปลา,3,112,336
ไส้กรอกอีสาน,1,114,114
หมกหน่อไม้,4,130,520
ตำไทย,3,75,225
น้ำตกหมู,4,142,568
แจ่วบอง,2,117,234
หมูยอ,5,112,560
ก้อยปลา,1,96,96
ตำไทย,3,94,282
ลาบหมู,1,149,149
ปลาดุกย่าง,3,46,138
ไส้กรอกอีสาน,4,51,204
ต้มแซ่บ,5,95,475
ตำไทย,4,45,180
หมูยอ,2,79,158
ตำแตง,1,117,117
แจ่วบอง,2,142,284
ไส้กรอกอีสาน,1,116,116
ตำปู,3,52,156
ไก่ย่าง,4,93,372
ตำปู,2,80,160
ตำแตง,1,53,53
ซุปหน่อไม้,2,113,226
ไส้กรอกอีสาน,2,92,184
ข้าวจี่,4,58,232
แจ่วบอง,5,138,690
หมูยอ,4,98,392
น้ำตกหมู,4,55,220
น้ำตกหมู,1,135,135
ซุปหน่อไม้,4,108,432
หมูยอ,4,48,192
ข้าวจี่,4,38,152
ไส้กรอกอีสาน,3,68,204
น้ำตกหมู,1,95,95
ตำแตง,2,139,278
ปลาร้าบอง,2,67,134
ไส้กรอกอีสาน,1,112,112
ปลาดุกย่าง,2,30,60
ปลาดุกย่าง,1,56,56
ไส้กรอกอีสาน,1,43,43
ปลาร้าบอง,4,135,540
ข้าวจี่,1,61,61
ตำไทย,3,62,186
ปลาร้าบอง,5,105,525
แหนม,3,76,228
หมกหน่อไม้,2,112,224
ตำไทย,3,122,366
ส้มตำ,2,95,190
ส้มตำ,5,88,440
ส้มตำ,3,50,150
ไก่ย่าง,1,141,141
ไก่ย่าง,3,69,207
หมูยอ,4,106,424
ข้าวเหนียว,1,94,94
ต้มแซ่บ,2,105,210
ไก่ย่าง,2,74,148
หมูยอ,4,88,352
ส้มตำ,5,129,645
แกงอ่อม,3,75,225
ปลาดุกย่าง,1,104,104
แกงอ่อม,1,84,84
ตำแตง,5,117,585
ตำปู,4,118,472
น้ำตกหมู,1,33,33
ไก่ย่าง,2,126,252
หมกหน่อไม้,3,30,90
แจ่วบอง,3,72,216
หมูยอ,2,32,64
ปลาดุกย่าง,1,40,40
ไส้กรอกอีสาน,3,80,240
แกงอ่อม,1,144,144
น้ำตกหมู,4,102,408
ปลาดุกย่าง,3,50,150
ก้อยปลา,4,36,144
แจ่วบอง,1,47,47
ข้าวเหนียว,1,149,149
ตำแตง,1,58,58
ลาบหมู,1,37,37
แจ่วบอง,1,94,94
แจ่วบอง,4,85,340
แกงอ่อม,1,101,101
ตำแตง,2,100,200
ลาบหมู,1,91,91
ตำไทย,1,112,112
ลาบหมู,3,108,324
ปลาร้าบอง,3,140,420
ปลาดุกย่าง,5,121,605
ตำปู,2,125,250
หมูยอ,5,148,740
ตำปู,2,149,298
ตำแตง,2,56,112
หมกหน่อไม้,4,90,360
ไก่ย่าง,2,127,254
ปลาร้าบอง,3,52,156
ตำไทย,5,37,185
ก้อยปลา,2,128,256
ไส้กรอกอีสาน,2,132,264
แกงอ่อม,3,50,150
ข้าวเหนียว,5,51,255
ซุปหน่อไม้,5,87,435
ปลาร้าบอง,3,122,366
ตำไทย,5,58,290
หมูยอ,4,100,400
หมกหน่อไม้,1,30,30
ตำแตง,3,35,105
ตำปู,1,39,39
แกงอ่อม,3,46,138
ส้มตำ,4,103,412
ตำปู,2,106,212
น้ำตกหมู,3,89,267
ข้าวเหนียว,3,97,291
ข้าวเหนียว,3,106,318
ลาบหมู,3,95,285
หมูยอ,4,95,380
ซุปหน่อไม้,2,138,276
ข้าวจี่,5,62,310
ไก่ย่าง,4,130,520
แจ่วบอง,3,137,411
แกงอ่อม,2,47,94
ก้อยปลา,5,131,655
ส้มตำ,3,75,225
ตำแตง,5,111,555
ปลาร้าบอง,5,122,610
ไก่ย่าง,2,90,180
ปลาร้าบอง,4,54,216
ปลาดุกย่าง,4,72,288
ก้อยปลา,3,101,303
หมกหน่อไม้,5,87,435
ซุปหน่อไม้,3,119,357
ไก่ย่าง,3,113,339
ตำปู,2,83,166
ไส้กรอกอีสาน,4,141,564
แกงอ่อม,2,78,156
ข้าวจี่,3,40,120
ตำไทย,5,104,520
หมกหน่อไม้,3,45,135
ข้าวเหนียว,4,137,548
หมูยอ,2,94,188
ต้มแซ่บ,3,123,369
ปลาร้าบอง,1,103,103
ซุปหน่อไม้,1,148,148
ลาบหมู,1,42,42
ซุปหน่อไม้,3,50,150
แหนม,5,83,415
ไส้กรอกอีสาน,1,64,64
น้ำตกหมู,2,39,78
ปลาดุกย่าง,3,72,216
แกงอ่อม,1,109,109
ปลาดุกย่าง,2,37,74
ต้มแซ่บ,2,37,74
หมูยอ,5,80,400
ตำแตง,5,127,635
ตำแตง,2,70,140
ปลาดุกย่าง,5,50,250
ไส้กรอกอีสาน,1,116,116
แจ่วบอง,4,119,476
ลาบหมู,1,129,129
ส้มตำ,4,127,508
ต้มแซ่บ,3,97,291
ปลาร้าบอง,1,129,129
ไส้กรอกอีสาน,4,66,264
ส้มตำ,3,142,426
หมกหน่อไม้,4,87,348
แหนม,3,124,372
ปลาร้าบอง,2,135,270
ต้มแซ่บ,1,123,123
หมูยอ,2,44,88
ไก่ย่าง,5,67,335
หมูยอ,1,121,121
ต้มแซ่บ,4,123,492
ปลาดุกย่าง,3,83,249
ตำปู,2,124,248
ต้มแซ่บ,2,54,108
หมกหน่อไม้,1,143,143
หมูยอ,4,37,148
ก้อยปลา,5,49,245
แจ่วบอง,1,47,47
น้ำตกหมู,5,90,450
ข้าวจี่,1,130,130
ก้อยปลา,3,83,249
ต้มแซ่บ,5,143,715
ข้าวเหนียว,2,69,138
ต้มแซ่บ,4,85,340
ตำไทย,1,81,81
ปลาดุกย่าง,3,130,390
ไส้กรอกอีสาน,5,138,690
ตำปู,2,134,268
หมูยอ,3,105,315
ปลาดุกย่าง,3,109,327
แจ่วบอง,4,71,284
แจ่วบอง,4,49,196
ตำปู,4,80,320
หมกหน่อไม้,1,135,135
ปลาดุกย่าง,4,143,572
ข้าวเหนียว,3,98,294
ต้มแซ่บ,3,81,243
ส้มตำ,1,111,111
ไส้กรอกอีสาน,1,146,146
ไส้กรอกอีสาน,1,77,77
ตำแตง,3,114,342
ตำแตง,1,108,108
ไส้กรอกอีสาน,2,37,74
ไส้กรอกอีสาน,2,75,150
แจ่วบอง,1,93,93
ข้าวเหนียว,4,34,136
น้ำตกหมู,4,31,124
ลาบหมู,5,42,210
ก้อยปลา,2,127,254
แหนม,1,33,33
ปลาดุกย่าง,1,127,127
ตำไทย,2,111,222
หมกหน่อไม้,1,39,39
ตำแตง,5,83,415
ข้าวจี่,5,83,415
ซุปหน่อไม้,3,62,186
ตำแตง,4,46,184
ตำไทย,4,91,364
แหนม,1,146,146
หมกหน่อไม้,1,129,129
หมูยอ,4,90,360
ตำปู,4,90,360
ลาบหมู,1,120,120
ต้มแซ่บ,2,130,260
ลาบหมู,1,111,111
ลาบหมู,4,54,216
ตำไทย,4,139,556
ต้มแซ่บ,3,134,402
ซุปหน่อไม้,4,64,256
ตำแตง,1,100,100
ไส้กรอกอีสาน,4,30,120
ตำปู,4,111,444
ตำปู,2,119,238
ปลาร้าบอง,5,126,630
ไก่ย่าง,5,127,635
ข้าวจี่,1,142,142
ตำแตง,2,60,120
น้ำตกหมู,2,102,204
ไส้กรอกอีสาน,5,120,600
ตำแตง,1,45,45
ไก่ย่าง,3,44,132
ซุปหน่อไม้,3,113,339
ตำแตง,5,96,480
น้ำตกหมู,3,59,177
ตำแตง,3,37,111
แจ่วบอง,2,37,74
ไก่ย่าง,1,147,147
ปลาร้าบอง,5,104,520
ก้อยปลา,1,65,65
ก้อยปลา,4,56,224
ข้าวจี่,2,45,90
แจ่วบอง,4,148,592
ไส้กรอกอีสาน,2,45,90
ไส้กรอกอีสาน,2,34,68
หมูยอ,5,126,630
ก้อยปลา,4,63,252
ก้อยปลา,3,74,222
ซุปหน่อไม้,5,37,185
ตำแตง,2,100,200
ตำปู,5,109,545
น้ำตกหมู,4,69,276
ตำไทย,3,126,378
หมูยอ,4,110,440
ตำปู,5,51,255
หมูยอ,2,70,140
ปลาดุกย่าง,4,66,264
ตำปู,2,66,132
ปลาดุกย่าง,3,48,144
ก้อยปลา,3,36,108
แกงอ่อม,3,49,147
ตำปู,1,149,149
ตำไทย,3,134,402
ไส้กรอกอีสาน,5,49,245
น้ำตกหมู,5,88,440
ข้าวจี่,4,37,148
ต้มแซ่บ,5,47,235
ข้าวจี่,5,41,205
ปลาร้าบอง,5,124,620
ข้าวจี่,2,55,110
ตำไทย,2,54,108
ตำแตง,2,98,196
แกงอ่อม,3,54,162
ไส้กรอกอีสาน,3,143,429
ปลาร้าบอง,5,123,615
ซุปหน่อไม้,2,85,170
ไก่ย่าง,2,138,276
แจ่วบอง,4,144,576
ต้มแซ่บ,1,33,33
แหนม,4,69,276
ตำปู,3,118,354
ข้าวเหนียว,2,131,262
ส้มตำ,2,59,118
ลาบหมู,2,55,110
ข้าวจี่,2,108,216
ตำแตง,3,111,333
ตำไทย,4,119,476
หมูยอ,1,54,54
ข้าวเหนียว,1,39,39
ปลาดุกย่าง,4,146,584
ไก่ย่าง,3,38,114
ก้อยปลา,2,56,112
ตำแตง,1,58,58
ก้อยปลา,3,123,369
ตำปู,2,148,296
ข้าวจี่,1,109,109
ข้าวจี่,3,147,441
ซุปหน่อไม้,5,126,630
หมกหน่อไม้,5,47,235
ปลาร้าบอง,3,140,420
ข้าวเหนียว,2,54,108
ซุปหน่อไม้,2,140,280
ส้มตำ,2,114,228
ปลาดุกย่าง,3,36,108
ซุปหน่อไม้,4,112,448
ตำไทย,3,95,285
ปลาดุกย่าง,3,110,330
ต้มแซ่บ,5,66,330
ไก่ย่าง,5,149,745
ตำปู,1,143,143
ต้มแซ่บ,3,148,444
ไส้กรอกอีสาน,5,42,210
ต้มแซ่บ,3,83,249
หมูยอ,5,57,285
แจ่วบอง,4,30,120
แจ่วบอง,4,98,392
ก้อยปลา,1,70,70
ไส้กรอกอีสาน,5,41,205
ก้อยปลา,4,82,328
ส้มตำ,5,118,590
แกงอ่อม,4,137,548
ข้าวจี่,2,52,104
ไก่ย่าง,4,76,304
ข้าวจี่,1,72,72
ตำแตง,3,134,402
ตำแตง,5,110,550
ไส้กรอกอีสาน,5,107,535
แจ่วบอง,1,143,143
ตำแตง,3,74,222
แกงอ่อม,1,73,73
ลาบหมู,2,83,166
แหนม,3,30,90
ข้าวจี่,4,102,408
ไส้กรอกอีสาน,3,105,315
ตำไทย,2,115,230
ก้อยปลา,4,97,388
ไส้กรอกอีสาน,5,150,750
ปลาร้าบอง,4,66,264
ตำแตง,4,62,248
ซุปหน่อไม้,4,96,384
ลาบหมู,4,129,516
ก้อยปลา,3,36,108
ไส้กรอกอีสาน,1,92,92
หมกหน่อไม้,4,131,524
ตำแตง,2,117,234
ตำปู,4,142,568
ตำแตง,2,63,126
แจ่วบอง,5,121,605
ข้าวเหนียว,5,32,160
หมกหน่อไม้,2,105,210
ตำปู,1,58,58
น้ำตกหมู,3,81,243
ข้าวเหนียว,5,39,195
ตำแตง,2,72,144
น้ำตกหมู,2,59,118
ข้าวเหนียว,2,81,162
น้ำตกหมู,1,105,105
ไก่ย่าง,1,66,66
ไก่ย่าง,4,65,260
น้ำตกหมู,1,138,138
ต้มแซ่บ,1,122,122
ตำแตง,5,68,340
ตำไทย,2,117,234
ซุปหน่อไม้,1,129,129
หมูยอ,2,147,294
ตำไทย,1,52,52
ส้มตำ,2,39,78
แกงอ่อม,3,40,120
ก้อยปลา,1,43,43
ซุปหน่อไม้,5,92,460
ก้อยปลา,1,60,60
ปลาร้าบอง,4,33,132
ซุปหน่อไม้,2,131,262
ต้มแซ่บ,3,113,339
แจ่วบอง,5,105,525
ตำแตง,5,119,595
ซุปหน่อไม้,3,136,408
ต้มแซ่บ,5,96,480
ข้าวจี่,2,98,196
ก้อยปลา,5,33,165
ซุปหน่อไม้,4,60,240
ไก่ย่าง,4,101,404
แจ่วบอง,4,138,552
ไก่ย่าง,1,74,74
ส้มตำ,3,50,150
ไก่ย่าง,1,48,48
ข้าวเหนียว,2,59,118
ตำปู,3,45,135
แหนม,1,37,37
แหนม,5,149,745
แหนม,1,72,72
ลาบหมู,3,84,252
ไก่ย่าง,5,76,380
ไก่ย่าง,3,93,279
น้ำตกหมู,4,53,212
ไก่ย่าง,1,111,111
ต้มแซ่บ,3,41,123
ไก่ย่าง,5,109,545
หมูยอ,3,77,231
ปลาดุกย่าง,1,150,150
ไส้กรอกอีสาน,2,59,118
ต้มแซ่บ,2,37,74
แกงอ่อม,4,57,228
ตำปู,2,72,144
แกงอ่อม,2,142,284
ไส้กรอกอีสาน,5,55,275
หมกหน่อไม้,3,43,129
ลาบหมู,4,113,452
ตำไทย,4,94,376
ข้าวเหนียว,4,92,368
ซุปหน่อไม้,1,65,65
ไก่ย่าง,1,99,99
ส้มตำ,5,48,240
แกงอ่อม,1,141,141
แกงอ่อม,2,78,156
แกงอ่อม,5,132,660
ปลาร้าบอง,4,73,292
แกงอ่อม,2,55,110
ตำไทย,2,107,214
ไส้กรอกอีสาน,2,88,176
ตำปู,2,97,194
น้ำตกหมู,5,112,560
ข้าวจี่,5,84,420
ข้าวเหนียว,2,66,132
หมูยอ,2,92,184
ข้าวจี่,3,109,327
หมกหน่อไม้,1,66,66
ก้อยปลา,2,68,136
หมูยอ,3,148,444
ปลาดุกย่าง,3,140,420
แหนม,3,93,279
ต้มแซ่บ,2,31,62
ตำปู,4,85,340
หมูยอ,2,68,136
ไส้กรอกอีสาน,4,66,264
ไส้กรอกอีสาน,3,46,138
แกงอ่อม,4,133,532
ลาบหมู,5,32,160
แจ่วบอง,4,148,592
แกงอ่อม,5,110,550
ข้าวจี่,3,35,105
ข้าวเหนียว,4,52,208
ส้มตำ,2,47,94
ปลาร้าบอง,2,106,212
ซุปหน่อไม้,5,78,390
น้ำตกหมู,1,84,84
ตำแตง,2,95,190
ซุปหน่อไม้,2,108,216
ข้าวจี่,3,35,105
ก้อยปลา,4,44,176
ตำไทย,1,69,69
ตำแตง,3,82,246
ข้าวจี่,4,33,132
หมูยอ,1,123,123
ไส้กรอกอีสาน,1,103,103
ตำไทย,3,136,408
ตำปู,2,80,160
หมูยอ,2,64,128
ก้อยปลา,3,142,426
น้ำตกหมู,3,54,162
ตำไทย,5,118,590
ลาบหมู,4,124,496
ไก่ย่าง,1,107,107
ตำไทย,5,123,615
หมกหน่อไม้,1,39,39
หมกหน่อไม้,5,53,265
ตำแตง,3,124,372
น้ำตกหมู,1,125,125
ลาบหมู,1,44,44
ข้าวจี่,3,88,264
ปลาร้าบอง,1,128,128
หมกหน่อไม้,3,101,303
หมูยอ,3,102,306
ต้มแซ่บ,4,86,344
ปลาร้าบอง,1,120,120
ข้าวจี่,1,49,49
ส้มตำ,2,95,190
หมูยอ,2,128,256
แจ่วบอง,1,54,54
ข้าวเหนียว,5,131,655
ตำปู,1,76,76
แกงอ่อม,5,114,570
ตำปู,1,89,89
ปลาดุกย่าง,3,79,237
ข้าวจี่,5,39,195
ลาบหมู,1,70,70
ตำแตง,4,92,368
ตำแตง,4,68,272
ส้มตำ,3,43,129
แกงอ่อม,4,32,128
ไก่ย่าง,4,85,340
ตำแตง,4,64,256
ตำแตง,5,74,370
แหนม,1,41,41
ส้มตำ,4,117,468
ส้มตำ,3,64,192
ต้มแซ่บ,4,78,312
ส้มตำ,4,30,120
ข้าวจี่,3,118,354
ข้าวจี่,4,63,252
ตำไทย,2,53,106
ไก่ย่าง,5,51,255
ข้าวเหนียว,3,84,252
แจ่วบอง,4,94,376
แจ่วบอง,1,100,100
แกงอ่อม,1,139,139
ตำไทย,3,48,144
แกงอ่อม,5,52,260
แหนม,2,146,292
แจ่วบอง,5,149,745
ข้าวเหนียว,1,147,147
ต้มแซ่บ,4,132,528
แกงอ่อม,4,109,436
ก้อยปลา,1,114,114
ตำแตง,4,143,572
ต้มแซ่บ,5,116,580
แกงอ่อม,3,67,201
น้ำตกหมู,5,150,750
ไส้กรอกอีสาน,3,73,219
ปลาร้าบอง,4,137,548
แกงอ่อม,2,31,62
หมกหน่อไม้,4,43,172
ตำปู,2,100,200
ข้าวเหนียว,4,44,176
ตำไทย,3,148,444
ตำแตง,4,47,188
ปลาร้าบอง,2,50,100
ตำไทย,3,68,204
น้ำตกหมู,3,107,321
หมูยอ,5,70,350
แหนม,3,106,318
ตำแตง,4,36,144
ก้อยปลา,5,75,375
แจ่วบอง,2,109,218
ก้อยปลา,4,132,528
ซุปหน่อไม้,2,93,186
ตำปู,1,83,83
ปลาดุกย่าง,3,74,222
แกงอ่อม,3,104,312
แกงอ่อม,2,134,268
แกงอ่อม,3,42,126
ตำแตง,5,131,655
แหนม,2,119,238
แหนม,2,54,108
น้ำตกหมู,3,65,195
ส้มตำ,2,55,110
ซุปหน่อไม้,5,80,400
หมกหน่อไม้,1,148,148
ก้อยปลา,3,37,111
ซุปหน่อไม้,2,83,166
แหนม,1,105,105
แจ่วบอง,3,37,111
หมกหน่อไม้,3,124,372
ตำไทย,4,80,320
ข้าวเหนียว,1,47,47
ก้อยปลา,4,45,180
แจ่วบอง,1,137,137
แจ่วบอง,4,114,456
ส้มตำ,4,135,540
ตำปู,2,97,194
ข้าวเหนียว,2,98,196
แหนม,2,106,212
ปลาดุกย่าง,5,50,250
ตำไทย,5,118,590
ข้าวเหนียว,3,142,426
ปลาดุกย่าง,2,39,78
ปลาร้าบอง,3,40,120
ลาบหมู,3,62,186
ส้มตำ,2,72,144
ตำปู,3,127,381
แจ่วบอง,1,61,61
ข้าวเหนียว,5,97,485
ปลาร้าบอง,1,128,128
ตำไทย,1,109,109
ข้าวเหนียว,5,72,360
ปลาร้าบอง,3,44,132
ตำไทย,4,39,156
ซุปหน่อไม้,2,80,160
ปลาร้าบอง,1,110,110
หมกหน่อไม้,2,145,290
หมกหน่อไม้,5,150,750
ก้อยปลา,3,79,237
ปลาร้าบอง,5,58,290
ตำไทย,2,50,100
แหนม,1,66,66
ต้มแซ่บ,2,133,266
ข้าวจี่,3,118,354
แจ่วบอง,2,40,80
ตำปู,4,123,492
ก้อยปลา,2,143,286
ตำแตง,3,96,288
ข้าวเหนียว,1,83,83
ข้าวจี่,2,63,126
ข้าวจี่,3,112,336
หมกหน่อไม้,3,119,357
ก้อยปลา,1,91,91
ข้าวจี่,5,57,285
ซุปหน่อไม้,4,91,364
แกงอ่อม,4,138,552
หมกหน่อไม้,3,79,237
หมูยอ,1,69,69
ข้าวเหนียว,3,124,372
ตำปู,3,87,261
หมูยอ,3,54,162
ลาบหมู,4,137,548
ตำปู,5,72,360
แกงอ่อม,3,52,156
ข้าวเหนียว,4,77,308
ตำปู,1,145,145
ไส้กรอกอีสาน,5,81,405
ตำปู,4,124,496
ลาบหมู,5,101,505
ต้มแซ่บ,5,61,305
ข้าวจี่,4,149,596
ต้มแซ่บ,5,108,540
ปลาร้าบอง,3,114,342
ก้อยปลา,4,144,576
ปลาดุกย่าง,3,35,105
ตำปู,2,114,228
แกงอ่อม,5,89,445
ข้าวจี่,4,132,528
แจ่วบอง,4,30,120
ก้อยปลา,4,105,420
หมกหน่อไม้,5,145,725
ตำไทย,5,54,270
ปลาดุกย่าง,1,141,141
ลาบหมู,1,75,75
แจ่วบอง,5,128,640
แจ่วบอง,1,73,73
ไก่ย่าง,4,33,132
ตำไทย,5,39,195
ส้มตำ,1,31,31
ส้มตำ,2,50,100
ลาบหมู,5,125,625
ต้มแซ่บ,4,90,360
ปลาร้าบอง,4,78,312
หมกหน่อไม้,5,43,215
ข้าวเหนียว,4,68,272
ก้อยปลา,3,57,171
แหนม,2,132,264
ข้าวเหนียว,4,59,236
แกงอ่อม,5,72,360
ลาบหมู,2,127,254
ข้าวเหนียว,2,139,278
ต้มแซ่บ,2,111,222
ตำแตง,1,45,45
น้ำตกหมู,4,123,492
ตำแตง,2,127,254
แหนม,5,39,195
ก้อยปลา,4,62,248
ข้าวจี่,4,63,252
ปลาดุกย่าง,5,125,625
ตำแตง,1,42,42
ข้าวจี่,2,30,60
ปลาร้าบอง,5,99,495
แกงอ่อม,1,86,86
ตำแตง,5,87,435
ลาบหมู,5,136,680
น้ำตกหมู,4,75,300
ตำไทย,5,38,190
ตำแตง,2,86,172
ซุปหน่อไม้,4,94,376
ส้มตำ,4,136,544
แกงอ่อม,2,127,254
ไก่ย่าง,2,46,92
ปลาดุกย่าง,4,63,252
แกงอ่อม,5,124,620
ก้อยปลา,3,102,306
ลาบหมู,2,84,168
ไส้กรอกอีสาน,4,108,432
น้ำตกหมู,5,135,675
ตำแตง,5,123,615
ไก่ย่าง,4,90,360
แจ่วบอง,1,113,113
แหนม,1,126,126
ไส้กรอกอีสาน,4,57,228
น้ำตกหมู,1,46,46
ข้าวจี่,2,113,226
หมกหน่อไม้,1,63,63
ซุปหน่อไม้,3,139,417
แหนม,2,87,174
แกงอ่อม,1,77,77
ตำแตง,5,63,315
ปลาร้าบอง,1,54,54
ปลาดุกย่าง,4,44,176
แกงอ่อม,5,97,485
ต้มแซ่บ,2,114,228
ก้อยปลา,3,41,123
ก้อยปลา,2,53,106
ข้าวจี่,1,65,65
หมกหน่อไม้,1,129,129
ก้อยปลา,1,37,37
ตำไทย,4,97,388
ตำแตง,3,39,117
ต้มแซ่บ,3,126,378
ปลาร้าบอง,5,149,745
ต้มแซ่บ,1,36,36
ส้มตำ,2,134,268
ไก่ย่าง,5,67,335
ข้าวเหนียว,3,57,171
ปลาร้าบอง,4,54,216
ข้าวเหนียว,2,68,136
ไก่ย่าง,4,102,408
น้ำตกหมู,2,88,176
แกงอ่อม,3,118,354
ไก่ย่าง,5,72,360
ตำไทย,3,81,243
ตำปู,3,47,141
หมูยอ,4,57,228
ซุปหน่อไม้,2,104,208
น้ำตกหมู,2,92,184
ก้อยปลา,1,68,68
น้ำตกหมู,1,61,61
หมูยอ,1,82,82
ซุปหน่อไม้,5,102,510
น้ำตกหมู,3,33,99
แหนม,5,68,340
แกงอ่อม,5,110,550
ข้าวจี่,4,72,288
แหนม,3,126,378
น้ำตกหมู,4,39,156
หมูยอ,4,83,332
ปลาร้าบอง,2,45,90
ซุปหน่อไม้,2,125,250
ตำไทย,1,133,133
แกงอ่อม,4,107,428
แหนม,4,54,216
ส้มตำ,4,53,212
ตำปู,1,61,61
ปลาดุกย่าง,5,75,375
หมูยอ,1,139,139
น้ำตกหมู,5,69,345
ส้มตำ,3,47,141
แจ่วบอง,3,115,345
น้ำตกหมู,2,136,272
แจ่วบอง,1,63,63
ไส้กรอกอีสาน,4,105,420
แหนม,5,131,655
แหนม,3,52,156
หมูยอ,3,91,273
หมกหน่อไม้,3,79,237
ตำไทย,4,148,592
ตำไทย,1,119,119
ข้าวจี่,5,31,155
แกงอ่อม,5,114,570
ลาบหมู,5,57,285
ตำแตง,1,134,134
ไส้กรอกอีสาน,5,127,635
ตำแตง,4,121,484
หมกหน่อไม้,3,76,228
ไก่ย่าง,5,112,560
ไส้กรอกอีสาน,1,63,63
ตำไทย,4,75,300
แหนม,3,121,363
ตำแตง,4,93,372
ตำปู,4,64,256
ไก่ย่าง,1,103,103
ปลาดุกย่าง,3,96,288
ตำปู,5,142,710
ตำปู,2,84,168
แจ่วบอง,2,150,300
ตำไทย,3,97,291
ไส้กรอกอีสาน,3,88,264
หมูยอ,4,118,472
ข้าวจี่,4,121,484
น้ำตกหมู,2,105,210
ต้มแซ่บ,4,119,476
ตำแตง,4,66,264
ไส้กรอกอีสาน,1,93,93
ปลาดุกย่าง,4,148,592
ไส้กรอกอีสาน,5,136,680
หมูยอ,1,48,48
ก้อยปลา,2,140,280
แจ่วบอง,4,115,460
ตำไทย,4,61,244
หมูยอ,2,106,212
ไก่ย่าง,2,65,130
ข้าวจี่,5,42,210
ต้มแซ่บ,2,149,298
หมูยอ,1,45,45
แกงอ่อม,1,129,129
แจ่วบอง,1,44,44
ตำไทย,2,109,218
ต้มแซ่บ,2,44,88
น้ำตกหมู,4,59,236
แจ่วบอง,4,132,528
ลาบหมู,1,35,35
ข้าวเหนียว,2,126,252
ปลาร้าบอง,5,148,740
น้ำตกหมู,3,80,240
ข้าวจี่,2,100,200
ไก่ย่าง,1,112,112
ก้อยปลา,4,102,408
แกงอ่อม,5,48,240
ข้าวเหนียว,1,108,108
ปลาร้าบอง,3,142,426
ก้อยปลา,3,56,168
ส้มตำ,5,128,640
ปลาดุกย่าง,2,49,98
ไส้กรอกอีสาน,5,126,630
แจ่วบอง,5,147,735
ลาบหมู,3,39,117
แหนม,1,43,43
ก้อยปลา,1,33,33
ตำปู,2,115,230
ก้อยปลา,5,70,350
ต้มแซ่บ,1,119,119
ส้มตำ,5,131,655
ส้มตำ,5,145,725
ปลาดุกย่าง,1,96,96
หมูยอ,4,146,584
น้ำตกหมู,2,143,286
แจ่วบอง,1,105,105
ซุปหน่อไม้,4,139,556
ลาบหมู,3,104,312
แหนม,2,58,116
ลาบหมู,4,34,136
แหนม,5,64,320
ซุปหน่อไม้,1,69,69
ข้าวจี่,2,103,206
ตำปู,3,61,183
ไก่ย่าง,3,47,141
หมูยอ,2,38,76
ตำไทย,1,55,55
ก้อยปลา,5,121,605
ไก่ย่าง,3,148,444
ซุปหน่อไม้,5,116,580
ก้อยปลา,5,142,710
หมูยอ,3,142,426
หมูยอ,5,95,475
ปลาร้าบอง,1,73,73
ปลาร้าบอง,2,132,264
ก้อยปลา,3,65,195
น้ำตกหมู,5,106,530
หมกหน่อไม้,2,127,254
แจ่วบอง,1,138,138
ลาบหมู,3,88,264
แหนม,4,98,392
หมูยอ,2,133,266
หมูยอ,1,72,72
ก้อยปลา,5,75,375
หมูยอ,4,102,408
ตำไทย,4,128,512
แจ่วบอง,4,150,600
ปลาดุกย่าง,1,46,46
ไส้กรอกอีสาน,5,32,160
ไส้กรอกอีสาน,3,141,423
ตำแตง,2,55,110
หมูยอ,3,34,102
ไก่ย่าง,3,113,339
ไส้กรอกอีสาน,2,141,282
ก้อยปลา,2,69,138
ตำแตง,5,80,400
ต้มแซ่บ,1,128,128
ปลาร้าบอง,2,39,78
ตำแตง,1,47,47
แกงอ่อม,2,54,108
ตำปู,5,54,270
ปลาดุกย่าง,3,117,351
ข้าวเหนียว,5,59,295
น้ำตกหมู,2,120,240
ปลาร้าบอง,1,83,83
ส้มตำ,3,134,402
แหนม,1,131,131
ก้อยปลา,3,109,327
ข้าวจี่,5,73,365
ส้มตำ,4,108,432
ไส้กรอกอีสาน,4,60,240
หมกหน่อไม้,3,31,93
ข้าวจี่,2,101,202
น้ำตกหมู,2,116,232
ไส้กรอกอีสาน,5,84,420
ไส้กรอกอีสาน,4,92,368
ปลาร้าบอง,1,30,30
แหนม,1,32,32
แจ่วบอง,1,37,37
ข้าวจี่,3,69,207
แหนม,5,74,370
หมูยอ,2,134,268
น้ำตกหมู,2,44,88
ปลาร้าบอง,1,92,92
ตำไทย,4,55,220
ส้มตำ,4,142,568
น้ำตกหมู,1,90,90
แกงอ่อม,3,64,192
ตำไทย,1,31,31
หมกหน่อไม้,2,93,186
ตำปู,3,119,357
น้ำตกหมู,4,42,168
ตำปู,1,138,138
ข้าวเหนียว,5,73,365
ต้มแซ่บ,3,91,273
ตำปู,2,61,122
แจ่วบอง,3,69,207
ปลาดุกย่าง,5,147,735
ปลาร้าบอง,4,122,488
แกงอ่อม,5,77,385
ปลาร้าบอง,1,123,123
แจ่วบอง,3,138,414
ข้าวจี่,1,144,144
แกงอ่อม,1,53,53
ปลาร้าบอง,3,144,432
ปลาดุกย่าง,1,65,65
หมกหน่อไม้,3,85,255
ไก่ย่าง,3,85,255
ตำแตง,3,80,240
แกงอ่อม,5,107,535
ตำไทย,2,149,298
ตำปู,5,137,685
หมูยอ,2,63,126
ตำไทย,1,59,59
ข้าวจี่,3,115,345
ไก่ย่าง,5,31,155
ตำแตง,4,109,436
ตำปู,1,73,73
ตำไทย,3,138,414
ปลาร้าบอง,3,131,393
ไก่ย่าง,2,99,198
หมกหน่อไม้,4,114,456
แจ่วบอง,4,131,524
ลาบหมู,4,101,404
น้ำตกหมู,1,106,106
หมูยอ,4,75,300
ไส้กรอกอีสาน,4,134,536
ข้าวจี่,4,48,192
ลาบหมู,1,49,49
ไส้กรอกอีสาน,4,85,340
ซุปหน่อไม้,2,130,260
ไก่ย่าง,5,36,180
ตำปู,3,104,312
ข้าวเหนียว,5,133,665
แหนม,1,45,45
ตำแตง,4,145,580
หมูยอ,5,89,445
แจ่วบอง,1,83,83
แหนม,1,99,99
แจ่วบอง,3,105,315
ตำปู,5,42,210
ตำแตง,2,58,116
ปลาดุกย่าง,1,37,37
ลาบหมู,4,78,312
แกงอ่อม,2,75,150
ตำแตง,4,115,460
ไส้กรอกอีสาน,4,114,456
ปลาดุกย่าง,2,99,198
ซุปหน่อไม้,2,85,170
ก้อยปลา,1,141,141
น้ำตกหมู,5,33,165
ซุปหน่อไม้,2,55,110
ตำปู,5,61,305
ต้มแซ่บ,5,126,630
ตำไทย,4,139,556
ข้าวจี่,2,38,76
ปลาร้าบอง,4,36,144
ปลาร้าบอง,5,60,300
น้ำตกหมู,2,126,252
น้ำตกหมู,3,63,189
ตำแตง,4,33,132
ก้อยปลา,2,34,68
ไส้กรอกอีสาน,2,60,120
ข้าวเหนียว,2,136,272
แหนม,3,46,138
หมกหน่อไม้,2,54,108
ซุปหน่อไม้,1,140,140
น้ำตกหมู,2,34,68
ตำไทย,4,104,416
ซุปหน่อไม้,4,36,144
ต้มแซ่บ,3,144,432
หมกหน่อไม้,3,116,348
ข้าวเหนียว,5,95,475
ส้มตำ,3,44,132
ก้อยปลา,3,46,138
ไก่ย่าง,3,36,108
ข้าวจี่,5,126,630
ส้มตำ,3,125,375
ปลาร้าบอง,4,61,244
ข้าวเหนียว,1,64,64
ส้มตำ,2,44,88
ไส้กรอกอีสาน,3,112,336
แจ่วบอง,2,147,294
ซุปหน่อไม้,5,39,195
แกงอ่อม,5,78,390
ไก่ย่าง,2,92,184
แหนม,5,130,650
ข้าวจี่,1,133,133
ส้มตำ,1,41,41
แจ่วบอง,4,65,260
ตำไทย,1,146,146
ตำไทย,5,88,440
ข้าวเหนียว,4,33,132
แจ่วบอง,1,80,80
แจ่วบอง,3,88,264
ตำแตง,3,30,90
หมกหน่อไม้,1,33,33
ข้าวเหนียว,5,62,310
ลาบหมู,3,137,411
แกงอ่อม,1,106,106
ข้าวจี่,5,113,565
แจ่วบอง,3,139,417
ซุปหน่อไม้,3,86,258
ก้อยปลา,4,55,220
แหนม,3,32,96
ปลาดุกย่าง,5,138,690
ปลาดุกย่าง,5,88,440
ส้มตำ,2,46,92
แกงอ่อม,2,33,66
ต้มแซ่บ,2,125,250
ตำไทย,2,64,128
ข้าวเหนียว,3,37,111
ไก่ย่าง,4,90,360
ลาบหมู,2,42,84
ต้มแซ่บ,2,38,76
หมกหน่อไม้,5,53,265
น้ำตกหมู,5,137,685
ข้าวจี่,3,124,372
ก้อยปลา,5,54,270
ปลาร้าบอง,5,64,320
ปลาร้าบอง,4,105,420
หมกหน่อไม้,3,43,129
ข้าวเหนียว,3,85,255
แจ่วบอง,5,71,355
ปลาดุกย่าง,4,112,448
ส้มตำ,2,90,180
ส้มตำ,1,131,131
ปลาดุกย่าง,2,112,224
ตำแตง,3,74,222
หมูยอ,2,61,122
ก้อยปลา,3,100,300
แกงอ่อม,1,71,71
ไส้กรอกอีสาน,5,49,245
ตำไทย,1,44,44
แหนม,4,107,428
แจ่วบอง,2,92,184
ก้อยปลา,1,94,94
ไก่ย่าง,5,134,670
ตำแตง,4,96,384
ปลาร้าบอง,1,49,49
ปลาดุกย่าง,5,32,160
น้ำตกหมู,2,58,116
ต้มแซ่บ,5,108,540
ลาบหมู,3,81,243
แจ่วบอง,5,91,455
ตำแตง,2,108,216
ต้มแซ่บ,1,80,80
แกงอ่อม,3,62,186
แกงอ่อม,5,70,350
ซุปหน่อไม้,4,53,212
หมกหน่อไม้,3,50,150
ข้าวจี่,5,60,300
ลาบหมู,5,56,280
หมกหน่อไม้,1,32,32
ตำแตง,4,48,192
หมกหน่อไม้,1,124,124
แกงอ่อม,1,56,56
ไส้กรอกอีสาน,3,119,357
ตำปู,3,95,285
ต้มแซ่บ,3,51,153
ปลาร้าบอง,4,50,200
ตำแตง,5,87,435
แกงอ่อม,4,41,164
แหนม,2,136,272
ปลาดุกย่าง,4,75,300
ไส้กรอกอีสาน,3,108,324
ก้อยปลา,2,114,228
ปลาร้าบอง,2,142,284
ไก่ย่าง,1,109,109
น้ำตกหมู,1,45,45
น้ำตกหมู,3,84,252
ก้อยปลา,3,149,447
ก้อยปลา,1,31,31
แกงอ่อม,2,99,198
ต้มแซ่บ,1,85,85
ซุปหน่อไม้,3,56,168
ส้มตำ,4,101,404
แกงอ่อม,5,87,435
ก้อยปลา,4,35,140
แหนม,5,34,170
ไส้กรอกอีสาน,3,141,423
ส้มตำ,3,142,426
หมกหน่อไม้,4,44,176
ตำแตง,3,61,183
หมกหน่อไม้,5,62,310
ต้มแซ่บ,2,37,74
ปลาดุกย่าง,3,150,450
ส้มตำ,5,47,235
แจ่วบอง,2,110,220
แหนม,2,74,148
ตำปู,1,133,133
แหนม,1,92,92
ก้อยปลา,1,94,94
ต้มแซ่บ,2,116,232
ส้มตำ,4,107,428
ตำไทย,4,108,432
ตำแตง,2,85,170
ตำไทย,5,139,695
แจ่วบอง,2,48,96
ตำไทย,1,39,39
ต้มแซ่บ,2,120,240
ไส้กรอกอีสาน,1,55,55
ซุปหน่อไม้,5,53,265
ไส้กรอกอีสาน,2,39,78
ก้อยปลา,2,139,278
ไก่ย่าง,1,60,60
ข้าวเหนียว,4,145,580
ปลาดุกย่าง,1,68,68
หมกหน่อไม้,3,107,321
ตำแตง,5,54,270
ลาบหมู,1,50,50
ข้าวเหนียว,5,46,230
ตำปู,1,34,34
แจ่วบอง,4,145,580
ลาบหมู,5,48,240
ไก่ย่าง,1,128,128
ปลาร้าบอง,5,54,270
แจ่วบอง,2,133,266
ตำแตง,3,32,96
ตำไทย,5,42,210
ข้าวเหนียว,1,103,103
ต้มแซ่บ,3,150,450
หมูยอ,3,137,411
แจ่วบอง,3,49,147
ตำไทย,2,88,176
ส้มตำ,5,61,305
ส้มตำ,1,49,49
ข้าวจี่,2,145,290
แจ่วบอง,3,104,312
ไก่ย่าง,5,132,660
แกงอ่อม,1,150,150
หมกหน่อไม้,3,44,132
ต้มแซ่บ,1,130,130
ตำแตง,1,105,105
หมกหน่อไม้,3,111,333
ลาบหมู,2,118,236
ปลาร้าบอง,1,124,124
น้ำตกหมู,3,41,123
ซุปหน่อไม้,1,131,131
ตำไทย,1,89,89
หมูยอ,3,95,285
ไส้กรอกอีสาน,2,146,292
น้ำตกหมู,3,53,159
ข้าวจี่,4,31,124
ซุปหน่อไม้,3,118,354
ต้มแซ่บ,5,146,730
หมกหน่อไม้,4,58,232
หมูยอ,5,52,260
ตำไทย,4,72,288
ไส้กรอกอีสาน,3,64,192
หมกหน่อไม้,2,104,208
แหนม,4,43,172
แจ่วบอง,3,46,138
แจ่วบอง,4,50,200
ปลาร้าบอง,1,36,36
ปลาดุกย่าง,2,65,130
ตำไทย,1,88,88
แกงอ่อม,2,30,60
ซุปหน่อไม้,3,126,378
แหนม,1,147,147
แจ่วบอง,1,47,47
แหนม,4,107,428
แกงอ่อม,4,30,120
ต้มแซ่บ,2,44,88
ตำไทย,5,32,160
ซุปหน่อไม้,1,36,36
แกงอ่อม,2,114,228
หมูยอ,3,84,252
ต้มแซ่บ,2,90,180
ตำไทย,5,52,260
ข้าวเหนียว,4,116,464
น้ำตกหมู,5,94,470
ต้มแซ่บ,2,130,260
ข้าวจี่,1,62,62
ข้าวจี่,3,149,447
ซุปหน่อไม้,5,69,345
หมกหน่อไม้,2,66,132
ส้มตำ,4,87,348
ข้าวจี่,3,45,135
ตำแตง,4,136,544
ก้อยปลา,2,64,128
ข้าวเหนียว,3,126,378
ต้มแซ่บ,3,34,102
ไก่ย่าง,4,112,448
ลาบหมู,5,103,515
ก้อยปลา,2,47,94
ตำไทย,1,132,132
ก้อยปลา,1,56,56
ข้าวจี่,4,66,264
ข้าวเหนียว,2,83,166
ส้มตำ,1,68,68
ข้าวเหนียว,2,51,102
ตำปู,3,73,219
ส้มตำ,5,47,235
ก้อยปลา,3,37,111
แจ่วบอง,5,126,630
ไก่ย่าง,2,122,244
ก้อยปลา,5,114,570
น้ำตกหมู,2,31,62
ตำไทย,3,72,216
ต้มแซ่บ,5,47,235
ลาบหมู,4,53,212
น้ำตกหมู,3,115,345
ไก่ย่าง,1,120,120
แจ่วบอง,1,32,32
ส้มตำ,3,47,141
หมกหน่อไม้,1,132,132
ปลาร้าบอง,1,90,90
ต้มแซ่บ,4,101,404
แกงอ่อม,2,108,216
ปลาดุกย่าง,4,140,560
ก้อยปลา,5,31,155
ตำไทย,1,41,41
แหนม,4,131,524
ข้าวจี่,2,109,218
ปลาดุกย่าง,2,46,92
หมกหน่อไม้,2,94,188
ข้าวจี่,4,145,580
ข้าวเหนียว,5,58,290
ต้มแซ่บ,2,90,180
น้ำตกหมู,4,96,384
ปลาร้าบอง,5,77,385
ไส้กรอกอีสาน,2,58,116
ตำแตง,2,150,300
แหนม,2,65,130
ข้าวเหนียว,4,90,360
ปลาร้าบอง,4,147,588
ปลาดุกย่าง,2,40,80
แกงอ่อม,4,61,244
แหนม,3,112,336
ตำปู,2,115,230
แหนม,5,72,360
ส้มตำ,3,74,222
แหนม,4,101,404
ไส้กรอกอีสาน,5,105,525
แจ่วบอง,2,76,152
ข้าวเหนียว,4,37,148
ไส้กรอกอีสาน,4,117,468
ตำแตง,3,71,213
หมูยอ,5,111,555
แจ่วบอง,3,61,183
หมกหน่อไม้,1,130,130
น้ำตกหมู,5,148,740
หมูยอ,3,30,90
ก้อยปลา,3,64,192
ตำปู,5,108,540
ข้าวจี่,1,98,98
ส้มตำ,4,83,332
ซุปหน่อไม้,3,114,342
ข้าวเหนียว,3,54,162
ไก่ย่าง,4,117,468
ลาบหมู,1,57,57
ส้มตำ,2,136,272
ปลาร้าบอง,1,42,42
ลาบหมู,2,90,180
ตำแตง,4,37,148
หมกหน่อไม้,3,129,387
ไส้กรอกอีสาน,3,69,207
ก้อยปลา,1,130,130
แจ่วบอง,2,45,90
ต้มแซ่บ,2,55,110
ข้าวเหนียว,3,87,261
ซุปหน่อไม้,2,91,182
ข้าวจี่,5,44,220
ตำแตง,3,128,384
ลาบหมู,3,52,156
ข้าวจี่,4,42,168
แหนม,1,137,137
ปลาดุกย่าง,1,43,43
ส้มตำ,2,55,110
ปลาร้าบอง,1,68,68
ลาบหมู,2,85,170
ปลาร้าบอง,5,86,430
หมูยอ,1,101,101
ซุปหน่อไม้,2,65,130
ต้มแซ่บ,4,61,244
ตำไทย,3,31,93
ไก่ย่าง,5,80,400
ปลาร้าบอง,4,102,408
แจ่วบอง,3,119,357
ตำแตง,4,32,128
ปลาร้าบอง,5,76,380
ตำปู,5,57,285
ตำแตง,5,94,470
ไส้กรอกอีสาน,5,51,255
หมูยอ,4,72,288
ก้อยปลา,5,108,540
ปลาดุกย่าง,3,89,267
น้ำตกหมู,5,68,340
ต้มแซ่บ,4,58,232
ข้าวจี่,5,119,595
ก้อยปลา,1,86,86
แหนม,4,72,288
ไส้กรอกอีสาน,2,131,262
ไก่ย่าง,3,56,168
แจ่วบอง,2,37,74
ซุปหน่อไม้,4,60,240
ข้าวจี่,2,113,226
หมูยอ,1,49,49
ตำแตง,5,121,605
ซุปหน่อไม้,4,91,364
ปลาร้าบอง,1,60,60
หมูยอ,2,120,240
ไก่ย่าง,4,36,144
ไก่ย่าง,3,140,420
ไก่ย่าง,4,128,512
ตำปู,4,76,304
ตำปู,1,146,146
ต้มแซ่บ,4,137,548
ข้าวจี่,4,40,160
น้ำตกหมู,5,126,630
หมกหน่อไม้,2,66,132
ข้าวจี่,1,57,57
แกงอ่อม,5,62,310
ปลาดุกย่าง,3,77,231
ตำปู,2,92,184
ข้าวเหนียว,4,135,540
ตำแตง,1,99,99
ปลาดุกย่าง,3,133,399
ตำไทย,1,124,124
ตำไทย,4,79,316
ตำแตง,4,98,392
ข้าวเหนียว,5,69,345
หมกหน่อไม้,2,103,206
ซุปหน่อไม้,1,127,127
ปลาดุกย่าง,2,102,204
ตำไทย,2,127,254
ลาบหมู,3,129,387
ส้มตำ,2,124,248
ข้าวเหนียว,5,46,230
หมูยอ,4,54,216
ไส้กรอกอีสาน,4,33,132
น้ำตกหมู,5,125,625
ตำไทย,2,42,84
ปลาดุกย่าง,5,71,355
ไก่ย่าง,2,35,70
หมกหน่อไม้,5,105,525
หมกหน่อไม้,2,33,66
หมกหน่อไม้,3,98,294
หมูยอ,4,143,572
ปลาดุกย่าง,5,104,520
แกงอ่อม,5,113,565
ต้มแซ่บ,4,77,308
ต้มแซ่บ,4,53,212
ปลาดุกย่าง,1,115,115
แกงอ่อม,2,129,258
ปลาดุกย่าง,4,81,324
ก้อยปลา,4,64,256
หมกหน่อไม้,4,63,252
แหนม,1,75,75
ตำไทย,2,85,170
ส้มตำ,4,65,260
แหนม,2,90,180
ตำแตง,5,33,165
ต้มแซ่บ,4,59,236
หมกหน่อไม้,5,111,555
ตำแตง,5,34,170
ส้มตำ,2,65,130
ลาบหมู,1,70,70
แกงอ่อม,3,53,159
ซุปหน่อไม้,2,50,100
ตำไทย,4,36,144
ข้าวจี่,5,66,330
ตำไทย,5,114,570
แจ่วบอง,3,69,207
ข้าวจี่,5,64,320
แหนม,1,146,146
ปลาร้าบอง,1,137,137
แจ่วบอง,5,137,685
ส้มตำ,4,109,436
ตำไทย,5,144,720
ไส้กรอกอีสาน,4,74,296
หมกหน่อไม้,3,141,423
ตำไทย,3,116,348
ตำปู,2,120,240
ข้าวจี่,5,99,495
น้ำตกหมู,4,43,172
ข้าวจี่,4,133,532
แกงอ่อม,4,100,400
ตำปู,1,136,136
หมกหน่อไม้,3,117,351
ก้อยปลา,4,106,424
ตำไทย,2,75,150
แจ่วบอง,2,88,176
ปลาร้าบอง,1,46,46
ลาบหมู,1,59,59
หมกหน่อไม้,3,71,213
ลาบหมู,1,102,102
ไก่ย่าง,2,91,182
ข้าวจี่,4,139,556
แกงอ่อม,4,42,168
ส้มตำ,2,110,220
แกงอ่อม,5,111,555
ข้าวเหนียว,5,122,610
แหนม,1,92,92
ตำแตง,2,117,234
ซุปหน่อไม้,5,68,340
ก้อยปลา,5,116,580
ตำไทย,5,70,350
ก้อยปลา,2,140,280
ตำไทย,1,63,63
ข้าวจี่,5,33,165
หมูยอ,4,34,136
ปลาดุกย่าง,1,132,132
ปลาร้าบอง,5,70,350
ก้อยปลา,3,92,276
ไส้กรอกอีสาน,1,31,31
ก้อยปลา,2,35,70
หมูยอ,1,68,68
ลาบหมู,2,116,232
ข้าวจี่,4,37,148
ตำปู,5,133,665
ไส้กรอกอีสาน,1,68,68
หมกหน่อไม้,2,105,210
ข้าวจี่,4,42,168
ข้าวเหนียว,4,79,316
ซุปหน่อไม้,1,36,36
ตำไทย,2,33,66
ต้มแซ่บ,2,73,146
ปลาดุกย่าง,3,110,330
น้ำตกหมู,4,142,568
ข้าวจี่,5,79,395
ข้าวเหนียว,3,146,438
ต้มแซ่บ,1,88,88
ซุปหน่อไม้,2,44,88
แกงอ่อม,1,62,62
น้ำตกหมู,4,121,484
แหนม,4,44,176
หมกหน่อไม้,3,101,303
ตำปู,3,91,273
ต้มแซ่บ,4,117,468
หมกหน่อไม้,3,138,414
ซุปหน่อไม้,2,53,106
ส้มตำ,4,107,428
ตำปู,2,86,172
น้ำตกหมู,2,123,246
ปลาดุกย่าง,5,120,600
ตำไทย,1,78,78
ปลาร้าบอง,2,150,300
แหนม,2,91,182
ซุปหน่อไม้,3,145,435
ก้อยปลา,1,102,102
ลาบหมู,1,76,76
ข้าวเหนียว,1,110,110
ตำไทย,3,110,330
ข้าวจี่,3,137,411
หมกหน่อไม้,2,63,126
ข้าวจี่,4,119,476
ไก่ย่าง,5,134,670
ไส้กรอกอีสาน,4,145,580
ไส้กรอกอีสาน,3,102,306
หมูยอ,1,64,64
ตำไทย,3,109,327
ตำปู,3,93,279
หมกหน่อไม้,1,118,118
ก้อยปลา,5,41,205
ตำไทย,3,118,354
ไก่ย่าง,5,144,720
ตำแตง,5,105,525
น้ำตกหมู,2,141,282
ซุปหน่อไม้,3,149,447
ปลาร้าบอง,5,149,745
ส้มตำ,1,99,99
ส้มตำ,2,54,108
แจ่วบอง,5,76,380
ซุปหน่อไม้,3,91,273
ตำแตง,1,98,98
ปลาดุกย่าง,3,31,93
ซุปหน่อไม้,4,94,376
แกงอ่อม,1,143,143
หมกหน่อไม้,5,87,435
ก้อยปลา,4,129,516
ไก่ย่าง,2,140,280
ข้าวเหนียว,4,44,176
ไส้กรอกอีสาน,2,57,114
หมูยอ,4,73,292
หมกหน่อไม้,5,126,630
ปลาร้าบอง,3,142,426
ตำปู,5,139,695
ปลาร้าบอง,5,76,380
ตำแตง,2,127,254
แหนม,3,45,135
ปลาร้าบอง,5,136,680
ลาบหมู,1,62,62
ลาบหมู,2,134,268
ปลาร้าบอง,1,75,75
แจ่วบอง,3,145,435
ลาบหมู,3,110,330
แจ่วบอง,3,125,375
ปลาร้าบอง,2,31,62
ต้มแซ่บ,5,109,545
ไส้กรอกอีสาน,3,96,288
ซุปหน่อไม้,2,86,172
ส้มตำ,1,51,51
แจ่วบอง,4,123,492
ตำไทย,2,52,104
ซุปหน่อไม้,2,80,160
ส้มตำ,3,63,189
หมูยอ,4,128,512
ไส้กรอกอีสาน,3,144,432
แจ่วบอง,4,69,276
หมูยอ,2,105,210
ปลาดุกย่าง,2,113,226
หมกหน่อไม้,3,57,171
ต้มแซ่บ,5,99,495
ไส้กรอกอีสาน,3,127,381
ส้มตำ,5,123,615
น้ำตกหมู,2,141,282
ลาบหมู,5,132,660
ข้าวจี่,3,95,285
ตำแตง,3,90,270
แกงอ่อม,2,125,250
ตำไทย,1,108,108
ตำแตง,4,149,596
ตำปู,5,43,215
ไส้กรอกอีสาน,4,149,596
ข้าวจี่,1,39,39
หมูยอ,5,42,210
ต้มแซ่บ,2,127,254
ไส้กรอกอีสาน,1,62,62
ไส้กรอกอีสาน,4,35,140
ต้มแซ่บ,2,87,174
ต้มแซ่บ,5,114,570
แกงอ่อม,5,42,210
น้ำตกหมู,2,63,126
ข้าวเหนียว,1,117,117
ปลาร้าบอง,3,71,213
น้ำตกหมู,5,50,250
ข้าวเหนียว,2,122,244
ข้าวเหนียว,5,58,290
ปลาร้าบอง,4,32,128
ตำแตง,5,61,305
ต้มแซ่บ,4,150,600
ต้มแซ่บ,4,80,320
แจ่วบอง,5,92,460
ต้มแซ่บ,4,80,320
ตำไทย,2,75,150
ข้าวจี่,1,49,49
ไส้กรอกอีสาน,4,143,572
ลาบหมู,2,91,182
ลาบหมู,3,39,117
ไก่ย่าง,5,71,355
ซุปหน่อไม้,4,83,332
ปลาร้าบอง,3,35,105
ซุปหน่อไม้,2,48,96
หมกหน่อไม้,5,141,705
ตำแตง,3,126,378
ข้าวจี่,4,38,152
แหนม,3,142,426
แจ่วบอง,1,145,145
ลาบหมู,4,108,432
ข้าวเหนียว,4,130,520
ปลาดุกย่าง,4,131,524
ปลาดุกย่าง,2,51,102
หมูยอ,5,137,685
ซุปหน่อไม้,3,84,252
ข้าวจี่,1,94,94
แหนม,4,77,308
ตำปู,5,119,595
ตำแตง,1,65,65
ไก่ย่าง,5,134,670
หมูยอ,3,72,216
ข้าวจี่,2,85,170
หมกหน่อไม้,3,114,342
หมกหน่อไม้,2,96,192
น้ำตกหมู,2,89,178
ข้าวเหนียว,4,56,224
ลาบหมู,1,33,33
ก้อยปลา,1,72,72
ก้อยปลา,2,149,298
ตำแตง,2,35,70
แจ่วบอง,5,70,350
ต้มแซ่บ,4,63,252
แจ่วบอง,2,54,108
ลาบหมู,3,32,96
แจ่วบอง,1,126,126
ซุปหน่อไม้,1,101,101
ก้อยปลา,3,94,282
แกงอ่อม,3,97,291
ลาบหมู,2,83,166
ตำไทย,1,91,91
ปลาร้าบอง,3,95,285
ปลาดุกย่าง,1,121,121
ไส้กรอกอีสาน,4,104,416
แหนม,2,127,254
ตำปู,2,87,174
ไส้กรอกอีสาน,2,110,220
ต้มแซ่บ,4,148,592
ตำแตง,1,78,78
น้ำตกหมู,2,138,276
ตำไทย,2,149,298
ตำไทย,3,117,351
หมูยอ,3,66,198
ลาบหมู,3,55,165
ไส้กรอกอีสาน,4,83,332
ไก่ย่าง,2,69,138
แจ่วบอง,3,70,210
ตำไทย,3,49,147
ตำแตง,2,128,256
ตำไทย,2,48,96
ก้อยปลา,2,54,108
ตำแตง,5,67,335
ตำปู,1,33,33
ตำปู,4,132,528
น้ำตกหมู,4,59,236
หมูยอ,3,62,186
ก้อยปลา,5,149,745
หมกหน่อไม้,2,58,116
ปลาร้าบอง,3,59,177
หมูยอ,5,69,345
ซุปหน่อไม้,2,126,252
ปลาดุกย่าง,3,140,420
ส้มตำ,3,61,183
หมกหน่อไม้,2,63,126
ข้าวเหนียว,1,112,112
ข้าวจี่,5,143,715
น้ำตกหมู,5,70,350
ไส้กรอกอีสาน,3,79,237
น้ำตกหมู,2,114,228
ต้มแซ่บ,2,106,212
ต้มแซ่บ,2,42,84
ต้มแซ่บ,2,50,100
ปลาร้าบอง,4,94,376
ข้าวจี่,4,127,508
ส้มตำ,1,86,86
หมูยอ,1,84,84
ลาบหมู,2,37,74
น้ำตกหมู,3,66,198
หมกหน่อไม้,1,132,132
ไก่ย่าง,3,92,276
ก้อยปลา,4,43,172
ส้มตำ,2,42,84
ปลาร้าบอง,3,75,225
ตำปู,1,119,119
ก้อยปลา,1,146,146
แจ่วบอง,2,148,296
ข้าวจี่,5,34,170
หมูยอ,2,133,266
น้ำตกหมู,3,119,357
น้ำตกหมู,4,97,388
ข้าวเหนียว,5,149,745
ไส้กรอกอีสาน,3,65,195
น้ำตกหมู,2,110,220
น้ำตกหมู,3,146,438
ตำไทย,4,102,408
แกงอ่อม,1,90,90
หมกหน่อไม้,4,46,184
หมูยอ,3,78,234
แหนม,2,57,114
ไส้กรอกอีสาน,3,150,450
ส้มตำ,5,74,370
ข้าวเหนียว,3,111,333
หมูยอ,5,133,665
น้ำตกหมู,3,109,327
แกงอ่อม,5,86,430
ข้าวเหนียว,5,110,550
น้ำตกหมู,4,32,128
ไส้กรอกอีสาน,2,115,230
ก้อยปลา,3,62,186
ลาบหมู,5,138,690
หมกหน่อไม้,3,67,201
ตำปู,2,103,206
ข้าวจี่,2,50,100
แกงอ่อม,4,97,388
แกงอ่อม,3,83,249
ตำปู,5,145,725
ลาบหมู,3,137,411
แหนม,4,41,164
ลาบหมู,1,80,80
ตำปู,5,98,490
ซุปหน่อไม้,4,54,216
ข้าวจี่,2,48,96
ส้มตำ,4,112,448
ปลาร้าบอง,4,44,176
ตำแตง,3,35,105
แกงอ่อม,5,86,430
หมกหน่อไม้,2,60,120
น้ำตกหมู,3,65,195
ปลาร้าบอง,5,31,155
หมูยอ,5,64,320
ไส้กรอกอีสาน,4,123,492
ปลาดุกย่าง,5,114,570
ข้าวจี่,3,111,333
ไก่ย่าง,2,97,194
แกงอ่อม,4,57,228
ตำไทย,2,83,166
ต้มแซ่บ,3,144,432
ไส้กรอกอีสาน,4,69,276
ข้าวเหนียว,5,80,400
ซุปหน่อไม้,1,86,86
ตำแตง,4,61,244
แจ่วบอง,5,118,590
แจ่วบอง,4,37,148
ตำปู,5,121,605
ไส้กรอกอีสาน,3,55,165
ซุปหน่อไม้,5,81,405
ข้าวจี่,5,41,205
ต้มแซ่บ,5,90,450
ข้าวจี่,5,137,685
ก้อยปลา,2,127,254
ซุปหน่อไม้,3,118,354
ปลาดุกย่าง,3,100,300
ส้มตำ,4,74,296
ส้มตำ,4,114,456
หมกหน่อไม้,1,137,137
ตำไทย,2,91,182
ข้าวเหนียว,2,86,172
ตำแตง,1,130,130
น้ำตกหมู,4,80,320
ก้อยปลา,2,133,266
หมกหน่อไม้,1,31,31
ไส้กรอกอีสาน,5,132,660
ปลาดุกย่าง,4,117,468
ตำปู,4,134,536
ข้าวจี่,3,107,321
หมูยอ,4,114,456
แจ่วบอง,3,141,423
ตำปู,5,113,565
ไก่ย่าง,2,135,270
ก้อยปลา,4,136,544
น้ำตกหมู,1,127,127
ก้อยปลา,2,150,300
ลาบหมู,1,131,131
ตำไทย,2,125,250
ไส้กรอกอีสาน,1,103,103
ตำแตง,2,100,200
ตำไทย,2,89,178
ไส้กรอกอีสาน,1,149,149
ตำปู,1,126,126
ปลาร้าบอง,3,70,210
แหนม,1,139,139
ปลาดุกย่าง,3,145,435
ตำปู,2,31,62
ลาบหมู,5,124,620
ข้าวจี่,1,145,145
ก้อยปลา,3,95,285
ลาบหมู,4,93,372
น้ำตกหมู,4,31,124
ข้าวจี่,5,115,575
ไก่ย่าง,5,69,345
ก้อยปลา,5,52,260
ตำปู,3,82,246
แหนม,5,63,315
ไส้กรอกอีสาน,1,114,114
หมูยอ,5,70,350
ลาบหมู,1,117,117
ไก่ย่าง,5,92,460
หมูยอ,4,83,332
แกงอ่อม,1,75,75
ซุปหน่อไม้,5,107,535
ก้อยปลา,5,139,695
ต้มแซ่บ,5,62,310
น้ำตกหมู,1,48,48
แหนม,5,44,220
ตำไทย,2,123,246
ปลาดุกย่าง,1,81,81
แหนม,4,43,172
ตำไทย,1,127,127
ก้อยปลา,4,129,516
แกงอ่อม,3,110,330
ข้าวเหนียว,2,89,178
แกงอ่อม,4,103,412
ข้าวเหนียว,1,78,78
หมกหน่อไม้,2,66,132
ตำแตง,3,63,189
ไส้กรอกอีสาน,2,51,102
แกงอ่อม,3,123,369
หมูยอ,2,30,60
แจ่วบอง,2,70,140
แหนม,2,76,152
ซุปหน่อไม้,3,126,378
ข้าวเหนียว,5,104,520
แกงอ่อม,5,42,210
ต้มแซ่บ,4,146,584
ซุปหน่อไม้,5,98,490
ต้มแซ่บ,1,149,149
ปลาร้าบอง,1,77,77
ต้มแซ่บ,1,75,75
ไก่ย่าง,2,110,220
ลาบหมู,1,67,67
แกงอ่อม,2,33,66
ลาบหมู,4,47,188
ปลาดุกย่าง,2,93,186
ลาบหมู,2,94,188
ลาบหมู,2,95,190
แจ่วบอง,5,54,270
ลาบหมู,4,134,536
ต้มแซ่บ,1,116,116
น้ำตกหมู,5,148,740
ซุปหน่อไม้,2,112,224
น้ำตกหมู,3,127,381
น้ำตกหมู,4,112,448
แจ่วบอง,5,75,375
หมกหน่อไม้,4,73,292
แจ่วบอง,5,66,330
ปลาร้าบอง,3,55,165
ข้าวเหนียว,1,102,102
ปลาดุกย่าง,3,130,390
ปลาดุกย่าง,5,70,350
หมูยอ,3,91,273
ข้าวเหนียว,1,65,65
ต้มแซ่บ,4,114,456
ซุปหน่อไม้,4,67,268
ปลาดุกย่าง,5,92,460
แหนม,1,88,88
ตำแตง,3,86,258
แหนม,4,100,400
ซุปหน่อไม้,1,66,66
ซุปหน่อไม้,2,59,118
ตำปู,5,78,390
ตำแตง,1,88,88
ตำปู,4,43,172
ข้าวเหนียว,1,117,117
หมกหน่อไม้,3,138,414
แหนม,2,49,98
ข้าวเหนียว,5,130,650
ลาบหมู,1,121,121
ข้าวจี่,1,44,44
ตำแตง,2,58,116
ตำไทย,4,58,232
แกงอ่อม,3,62,186
ลาบหมู,5,64,320
ไก่ย่าง,2,106,212
ตำแตง,4,103,412
ต้มแซ่บ,1,117,117
ปลาดุกย่าง,3,106,318
ปลาดุกย่าง,2,67,134
ปลาดุกย่าง,5,148,740
ปลาร้าบอง,3,32,96
ไส้กรอกอีสาน,4,73,292
ซุปหน่อไม้,4,117,468
ต้มแซ่บ,5,85,425
ซุปหน่อไม้,2,150,300
ลาบหมู,5,57,285
ข้าวจี่,4,47,188
แจ่วบอง,3,31,93
หมกหน่อไม้,1,133,133
ปลาดุกย่าง,5,85,425
น้ำตกหมู,1,74,74
ต้มแซ่บ,5,30,150
ปลาร้าบอง,3,60,180
ตำไทย,1,60,60
หมูยอ,5,82,410
แจ่วบอง,2,147,294
หมกหน่อไม้,1,82,82
ไส้กรอกอีสาน,4,136,544
ตำไทย,1,36,36
ตำไทย,2,51,102
แจ่วบอง,4,113,452
ไก่ย่าง,3,44,132
ก้อยปลา,4,125,500
ข้าวเหนียว,4,102,408
ซุปหน่อไม้,1,122,122
ลาบหมู,3,73,219
ไส้กรอกอีสาน,1,59,59
ไส้กรอกอีสาน,3,129,387
ลาบหมู,4,75,300
หมูยอ,5,103,515
ไส้กรอกอีสาน,2,75,150
ข้าวจี่,1,45,45
ตำปู,1,31,31
ตำปู,4,143,572
ตำไทย,2,124,248
น้ำตกหมู,5,58,290
ซุปหน่อไม้,4,34,136
ก้อยปลา,1,64,64
ลาบหมู,4,54,216
ปลาดุกย่าง,5,50,250
แกงอ่อม,1,75,75
ข้าวเหนียว,2,104,208
ปลาร้าบอง,2,139,278
ปลาดุกย่าง,2,35,70
ตำแตง,2,97,194
ปลาดุกย่าง,2,66,132
แจ่วบอง,2,91,182
ก้อยปลา,3,38,114
ต้มแซ่บ,1,30,30
ลาบหมู,3,109,327
ข้าวจี่,3,126,378
แกงอ่อม,5,46,230
ตำปู,5,37,185
น้ำตกหมู,2,63,126
ข้าวเหนียว,4,31,124
หมกหน่อไม้,1,52,52
ไก่ย่าง,5,65,325
ลาบหมู,5,145,725
ตำแตง,5,51,255
น้ำตกหมู,2,96,192
แกงอ่อม,3,114,342
ข้าวเหนียว,3,89,267
ก้อยปลา,3,99,297
หมกหน่อไม้,1,82,82
ตำไทย,3,149,447
แหนม,1,38,38
ก้อยปลา,1,136,136
ปลาร้าบอง,2,84,168
ตำปู,5,44,220
ไก่ย่าง,2,67,134
ตำแตง,4,80,320
ลาบหมู,2,57,114
หมกหน่อไม้,5,55,275
ลาบหมู,1,70,70
แหนม,5,148,740
แกงอ่อม,3,64,192
ซุปหน่อไม้,2,84,168
แกงอ่อม,3,86,258
ไส้กรอกอีสาน,1,75,75
ไส้กรอกอีสาน,1,101,101
หมูยอ,4,79,316
ลาบหมู,5,68,340
แหนม,3,130,390
น้ำตกหมู,5,85,425
แกงอ่อม,1,135,135
ก้อยปลา,4,58,232
ข้าวจี่,2,140,280
แจ่วบอง,4,143,572
ซุปหน่อไม้,1,55,55
แจ่วบอง,2,79,158
ปลาดุกย่าง,2,39,78
ปลาดุกย่าง,4,139,556
หมกหน่อไม้,2,50,100
หมกหน่อไม้,3,89,267
ก้อยปลา,5,149,745
ปลาดุกย่าง,2,30,60
หมกหน่อไม้,4,86,344
หมูยอ,2,138,276
แจ่วบอง,5,52,260
แหนม,2,135,270
ข้าวจี่,1,67,67
ก้อยปลา,1,90,90
หมกหน่อไม้,2,73,146
ลาบหมู,3,106,318
ก้อยปลา,1,74,74
แกงอ่อม,1,39,39
ลาบหมู,2,124,248
แหนม,4,35,140
ก้อยปลา,5,124,620
ลาบหมู,4,80,320
ไส้กรอกอีสาน,5,56,280
ต้มแซ่บ,5,103,515
ไส้กรอกอีสาน,4,99,396
แหนม,2,135,270
แหนม,4,79,316
ซุปหน่อไม้,1,115,115
ข้าวจี่,4,139,556
หมูยอ,1,61,61
แหนม,1,30,30
ไก่ย่าง,4,140,560
ตำปู,2,80,160
ไก่ย่าง,1,32,32
ต้มแซ่บ,2,43,86
ต้มแซ่บ,1,31,31
แจ่วบอง,4,136,544
ตำปู,1,74,74
ส้มตำ,5,101,505
หมูยอ,4,95,380
ซุปหน่อไม้,2,73,146
ปลาดุกย่าง,2,101,202
ไส้กรอกอีสาน,2,69,138
น้ำตกหมู,5,58,290
หมูยอ,1,113,113
ต้มแซ่บ,4,143,572
ปลาร้าบอง,3,129,387
ข้าวเหนียว,2,108,216
น้ำตกหมู,1,118,118
ก้อยปลา,1,60,60
ต้มแซ่บ,1,105,105
แจ่วบอง,4,96,384
ตำปู,3,145,435
ส้มตำ,1,83,83
ปลาดุกย่าง,4,34,136
แหนม,3,95,285
หมกหน่อไม้,4,35,140
ก้อยปลา,2,142,284
แกงอ่อม,3,101,303
ปลาร้าบอง,2,33,66
ลาบหมู,5,57,285
ไส้กรอกอีสาน,2,131,262
ตำไทย,1,58,58
ไก่ย่าง,1,130,130
ซุปหน่อไม้,1,88,88
ตำปู,3,114,342
ตำแตง,5,143,715
ส้มตำ,2,87,174
ไก่ย่าง,4,72,288
ข้าวเหนียว,1,102,102
ตำแตง,2,75,150
ตำแตง,3,101,303
ลาบหมู,2,139,278
ข้าวจี่,3,49,147
ไส้กรอกอีสาน,1,118,118
ข้าวเหนียว,2,41,82
ต้มแซ่บ,5,61,305
ก้อยปลา,1,124,124
ข้าวเหนียว,4,96,384
ไส้กรอกอีสาน,5,81,405
ต้มแซ่บ,3,139,417
ปลาดุกย่าง,1,103,103
ซุปหน่อไม้,5,143,715
ข้าวเหนียว,4,122,488
ส้มตำ,1,131,131
ก้อยปลา,3,133,399
แหนม,5,59,295
ลาบหมู,5,61,305
ส้มตำ,5,146,730
น้ำตกหมู,3,112,336
ไก่ย่าง,3,120,360
หมกหน่อไม้,4,88,352
ข้าวเหนียว,2,103,206
ต้มแซ่บ,2,40,80
ไก่ย่าง,4,147,588
แจ่วบอง,3,103,309
ข้าวเหนียว,1,75,75
ไส้กรอกอีสาน,3,48,144
แกงอ่อม,5,111,555
ไก่ย่าง,2,36,72
แกงอ่อม,2,39,78
ลาบหมู,2,30,60
น้ำตกหมู,4,106,424
ต้มแซ่บ,5,117,585
ก้อยปลา,4,38,152
หมกหน่อไม้,3,45,135
แหนม,3,50,150
น้ำตกหมู,4,34,136
ลาบหมู,5,76,380
ข้าวเหนียว,4,48,192
ต้มแซ่บ,3,32,96
ลาบหมู,4,144,576
หมกหน่อไม้,4,58,232
ลาบหมู,2,144,288
ต้มแซ่บ,1,41,41
ส้มตำ,3,45,135
ข้าวเหนียว,1,124,124
ข้าวจี่,5,49,245
น้ำตกหมู,2,53,106
ข้าวเหนียว,4,131,524
แจ่วบอง,4,105,420
ไก่ย่าง,2,89,178
ไก่ย่าง,2,123,246
แจ่วบอง,3,108,324
ไก่ย่าง,1,33,33
แกงอ่อม,1,101,101
ปลาดุกย่าง,4,125,500
ส้มตำ,4,56,224
หมกหน่อไม้,1,37,37
ตำไทย,2,112,224
ก้อยปลา,4,139,556
ต้มแซ่บ,2,52,104
แหนม,1,45,45
ต้มแซ่บ,2,105,210
แกงอ่อม,1,43,43
ซุปหน่อไม้,4,142,568
ปลาดุกย่าง,3,149,447
ปลาร้าบอง,5,84,420
ไส้กรอกอีสาน,4,108,432
ตำแตง,2,66,132
หมกหน่อไม้,3,123,369
แหนม,3,103,309
แกงอ่อม,3,65,195
ก้อยปลา,5,42,210
ลาบหมู,5,76,380
ไก่ย่าง,1,138,138
ลาบหมู,3,36,108
ข้าวเหนียว,4,146,584
แจ่วบอง,4,82,328
ตำแตง,4,101,404
ตำปู,1,105,105
น้ำตกหมู,5,115,575
ซุปหน่อไม้,1,48,48
ซุปหน่อไม้,2,97,194
ปลาร้าบอง,5,129,645
ไส้กรอกอีสาน,2,102,204
ซุปหน่อไม้,5,138,690
ไส้กรอกอีสาน,3,127,381
หมกหน่อไม้,1,58,58
ตำไทย,4,150,600
ตำปู,4,73,292
ข้าวจี่,2,95,190
ปลาดุกย่าง,2,63,126
ไก่ย่าง,1,137,137
ซุปหน่อไม้,1,107,107
แกงอ่อม,1,124,124
แหนม,3,39,117
ต้มแซ่บ,1,103,103
หมูยอ,2,137,274
ปลาร้าบอง,4,145,580
ข้าวจี่,1,118,118
ต้มแซ่บ,3,93,279
หมกหน่อไม้,2,126,252
หมูยอ,1,41,41
ปลาดุกย่าง,2,83,166
ต้มแซ่บ,4,79,316
ตำปู,3,126,378
ซุปหน่อไม้,2,121,242
ลาบหมู,3,130,390
ไก่ย่าง,4,32,128
ไก่ย่าง,5,94,470
ส้มตำ,5,113,565
ต้มแซ่บ,4,133,532
ส้มตำ,2,92,184
ข้าวเหนียว,5,70,350
ลาบหมู,4,85,340
ซุปหน่อไม้,1,79,79
ปลาร้าบอง,2,50,100
ไก่ย่าง,3,94,282
แหนม,1,89,89
หมูยอ,5,53,265
ก้อยปลา,4,107,428
ปลาร้าบอง,5,76,380
ข้าวจี่,1,111,111
ไส้กรอกอีสาน,3,63,189
ข้าวเหนียว,5,67,335
ปลาร้าบอง,5,126,630
หมกหน่อไม้,2,53,106
ไก่ย่าง,1,31,31
ส้มตำ,5,34,170
ต้มแซ่บ,4,74,296
ข้าวเหนียว,1,122,122
ตำปู,2,68,136
ส้มตำ,2,33,66
ข้าวเหนียว,4,77,308
แจ่วบอง,4,98,392
แกงอ่อม,1,85,85
ปลาดุกย่าง,3,117,351
ปลาดุกย่าง,3,142,426
แหนม,2,127,254
ข้าวจี่,1,85,85
ไส้กรอกอีสาน,1,123,123
แหนม,5,44,220
ส้มตำ,5,103,515
แจ่วบอง,2,78,156
ตำแตง,5,46,230
ปลาดุกย่าง,3,147,441
ไก่ย่าง,5,108,540
ข้าวจี่,5,119,595
น้ำตกหมู,5,99,495
หมกหน่อไม้,2,135,270
ตำไทย,3,130,390
ปลาดุกย่าง,1,57,57
ข้าวจี่,5,61,305
ตำไทย,5,42,210
ตำปู,3,54,162
ข้าวเหนียว,1,110,110
ปลาดุกย่าง,4,147,588
ไส้กรอกอีสาน,3,80,240
ก้อยปลา,4,74,296
ตำแตง,2,35,70
ข้าวจี่,4,35,140
ข้าวเหนียว,3,105,315
ปลาดุกย่าง,5,99,495
หมกหน่อไม้,4,80,320
น้ำตกหมู,4,98,392
หมูยอ,5,131,655
ตำไทย,2,66,132
ซุปหน่อไม้,5,135,675
ตำแตง,1,56,56
น้ำตกหมู,1,76,76
ต้มแซ่บ,1,92,92
ข้าวจี่,3,43,129
ต้มแซ่บ,4,137,548
ปลาดุกย่าง,4,128,512
ส้มตำ,5,82,410
หมกหน่อไม้,2,131,262
ข้าวเหนียว,5,148,740
ก้อยปลา,5,34,170
ต้มแซ่บ,1,132,132
น้ำตกหมู,2,128,256
ก้อยปลา,1,41,41
ตำปู,3,146,438
หมูยอ,5,104,520
ปลาร้าบอง,1,100,100
ส้มตำ,2,118,236
ซุปหน่อไม้,3,55,165
ปลาร้าบอง,5,32,160
ตำแตง,1,132,132
หมกหน่อไม้,3,121,363
น้ำตกหมู,3,125,375
น้ำตกหมู,2,118,236
ไก่ย่าง,5,84,420
หมูยอ,4,101,404
ไส้กรอกอีสาน,5,99,495
หมูยอ,5,60,300
น้ำตกหมู,3,44,132
แกงอ่อม,3,120,360
หมกหน่อไม้,4,64,256
น้ำตกหมู,5,96,480
ซุปหน่อไม้,1,50,50
น้ำตกหมู,5,93,465
ก้อยปลา,2,114,228
แกงอ่อม,2,146,292
ก้อยปลา,5,99,495
ซุปหน่อไม้,4,63,252
ไก่ย่าง,4,100,400
น้ำตกหมู,3,112,336
แหนม,3,150,450
ข้าวเหนียว,5,56,280
ซุปหน่อไม้,2,99,198
ตำปู,2,71,142
ข้าวจี่,4,109,436
หมูยอ,1,82,82
ต้มแซ่บ,1,107,107
ลาบหมู,5,110,550
ข้าวเหนียว,2,57,114
ปลาดุกย่าง,3,114,342
ปลาดุกย่าง,5,99,495
ตำปู,1,53,53
แหนม,4,39,156
ข้าวเหนียว,1,146,146
ซุปหน่อไม้,5,81,405
ซุปหน่อไม้,4,128,512
แหนม,4,96,384
ตำไทย,3,83,249
ปลาร้าบอง,3,123,369
ข้าวเหนียว,2,94,188
หมกหน่อไม้,1,100,100
ตำแตง,1,110,110
แหนม,4,138,552
ไก่ย่าง,2,129,258
แจ่วบอง,3,62,186
ตำปู,3,81,243
ต้มแซ่บ,4,53,212
ไก่ย่าง,1,67,67
ปลาดุกย่าง,5,129,645
ต้มแซ่บ,1,33,33
ข้าวเหนียว,3,44,132
ต้มแซ่บ,1,121,121
ไส้กรอกอีสาน,1,64,64
น้ำตกหมู,2,39,78
น้ำตกหมู,4,82,328
ก้อยปลา,4,74,296
ก้อยปลา,3,138,414
ไส้กรอกอีสาน,3,54,162
ลาบหมู,5,147,735
ปลาดุกย่าง,5,119,595
น้ำตกหมู,2,121,242
หมกหน่อไม้,4,144,576
ก้อยปลา,1,149,149
ตำแตง,2,91,182
ลาบหมู,5,113,565
น้ำตกหมู,1,106,106
แจ่วบอง,1,84,84
น้ำตกหมู,5,102,510
ข้าวเหนียว,5,127,635
ข้าวเหนียว,4,105,420
ซุปหน่อไม้,1,62,62
ตำแตง,3,59,177
หมูยอ,3,136,408
ข้าวเหนียว,4,102,408
ปลาดุกย่าง,2,111,222
ก้อยปลา,4,100,400
ปลาร้าบอง,5,127,635
ตำไทย,4,111,444
ต้มแซ่บ,3,95,285
หมูยอ,1,136,136
แหนม,3,74,222
ก้อยปลา,5,52,260
ซุปหน่อไม้,5,120,600
ก้อยปลา,3,82,246
ลาบหมู,5,132,660
ข้าวจี่,4,60,240
หมูยอ,1,141,141
ตำปู,3,89,267
หมูยอ,3,112,336
หมูยอ,3,141,423
ซุปหน่อไม้,5,144,720
ตำไทย,1,142,142
หมูยอ,4,123,492
ข้าวจี่,3,40,120
ส้มตำ,4,96,384
ลาบหมู,5,45,225
ตำไทย,3,141,423
ไก่ย่าง,3,150,450
หมกหน่อไม้,2,50,100
แกงอ่อม,3,59,177
ตำปู,3,58,174
แหนม,2,79,158
ตำไทย,1,71,71
แหนม,2,90,180
ส้มตำ,5,91,455
แจ่วบอง,5,144,720
ส้มตำ,2,42,84
ข้าวจี่,4,121,484
ปลาดุกย่าง,2,58,116
ตำปู,1,121,121
หมูยอ,3,127,381
ปลาร้าบอง,2,145,290
แจ่วบอง,5,121,605
ปลาร้าบอง,5,119,595
น้ำตกหมู,4,136,544
หมกหน่อไม้,1,114,114
ต้มแซ่บ,5,126,630
หมกหน่อไม้,2,117,234
หมูยอ,2,139,278
ตำปู,4,71,284
ก้อยปลา,1,128,128
แจ่วบอง,4,139,556
แหนม,5,71,355
ปลาดุกย่าง,1,122,122
ไก่ย่าง,2,55,110
ตำปู,5,30,150
ตำปู,4,98,392
ไก่ย่าง,3,127,381
ตำแตง,4,58,232
ตำปู,3,147,441
ปลาร้าบอง,2,116,232
ตำปู,5,112,560
ตำแตง,2,72,144
หมกหน่อไม้,5,120,600
แหนม,2,31,62
แหนม,3,95,285
ต้มแซ่บ,1,89,89
ตำปู,4,140,560
แกงอ่อม,3,133,399
ไก่ย่าง,1,43,43
แจ่วบอง,1,34,34
ข้าวจี่,5,107,535
ก้อยปลา,3,105,315
แหนม,2,139,278
ตำปู,5,31,155
ข้าวจี่,1,47,47
ไก่ย่าง,3,65,195
น้ำตกหมู,2,134,268
ตำไทย,3,110,330
ส้มตำ,4,66,264
ตำแตง,5,137,685
ไก่ย่าง,2,62,124
ตำปู,4,98,392
แจ่วบอง,2,55,110
หมูยอ,4,43,172
ตำแตง,2,103,206
ส้มตำ,5,120,600
หมกหน่อไม้,4,90,360
ข้าวเหนียว,2,58,116
ต้มแซ่บ,2,91,182
ก้อยปลา,4,49,196
ซุปหน่อไม้,2,60,120
ซุปหน่อไม้,4,70,280
ข้าวเหนียว,5,121,605
ซุปหน่อไม้,1,31,31
ก้อยปลา,4,66,264
ก้อยปลา,2,138,276
ตำแตง,1,91,91
ตำไทย,3,50,150
ตำแตง,3,71,213
หมกหน่อไม้,1,43,43
หมกหน่อไม้,2,55,110
ข้าวเหนียว,1,134,134
น้ำตกหมู,5,133,665
ปลาร้าบอง,4,116,464
ข้าวเหนียว,1,56,56
น้ำตกหมู,2,109,218
ข้าวจี่,3,72,216
ไก่ย่าง,5,32,160
ซุปหน่อไม้,5,66,330
ไส้กรอกอีสาน,2,84,168
แหนม,2,105,210
แหนม,5,38,190
ก้อยปลา,2,132,264
แกงอ่อม,4,34,136
ตำไทย,4,30,120
ตำปู,3,128,384
ส้มตำ,1,88,88
ข้าวจี่,4,83,332
ข้าวจี่,2,127,254
ก้อยปลา,5,79,395
แกงอ่อม,1,96,96
ตำปู,4,37,148
ข้าวจี่,1,139,139
ตำแตง,5,143,715
แกงอ่อม,2,97,194
ตำไทย,1,35,35
แกงอ่อม,5,134,670
ก้อยปลา,1,136,136
ก้อยปลา,5,39,195
ซุปหน่อไม้,3,95,285
ปลาดุกย่าง,4,64,256
ส้มตำ,5,111,555
ข้าวเหนียว,3,66,198
ตำแตง,1,48,48
ตำปู,3,120,360
ตำแตง,1,32,32
ซุปหน่อไม้,1,30,30
ซุปหน่อไม้,2,67,134
ข้าวจี่,1,46,46
น้ำตกหมู,3,71,213
หมูยอ,5,136,680
ปลาร้าบอง,3,112,336
ไส้กรอกอีสาน,3,50,150
ตำไทย,2,105,210
ปลาร้าบอง,5,66,330
น้ำตกหมู,4,90,360
น้ำตกหมู,2,45,90
แหนม,3,101,303
ลาบหมู,3,74,222
ตำปู,4,105,420
ข้าวเหนียว,3,77,231
ตำแตง,2,105,210
ปลาดุกย่าง,2,127,254
ตำปู,3,127,381
ก้อยปลา,1,38,38
ไส้กรอกอีสาน,1,114,114
ปลาร้าบอง,4,77,308
ตำแตง,3,129,387
ซุปหน่อไม้,5,104,520
ไก่ย่าง,3,149,447
ตำไทย,2,104,208
ส้มตำ,5,142,710
ข้าวจี่,1,89,89
ซุปหน่อไม้,5,42,210
แหนม,5,56,280
ซุปหน่อไม้,2,35,70
ซุปหน่อไม้,5,44,220
ข้าวจี่,2,101,202
แหนม,2,61,122
ปลาดุกย่าง,4,126,504
ต้มแซ่บ,5,120,600
หมูยอ,5,147,735
หมูยอ,4,83,332
ส้มตำ,5,84,420
ปลาดุกย่าง,4,107,428
หมกหน่อไม้,5,30,150
ต้มแซ่บ,1,119,119
ข้าวจี่,5,96,480
หมูยอ,4,75,300
ปลาร้าบอง,4,136,544
ซุปหน่อไม้,5,51,255
ตำไทย,3,91,273
ก้อยปลา,4,66,264
ตำไทย,5,141,705
ตำไทย,3,114,342
หมูยอ,4,33,132
ต้มแซ่บ,3,106,318
แจ่วบอง,1,38,38
ปลาร้าบอง,1,44,44
ไส้กรอกอีสาน,1,98,98
หมูยอ,4,103,412
ก้อยปลา,1,73,73
ต้มแซ่บ,5,62,310
ข้าวเหนียว,2,36,72
ไก่ย่าง,1,119,119
ซุปหน่อไม้,5,62,310
ปลาร้าบอง,2,87,174
ต้มแซ่บ,1,44,44
ตำแตง,5,75,375
ตำปู,3,100,300
ตำไทย,3,104,312
ข้าวจี่,2,30,60
ตำไทย,1,122,122
ข้าวเหนียว,4,33,132
หมูยอ,5,149,745
หมกหน่อไม้,1,59,59
ไก่ย่าง,5,47,235
แกงอ่อม,2,94,188
ปลาดุกย่าง,2,88,176
ตำไทย,5,134,670
ลาบหมู,4,128,512
ไส้กรอกอีสาน,3,62,186
แกงอ่อม,1,54,54
แกงอ่อม,2,101,202
ตำปู,2,143,286
แกงอ่อม,1,94,94
ตำไทย,2,101,202
ซุปหน่อไม้,3,71,213
ต้มแซ่บ,4,76,304
หมกหน่อไม้,3,55,165
ส้มตำ,4,60,240
ลาบหมู,1,44,44
ตำไทย,3,49,147
ข้าวจี่,3,123,369
ข้าวเหนียว,2,119,238
ส้มตำ,5,64,320
แกงอ่อม,1,132,132
น้ำตกหมู,3,89,267
ไก่ย่าง,4,32,128
ปลาร้าบอง,5,119,595
ข้าวเหนียว,3,40,120
แหนม,1,147,147
หมูยอ,1,55,55
ซุปหน่อไม้,5,60,300
ก้อยปลา,5,54,270
ปลาร้าบอง,1,49,49
หมูยอ,1,124,124
ข้าวเหนียว,1,66,66
หมูยอ,5,87,435
ข้าวเหนียว,2,89,178
ไส้กรอกอีสาน,5,56,280
ข้าวจี่,2,99,198
ลาบหมู,5,108,540
ตำไทย,2,127,254
ซุปหน่อไม้,3,84,252
ตำแตง,5,119,595
ตำปู,1,100,100
ปลาร้าบอง,3,132,396
ลาบหมู,4,50,200
ตำแตง,3,106,318
ตำไทย,5,139,695
ข้าวจี่,2,86,172
ส้มตำ,5,50,250
ตำแตง,5,66,330
ซุปหน่อไม้,3,95,285
ต้มแซ่บ,5,111,555
ปลาดุกย่าง,5,74,370
ไก่ย่าง,4,83,332
ไส้กรอกอีสาน,5,104,520
ซุปหน่อไม้,2,111,222
ไก่ย่าง,4,88,352
ไส้กรอกอีสาน,1,69,69
ปลาดุกย่าง,2,100,200
ลาบหมู,2,110,220
ลาบหมู,1,72,72
ก้อยปลา,5,142,710
หมกหน่อไม้,2,149,298
ไก่ย่าง,5,140,700
ปลาดุกย่าง,2,125,250
ต้มแซ่บ,3,102,306
ไก่ย่าง,1,54,54
แกงอ่อม,3,79,237
แกงอ่อม,2,36,72
ซุปหน่อไม้,3,49,147
แกงอ่อม,3,88,264
แกงอ่อม,4,82,328
ข้าวจี่,1,146,146
แจ่วบอง,5,36,180
แกงอ่อม,2,40,80
หมูยอ,4,48,192
ต้มแซ่บ,5,35,175
หมูยอ,5,36,180
ลาบหมู,4,37,148
ต้มแซ่บ,5,61,305
ปลาร้าบอง,2,55,110
ลาบหมู,3,63,189
ไส้กรอกอีสาน,3,109,327
แจ่วบอง,4,117,468
ข้าวเหนียว,2,143,286
ไก่ย่าง,4,103,412
ส้มตำ,5,108,540
แหนม,4,121,484
ต้มแซ่บ,4,35,140
ตำปู,2,52,104
หมกหน่อไม้,1,35,35
ตำไทย,4,67,268
แกงอ่อม,5,69,345
ตำไทย,1,33,33
ปลาร้าบอง,1,70,70
แจ่วบอง,5,34,170
ข้าวจี่,2,112,224
ข้าวจี่,4,89,356
ไก่ย่าง,2,94,188
ตำปู,1,107,107
ก้อยปลา,3,48,144
ซุปหน่อไม้,2,141,282
ปลาร้าบอง,5,30,150
ซุปหน่อไม้,4,89,356
หมกหน่อไม้,5,135,675
แกงอ่อม,2,134,268
น้ำตกหมู,5,116,580
หมูยอ,5,127,635
ส้มตำ,3,102,306
ไก่ย่าง,3,123,369
น้ำตกหมู,4,68,272
ต้มแซ่บ,2,92,184
ตำไทย,5,89,445
ปลาดุกย่าง,2,53,106
ก้อยปลา,5,61,305
ไก่ย่าง,3,117,351
ปลาดุกย่าง,3,98,294
ตำแตง,1,46,46
ตำปู,5,72,360
ลาบหมู,1,120,120
ตำปู,1,49,49
ต้มแซ่บ,3,129,387
ตำไทย,1,69,69
ปลาร้าบอง,3,62,186
ข้าวจี่,5,144,720
แหนม,5,107,535
น้ำตกหมู,2,45,90
ตำปู,4,89,356
หมกหน่อไม้,2,93,186
ส้มตำ,4,149,596
ไก่ย่าง,2,104,208
ไก่ย่าง,1,41,41
ตำแตง,1,108,108
ไก่ย่าง,2,118,236
ตำไทย,4,90,360
ตำแตง,4,70,280
แกงอ่อม,4,117,468
ข้าวจี่,1,139,139
ปลาร้าบอง,5,112,560
ต้มแซ่บ,4,149,596
ตำไทย,4,80,320
ไส้กรอกอีสาน,1,75,75
ข้าวจี่,4,77,308
ข้าวจี่,2,37,74
แจ่วบอง,2,89,178
ตำไทย,3,37,111
แกงอ่อม,5,144,720
ปลาดุกย่าง,1,91,91
ปลาร้าบอง,4,113,452
ตำปู,3,80,240
ส้มตำ,3,146,438
ตำไทย,2,128,256
ตำไทย,1,83,83
ไส้กรอกอีสาน,3,107,321
หมกหน่อไม้,5,33,165
แกงอ่อม,1,75,75
แจ่วบอง,2,59,118
ซุปหน่อไม้,3,37,111
หมกหน่อไม้,4,90,360
น้ำตกหมู,2,127,254
ปลาร้าบอง,4,59,236
ก้อยปลา,4,93,372
ไก่ย่าง,5,88,440
ก้อยปลา,2,117,234
ข้าวเหนียว,4,144,576
ก้อยปลา,5,86,430
ตำไทย,5,118,590
แกงอ่อม,1,148,148
ซุปหน่อไม้,5,107,535
ส้มตำ,2,36,72
ต้มแซ่บ,4,70,280
ไก่ย่าง,4,46,184
ไส้กรอกอีสาน,1,112,112
ซุปหน่อไม้,1,91,91
หมกหน่อไม้,4,57,228
แกงอ่อม,5,84,420
ตำปู,1,92,92
ข้าวจี่,1,98,98
หมูยอ,2,72,144
ก้อยปลา,2,88,176
ปลาร้าบอง,1,43,43
ปลาร้าบอง,3,84,252
ตำแตง,4,90,360
หมกหน่อไม้,1,111,111
ซุปหน่อไม้,2,38,76
น้ำตกหมู,1,55,55
ตำไทย,4,149,596
แกงอ่อม,2,72,144
ข้าวเหนียว,3,32,96
ปลาร้าบอง,5,141,705
ปลาดุกย่าง,4,48,192
ไส้กรอกอีสาน,4,100,400
ตำแตง,1,48,48
น้ำตกหมู,2,128,256
ไก่ย่าง,1,30,30
หมกหน่อไม้,2,120,240
หมูยอ,1,51,51
น้ำตกหมู,3,147,441
ปลาร้าบอง,5,74,370
ก้อยปลา,2,53,106
ต้มแซ่บ,2,73,146
หมกหน่อไม้,4,103,412
ปลาร้าบอง,5,89,445
ไก่ย่าง,1,118,118
หมูยอ,5,88,440
ไส้กรอกอีสาน,4,81,324
แกงอ่อม,4,42,168
ไก่ย่าง,3,72,216
ซุปหน่อไม้,5,120,600
ส้มตำ,1,94,94
หมูยอ,3,124,372
ลาบหมู,5,144,720
ก้อยปลา,2,113,226
ตำแตง,2,45,90
ปลาดุกย่าง,3,76,228
ข้าวจี่,2,90,180
ไส้กรอกอีสาน,5,145,725
ข้าวจี่,4,99,396
หมกหน่อไม้,3,61,183
ปลาร้าบอง,5,72,360
ลาบหมู,3,70,210
ส้มตำ,4,64,256
ข้าวเหนียว,4,104,416
แจ่วบอง,1,149,149
ซุปหน่อไม้,3,75,225
แจ่วบอง,2,109,218
ส้มตำ,5,60,300
ต้มแซ่บ,4,44,176
ต้มแซ่บ,5,55,275
ปลาดุกย่าง,3,146,438
ข้าวจี่,3,104,312
ข้าวเหนียว,2,35,70
หมกหน่อไม้,3,42,126
ข้าวจี่,4,143,572
ตำแตง,3,57,171
ไก่ย่าง,4,140,560
ส้มตำ,4,35,140
ซุปหน่อไม้,4,139,556
น้ำตกหมู,1,132,132
ต้มแซ่บ,1,79,79
แกงอ่อม,2,126,252
ข้าวเหนียว,2,134,268
ก้อยปลา,3,150,450
ตำไทย,3,59,177
หมูยอ,3,140,420
ซุปหน่อไม้,4,72,288
ตำไทย,4,55,220
น้ำตกหมู,4,68,272
ตำไทย,1,41,41
ลาบหมู,5,71,355
ตำไทย,4,131,524
ซุปหน่อไม้,2,117,234
ตำไทย,2,89,178
ข้าวเหนียว,2,130,260
ต้มแซ่บ,1,36,36
ปลาดุกย่าง,4,75,300
ตำไทย,2,130,260
ก้อยปลา,3,91,273
ปลาดุกย่าง,2,39,78
ก้อยปลา,4,91,364
แจ่วบอง,4,112,448
ตำแตง,1,103,103
แกงอ่อม,2,50,100
ลาบหมู,1,130,130
แหนม,2,99,198
ตำปู,3,143,429
ลาบหมู,5,102,510
ตำปู,4,122,488
ไก่ย่าง,3,138,414
หมกหน่อไม้,3,136,408
ไก่ย่าง,3,118,354
หมกหน่อไม้,4,58,232
ไก่ย่าง,2,38,76
ลาบหมู,2,124,248
ลาบหมู,1,40,40
ไส้กรอกอีสาน,1,142,142
หมูยอ,3,148,444
ส้มตำ,3,111,333
ไส้กรอกอีสาน,3,48,144
ไก่ย่าง,5,54,270
ลาบหมู,1,38,38
ซุปหน่อไม้,4,31,124
ข้าวจี่,4,119,476
ตำแตง,1,139,139
ตำไทย,3,123,369
ข้าวจี่,3,95,285
ปลาร้าบอง,3,100,300
ลาบหมู,1,31,31
ข้าวจี่,1,132,132
ต้มแซ่บ,3,67,201
ไก่ย่าง,5,66,330
ต้มแซ่บ,1,78,78
ตำไทย,1,30,30
ซุปหน่อไม้,5,99,495
หมูยอ,2,82,164
ส้มตำ,3,119,357
ลาบหมู,4,95,380
ปลาร้าบอง,3,68,204
แกงอ่อม,5,111,555
ซุปหน่อไม้,5,31,155
ตำปู,1,89,89
ปลาดุกย่าง,2,136,272
ตำปู,4,134,536
ตำแตง,1,86,86
ส้มตำ,5,97,485
ตำปู,5,56,280
ตำแตง,5,121,605
ไก่ย่าง,1,120,120
ไส้กรอกอีสาน,3,109,327
หมกหน่อไม้,5,107,535
แกงอ่อม,4,106,424
หมูยอ,4,144,576
ลาบหมู,1,147,147
ปลาดุกย่าง,5,114,570
น้ำตกหมู,2,113,226
ไก่ย่าง,5,51,255
หมกหน่อไม้,2,57,114
แกงอ่อม,1,98,98
หมูยอ,5,101,505
ตำปู,4,48,192
ไก่ย่าง,3,105,315
หมูยอ,3,132,396
ไส้กรอกอีสาน,4,53,212
ไก่ย่าง,2,47,94
ก้อยปลา,2,88,176
ลาบหมู,1,48,48
ส้มตำ,4,82,328
แจ่วบอง,1,67,67
ไก่ย่าง,1,76,76
ส้มตำ,5,41,205
ลาบหมู,4,105,420
หมูยอ,1,134,134
แจ่วบอง,2,31,62
ข้าวจี่,3,134,402
ตำปู,4,55,220
ซุปหน่อไม้,5,118,590
ปลาดุกย่าง,4,110,440
หมูยอ,1,76,76
ไส้กรอกอีสาน,5,68,340
ข้าวเหนียว,1,37,37
หมูยอ,2,145,290
แกงอ่อม,2,100,200
ต้มแซ่บ,1,125,125
ไส้กรอกอีสาน,4,51,204
ปลาร้าบอง,1,36,36
ตำปู,2,47,94
แจ่วบอง,2,71,142
ลาบหมู,1,54,54
ลาบหมู,2,63,126
น้ำตกหมู,1,116,116
ข้าวเหนียว,3,141,423
แจ่วบอง,4,69,276
ไก่ย่าง,3,106,318
ลาบหมู,4,31,124
แหนม,1,48,48
ลาบหมู,2,105,210
ตำแตง,3,127,381
ข้าวเหนียว,1,35,35
หมกหน่อไม้,1,64,64
ข้าวจี่,1,47,47
ข้าวเหนียว,3,105,315
ปลาดุกย่าง,1,150,150
ก้อยปลา,3,38,114
หมกหน่อไม้,1,126,126
ไก่ย่าง,4,132,528
ซุปหน่อไม้,5,32,160
ก้อยปลา,3,76,228
ปลาร้าบอง,2,123,246
แกงอ่อม,1,86,86
แกงอ่อม,5,86,430
ลาบหมู,1,107,107
ลาบหมู,2,101,202
แจ่วบอง,5,40,200
น้ำตกหมู,2,41,82
ต้มแซ่บ,5,108,540
ข้าวจี่,5,65,325
แกงอ่อม,3,79,237
ปลาดุกย่าง,5,128,640
ปลาดุกย่าง,2,126,252
ต้มแซ่บ,1,140,140
ส้มตำ,4,49,196
แจ่วบอง,3,110,330
ตำแตง,3,146,438
ซุปหน่อไม้,5,110,550
ข้าวจี่,4,64,256
ลาบหมู,3,145,435
ส้มตำ,3,45,135
แกงอ่อม,4,101,404
ตำแตง,2,60,120
ตำแตง,3,77,231
หมกหน่อไม้,2,51,102
ลาบหมู,5,88,440
น้ำตกหมู,4,52,208
แกงอ่อม,2,134,268
ปลาร้าบอง,1,121,121
ซุปหน่อไม้,4,91,364
ต้มแซ่บ,3,84,252
ตำแตง,5,42,210
ซุปหน่อไม้,5,94,470
ตำไทย,4,99,396
แหนม,2,31,62
ซุปหน่อไม้,5,50,250
ข้าวเหนียว,3,146,438
ข้าวจี่,2,36,72
ซุปหน่อไม้,1,99,99
ซุปหน่อไม้,3,51,153
ส้มตำ,1,117,117
ตำปู,3,107,321
แจ่วบอง,2,39,78
แหนม,1,99,99
ปลาร้าบอง,4,39,156
น้ำตกหมู,1,148,148
น้ำตกหมู,1,132,132
ก้อยปลา,5,86,430
น้ำตกหมู,5,72,360
ก้อยปลา,3,141,423
ข้าวจี่,2,106,212
ข้าวเหนียว,3,55,165
ข้าวเหนียว,4,60,240
ต้มแซ่บ,5,31,155
ซุปหน่อไม้,4,31,124
ปลาร้าบอง,2,84,168
ไส้กรอกอีสาน,4,105,420
ข้าวจี่,3,104,312
ปลาดุกย่าง,1,64,64
ซุปหน่อไม้,3,84,252
ไก่ย่าง,1,33,33
ตำแตง,5,123,615
ตำปู,1,62,62
ลาบหมู,1,107,107
ตำแตง,5,38,190
ตำแตง,3,136,408
ข้าวเหนียว,3,133,399
หมกหน่อไม้,2,102,204
หมกหน่อไม้,3,97,291
ก้อยปลา,5,36,180
ปลาดุกย่าง,2,89,178
ปลาดุกย่าง,3,94,282
ไส้กรอกอีสาน,5,150,750
ปลาดุกย่าง,2,140,280
ไก่ย่าง,1,122,122
ปลาร้าบอง,5,48,240
ต้มแซ่บ,3,100,300
ตำไทย,4,60,240
ส้มตำ,2,52,104
ตำไทย,5,65,325
หมูยอ,2,145,290
แจ่วบอง,4,103,412
ตำไทย,1,92,92
ข้าวเหนียว,1,103,103
ก้อยปลา,5,70,350
ปลาดุกย่าง,4,122,488
ข้าวเหนียว,3,148,444
แจ่วบอง,3,129,387
หมูยอ,3,116,348
ไก่ย่าง,4,91,364
ส้มตำ,2,85,170
ลาบหมู,3,130,390
ลาบหมู,3,102,306
ตำปู,3,60,180
ข้าวจี่,4,114,456
หมูยอ,4,126,504
ไก่ย่าง,1,150,150
ไส้กรอกอีสาน,5,114,570
ปลาดุกย่าง,1,84,84
ข้าวจี่,3,147,441
ไส้กรอกอีสาน,1,47,47
แจ่วบอง,4,65,260
ส้มตำ,5,83,415
ตำไทย,4,82,328
ลาบหมู,2,79,158
ปลาร้าบอง,5,146,730
ไส้กรอกอีสาน,5,124,620
ปลาดุกย่าง,2,125,250
ข้าวเหนียว,3,50,150
ปลาร้าบอง,1,124,124
ข้าวเหนียว,4,114,456
น้ำตกหมู,4,61,244
ซุปหน่อไม้,4,54,216
ตำไทย,5,123,615
ข้าวเหนียว,3,140,420
แจ่วบอง,5,43,215
น้ำตกหมู,2,62,124
ตำไทย,1,36,36
ส้มตำ,2,52,104
ต้มแซ่บ,1,144,144
หมกหน่อไม้,3,90,270
ปลาดุกย่าง,5,99,495
ตำปู,5,101,505
แหนม,3,125,375
ส้มตำ,3,122,366
ไส้กรอกอีสาน,1,61,61
ตำปู,1,86,86
ไก่ย่าง,1,46,46
ปลาดุกย่าง,1,50,50
ซุปหน่อไม้,5,53,265
ข้าวจี่,3,98,294
ตำไทย,2,126,252
ปลาดุกย่าง,1,143,143
ซุปหน่อไม้,2,83,166
ปลาดุกย่าง,5,106,530
หมกหน่อไม้,2,96,192
หมกหน่อไม้,5,86,430
ก้อยปลา,1,113,113
ซุปหน่อไม้,2,85,170
ปลาร้าบอง,1,82,82
ไก่ย่าง,3,55,165
หมกหน่อไม้,2,114,228
ข้าวเหนียว,1,35,35
แหนม,5,34,170
แจ่วบอง,5,139,695
แกงอ่อม,4,146,584
ไส้กรอกอีสาน,4,94,376
ข้าวเหนียว,2,110,220
ต้มแซ่บ,5,63,315
ข้าวเหนียว,1,91,91
หมกหน่อไม้,4,130,520
ก้อยปลา,5,68,340
ตำปู,1,36,36
ตำไทย,4,63,252
แกงอ่อม,5,62,310
ข้าวจี่,3,140,420
ก้อยปลา,1,141,141
น้ำตกหมู,1,37,37
ส้มตำ,2,64,128
ซุปหน่อไม้,3,106,318
ข้าวเหนียว,5,126,630
ตำปู,4,104,416
แหนม,4,137,548
ส้มตำ,5,54,270
ต้มแซ่บ,3,126,378
ซุปหน่อไม้,2,114,228
หมกหน่อไม้,2,85,170
แหนม,5,30,150
ข้าวจี่,4,73,292
หมกหน่อไม้,5,145,725
ตำแตง,5,104,520
ตำแตง,1,138,138
ตำแตง,5,58,290
ตำแตง,1,144,144
ไก่ย่าง,5,45,225
ปลาดุกย่าง,4,78,312
แกงอ่อม,3,72,216
ปลาร้าบอง,5,48,240
หมกหน่อไม้,5,142,710
แกงอ่อม,4,108,432
แจ่วบอง,1,140,140
ตำปู,4,66,264
ซุปหน่อไม้,1,81,81
แหนม,3,60,180
ต้มแซ่บ,1,99,99
ปลาร้าบอง,4,144,576
ตำไทย,3,112,336
หมกหน่อไม้,2,138,276
ตำปู,1,88,88
ลาบหมู,2,131,262
ไก่ย่าง,2,91,182
ปลาดุกย่าง,1,84,84
ไส้กรอกอีสาน,2,43,86
ข้าวจี่,4,133,532
ตำแตง,5,107,535
หมกหน่อไม้,3,81,243
ตำแตง,5,121,605
แจ่วบอง,1,121,121
ตำไทย,2,129,258
ไส้กรอกอีสาน,2,100,200
ไส้กรอกอีสาน,2,83,166
หมูยอ,5,58,290
แหนม,3,116,348
ข้าวเหนียว,5,56,280
หมูยอ,4,84,336
ตำปู,2,41,82
แหนม,5,143,715
ต้มแซ่บ,4,93,372
ลาบหมู,4,70,280
ไส้กรอกอีสาน,1,47,47
ข้าวจี่,2,140,280
ปลาร้าบอง,2,114,228
ตำไทย,2,47,94
แจ่วบอง,2,141,282
ส้มตำ,1,145,145
ปลาร้าบอง,3,52,156
ต้มแซ่บ,2,49,98
ต้มแซ่บ,4,55,220
ส้มตำ,5,94,470
ลาบหมู,3,108,324
ไก่ย่าง,2,30,60
แกงอ่อม,4,64,256
แจ่วบอง,2,54,108
ตำปู,3,113,339
หมกหน่อไม้,5,71,355
ไส้กรอกอีสาน,4,102,408
ตำปู,3,93,279
แกงอ่อม,3,99,297
ต้มแซ่บ,1,45,45
ตำไทย,2,90,180
ปลาร้าบอง,3,144,432
ตำแตง,1,45,45
ลาบหมู,1,87,87
หมกหน่อไม้,4,57,228
ลาบหมู,4,34,136
ลาบหมู,3,132,396
หมกหน่อไม้,3,113,339
แหนม,3,75,225
ก้อยปลา,1,117,117
แหนม,3,42,126
ซุปหน่อไม้,5,70,350
ปลาดุกย่าง,2,51,102
ก้อยปลา,4,116,464
ไส้กรอกอีสาน,3,73,219
ไส้กรอกอีสาน,1,110,110
แหนม,4,150,600
หมูยอ,3,39,117
ต้มแซ่บ,3,31,93
ไส้กรอกอีสาน,3,78,234
แกงอ่อม,5,123,615
หมูยอ,1,126,126
ส้มตำ,5,93,465
น้ำตกหมู,1,45,45
ตำแตง,5,52,260
ตำแตง,4,147,588
ปลาดุกย่าง,2,136,272
ซุปหน่อไม้,2,95,190
แหนม,3,66,198
ซุปหน่อไม้,1,49,49
หมกหน่อไม้,5,41,205
ตำแตง,2,94,188
แหนม,5,39,195
ต้มแซ่บ,3,96,288
ก้อยปลา,5,59,295
ซุปหน่อไม้,5,144,720
ตำแตง,4,36,144
ข้าวเหนียว,3,145,435
ไส้กรอกอีสาน,2,81,162
ลาบหมู,2,100,200
ข้าวเหนียว,1,69,69
ไก่ย่าง,3,41,123
ปลาดุกย่าง,4,37,148
ลาบหมู,4,150,600
ลาบหมู,2,144,288
ข้าวจี่,1,143,143
ไส้กรอกอีสาน,3,136,408
ไก่ย่าง,3,32,96
ข้าวเหนียว,5,63,315
แกงอ่อม,2,34,68
ข้าวจี่,3,79,237
แจ่วบอง,5,128,640
ต้มแซ่บ,1,64,64
แหนม,4,83,332
หมูยอ,5,78,390
ไก่ย่าง,3,57,171
แจ่วบอง,5,127,635
ส้มตำ,5,38,190
หมกหน่อไม้,2,113,226
ลาบหมู,4,36,144
หมูยอ,1,95,95
หมกหน่อไม้,2,47,94
ปลาร้าบอง,4,72,288
ลาบหมู,1,99,99
ปลาร้าบอง,5,124,620
ก้อยปลา,1,142,142
ข้าวเหนียว,5,150,750
ข้าวจี่,3,144,432
ข้าวเหนียว,5,118,590
แกงอ่อม,5,38,190
ซุปหน่อไม้,2,84,168
แจ่วบอง,1,89,89
ตำไทย,2,73,146
หมูยอ,4,34,136
ไส้กรอกอีสาน,3,61,183
ตำแตง,3,103,309
ซุปหน่อไม้,1,68,68
ไก่ย่าง,1,86,86
ซุปหน่อไม้,4,124,496
ข้าวเหนียว,1,60,60
ลาบหมู,5,145,725
ปลาดุกย่าง,4,138,552
ข้าวจี่,1,75,75
ซุปหน่อไม้,4,45,180
ส้มตำ,1,67,67
ตำปู,5,50,250
น้ำตกหมู,1,56,56
ก้อยปลา,5,34,170
ข้าวเหนียว,2,104,208
แหนม,5,98,490
ก้อยปลา,4,76,304
แกงอ่อม,3,44,132
ตำไทย,3,34,102
ตำแตง,2,67,134
ก้อยปลา,1,32,32
ต้มแซ่บ,3,42,126
ไส้กรอกอีสาน,4,81,324
ปลาร้าบอง,2,70,140
ส้มตำ,3,144,432
ตำปู,5,59,295
ต้มแซ่บ,5,61,305
หมกหน่อไม้,2,131,262
หมกหน่อไม้,2,147,294
หมูยอ,3,136,408
หมกหน่อไม้,1,64,64
ตำแตง,5,132,660
หมูยอ,2,60,120
แหนม,2,131,262
ข้าวจี่,5,135,675
น้ำตกหมู,5,43,215
ต้มแซ่บ,2,126,252
ข้าวเหนียว,2,77,154
น้ำตกหมู,3,70,210
ลาบหมู,1,32,32
ไส้กรอกอีสาน,4,119,476
น้ำตกหมู,3,95,285
ก้อยปลา,2,136,272
ตำไทย,2,44,88
ลาบหมู,4,144,576
ตำแตง,3,36,108
ส้มตำ,5,110,550
น้ำตกหมู,1,59,59
ตำแตง,2,33,66
ปลาดุกย่าง,1,99,99
แจ่วบอง,4,94,376
แจ่วบอง,4,35,140
แหนม,1,66,66
ปลาร้าบอง,1,134,134
ตำแตง,2,113,226
ปลาร้าบอง,4,103,412
ส้มตำ,4,42,168
ปลาร้าบอง,1,95,95
ตำไทย,5,91,455
ลาบหมู,1,98,98
แจ่วบอง,1,67,67
ไก่ย่าง,1,71,71
ปลาดุกย่าง,3,75,225
ก้อยปลา,3,30,90
ปลาดุกย่าง,5,45,225
หมูยอ,2,113,226
ซุปหน่อไม้,1,147,147
ตำปู,5,95,475
ปลาดุกย่าง,2,119,238
แจ่วบอง,3,149,447
ต้มแซ่บ,2,44,88
ไก่ย่าง,5,38,190
ไก่ย่าง,5,145,725
ส้มตำ,4,91,364
น้ำตกหมู,3,38,114
ซุปหน่อไม้,5,60,300
หมูยอ,4,95,380
ไส้กรอกอีสาน,5,104,520
หมกหน่อไม้,2,132,264
แหนม,3,95,285
ไส้กรอกอีสาน,5,72,360
แหนม,4,57,228
ไก่ย่าง,4,37,148
หมกหน่อไม้,4,66,264
หมูยอ,3,54,162
หมกหน่อไม้,5,84,420
ตำแตง,4,75,300
ปลาร้าบอง,1,138,138
ซุปหน่อไม้,1,97,97
ส้มตำ,5,136,680
ก้อยปลา,4,91,364
แจ่วบอง,5,98,490
ต้มแซ่บ,5,55,275
ข้าวเหนียว,5,120,600
ไส้กรอกอีสาน,1,82,82
ปลาร้าบอง,1,71,71
ปลาร้าบอง,5,96,480
ก้อยปลา,2,49,98
แกงอ่อม,3,139,417
ตำไทย,1,82,82
ข้าวเหนียว,3,83,249
ต้มแซ่บ,5,48,240
ไก่ย่าง,5,108,540
ปลาร้าบอง,3,112,336
ซุปหน่อไม้,1,38,38
ส้มตำ,4,50,200
แจ่วบอง,5,88,440
ปลาร้าบอง,2,118,236
ข้าวเหนียว,1,119,119
ไส้กรอกอีสาน,2,150,300
ปลาร้าบอง,4,134,536
ไก่ย่าง,3,42,126
แกงอ่อม,4,133,532
แจ่วบอง,3,140,420
ตำแตง,1,79,79
ปลาดุกย่าง,4,78,312
แกงอ่อม,4,75,300
ต้มแซ่บ,5,42,210
หมูยอ,2,134,268
หมูยอ,2,99,198
ไส้กรอกอีสาน,4,142,568
ไส้กรอกอีสาน,5,71,355
หมูยอ,1,34,34
ข้าวเหนียว,3,90,270
ก้อยปลา,3,67,201
ปลาดุกย่าง,3,129,387
ปลาดุกย่าง,3,40,120
แจ่วบอง,5,98,490
ตำปู,1,127,127
ข้าวเหนียว,1,131,131
ข้าวเหนียว,1,69,69
ไก่ย่าง,4,74,296
หมกหน่อไม้,2,101,202
ไก่ย่าง,5,102,510
หมูยอ,3,46,138
แกงอ่อม,5,97,485
แกงอ่อม,4,61,244
ข้าวจี่,1,100,100
ไก่ย่าง,2,91,182
ปลาดุกย่าง,1,47,47
หมูยอ,4,92,368
ตำไทย,3,55,165
น้ำตกหมู,2,103,206
ตำไทย,5,89,445
ก้อยปลา,4,76,304
หมูยอ,2,68,136
ปลาร้าบอง,4,64,256
หมกหน่อไม้,3,54,162
หมกหน่อไม้,5,136,680
ก้อยปลา,3,94,282
ตำแตง,3,44,132
ไส้กรอกอีสาน,4,103,412
ลาบหมู,5,113,565
หมกหน่อไม้,1,92,92
หมูยอ,3,137,411
ซุปหน่อไม้,4,70,280
ปลาดุกย่าง,4,120,480
ก้อยปลา,3,78,234
ต้มแซ่บ,5,113,565
ข้าวจี่,1,32,32
ตำปู,5,53,265
ปลาดุกย่าง,2,109,218
ปลาร้าบอง,1,37,37
ปลาร้าบอง,3,66,198
แหนม,1,88,88
น้ำตกหมู,5,90,450
แหนม,3,79,237
ปลาดุกย่าง,3,51,153
ซุปหน่อไม้,4,79,316
หมูยอ,2,56,112
ปลาดุกย่าง,2,129,258
ตำปู,2,105,210
ส้มตำ,3,36,108
ตำไทย,4,79,316
ซุปหน่อไม้,3,33,99
หมกหน่อไม้,3,87,261
ซุปหน่อไม้,4,146,584
ข้าวจี่,4,119,476
ข้าวจี่,2,127,254
ปลาร้าบอง,1,69,69
ข้าวเหนียว,2,113,226
หมูยอ,2,73,146
แจ่วบอง,5,134,670
ต้มแซ่บ,1,110,110
ปลาดุกย่าง,3,86,258
ไส้กรอกอีสาน,1,110,110
น้ำตกหมู,4,51,204
หมูยอ,1,107,107
ลาบหมู,3,115,345
ตำแตง,1,140,140
น้ำตกหมู,5,37,185
ตำปู,3,76,228
ลาบหมู,3,127,381
แจ่วบอง,3,108,324
ตำไทย,3,93,279
ตำปู,3,135,405
ตำปู,1,94,94
ไส้กรอกอีสาน,2,45,90
แกงอ่อม,2,80,160
ตำปู,2,112,224
ปลาร้าบอง,3,122,366
ไส้กรอกอีสาน,5,32,160
หมูยอ,2,42,84
ปลาร้าบอง,3,60,180
ต้มแซ่บ,1,66,66
ปลาดุกย่าง,1,125,125
หมกหน่อไม้,4,45,180
น้ำตกหมู,5,111,555
แจ่วบอง,5,115,575
ตำแตง,4,49,196
ก้อยปลา,5,86,430
ตำไทย,2,78,156
ข้าวจี่,2,144,288
ตำไทย,4,47,188
ตำปู,4,31,124
ตำแตง,1,131,131
ตำไทย,5,144,720
แกงอ่อม,1,46,46
ข้าวจี่,2,33,66
ส้มตำ,4,37,148
แกงอ่อม,4,57,228
ตำปู,4,85,340
ตำปู,1,72,72
ซุปหน่อไม้,5,83,415
ตำแตง,2,59,118
ก้อยปลา,5,120,600
แกงอ่อม,2,49,98
ข้าวจี่,3,45,135
ตำไทย,5,72,360
ไส้กรอกอีสาน,3,130,390
ซุปหน่อไม้,3,67,201
ข้าวเหนียว,3,34,102
ต้มแซ่บ,5,82,410
ก้อยปลา,4,44,176
ตำไทย,2,91,182
ข้าวจี่,1,52,52
แกงอ่อม,5,126,630
ไก่ย่าง,5,142,710
ส้มตำ,1,65,65
ก้อยปลา,1,122,122
ข้าวเหนียว,2,31,62
ซุปหน่อไม้,2,141,282
หมกหน่อไม้,2,140,280
ลาบหมู,2,110,220
ก้อยปลา,2,112,224
ตำปู,3,68,204
แจ่วบอง,3,94,282
แหนม,4,85,340
หมูยอ,3,84,252
ก้อยปลา,5,97,485
ซุปหน่อไม้,5,127,635
ต้มแซ่บ,2,58,116
ปลาร้าบอง,4,62,248
ตำปู,4,103,412
ไส้กรอกอีสาน,5,88,440
ต้มแซ่บ,4,124,496
แหนม,3,40,120
ปลาร้าบอง,4,95,380
ไก่ย่าง,5,100,500
ต้มแซ่บ,4,63,252
หมูยอ,4,106,424
ซุปหน่อไม้,4,107,428
แจ่วบอง,1,124,124
แจ่วบอง,4,45,180
หมูยอ,5,115,575
แหนม,3,62,186
ตำไทย,4,64,256
ไส้กรอกอีสาน,1,126,126
ปลาร้าบอง,1,45,45
ข้าวจี่,3,144,432
ส้มตำ,3,113,339
ลาบหมู,3,138,414
ก้อยปลา,1,84,84
ตำแตง,3,39,117
แหนม,5,86,430
ตำไทย,1,131,131
หมกหน่อไม้,2,107,214
ซุปหน่อไม้,3,40,120
ต้มแซ่บ,2,134,268
ตำแตง,5,59,295
หมกหน่อไม้,5,106,530
หมกหน่อไม้,3,73,219
แจ่วบอง,4,30,120
ไส้กรอกอีสาน,1,116,116
ตำไทย,4,61,244
ตำปู,2,147,294
ตำไทย,3,55,165
ข้าวจี่,1,114,114
ตำปู,1,47,47
ตำปู,2,91,182
ซุปหน่อไม้,5,105,525
ตำแตง,3,121,363
ตำแตง,2,58,116
ต้มแซ่บ,4,120,480
น้ำตกหมู,2,73,146
ตำปู,3,95,285
แจ่วบอง,5,142,710
แจ่วบอง,4,112,448
ตำไทย,2,86,172
ตำปู,4,41,164
ต้มแซ่บ,5,48,240
ลาบหมู,2,88,176
แกงอ่อม,1,99,99
ตำปู,2,33,66
แกงอ่อม,5,148,740
ข้าวจี่,4,71,284
ปลาดุกย่าง,5,98,490
ข้าวเหนียว,3,63,189
หมกหน่อไม้,2,145,290
แกงอ่อม,1,60,60
ส้มตำ,2,43,86
ลาบหมู,5,107,535
ก้อยปลา,2,93,186
น้ำตกหมู,4,142,568
ก้อยปลา,3,54,162
ไก่ย่าง,4,132,528
แจ่วบอง,5,140,700
ตำปู,4,66,264
แหนม,4,70,280
ข้าวเหนียว,1,44,44
ข้าวเหนียว,2,137,274
ไก่ย่าง,1,82,82
ปลาร้าบอง,4,75,300
ลาบหมู,5,67,335
แกงอ่อม,2,119,238
ลาบหมู,5,56,280
ซุปหน่อไม้,5,79,395
หมกหน่อไม้,3,47,141
ซุปหน่อไม้,2,66,132
ก้อยปลา,4,58,232
น้ำตกหมู,1,55,55
ข้าวจี่,4,106,424
แกงอ่อม,1,144,144
ต้มแซ่บ,2,83,166
ตำแตง,2,35,70
แหนม,4,75,300
แจ่วบอง,5,67,335
ไส้กรอกอีสาน,3,140,420
ข้าวจี่,2,100,200
แกงอ่อม,3,79,237
ปลาร้าบอง,3,57,171
ซุปหน่อไม้,5,108,540
ซุปหน่อไม้,5,91,455
ตำไทย,2,131,262
ส้มตำ,4,143,572
ปลาดุกย่าง,4,111,444
แจ่วบอง,1,61,61
น้ำตกหมู,4,73,292
ส้มตำ,2,71,142
ปลาดุกย่าง,3,54,162
ตำแตง,5,125,625
แหนม,4,93,372
ปลาดุกย่าง,4,93,372
ปลาดุกย่าง,5,58,290
แหนม,1,56,56
แจ่วบอง,1,60,60
ซุปหน่อไม้,3,44,132
ลาบหมู,1,126,126
ปลาร้าบอง,4,104,416
ลาบหมู,2,64,128
ข้าวจี่,3,98,294
น้ำตกหมู,3,61,183
ข้าวจี่,5,127,635
ไส้กรอกอีสาน,1,74,74
ซุปหน่อไม้,5,146,730
ตำไทย,3,92,276
ไส้กรอกอีสาน,1,55,55
ปลาดุกย่าง,3,140,420
หมูยอ,3,116,348
หมูยอ,5,35,175
ข้าวจี่,5,87,435
ซุปหน่อไม้,4,47,188
หมูยอ,3,98,294
ตำไทย,3,96,288
น้ำตกหมู,2,40,80
ซุปหน่อไม้,5,37,185
ซุปหน่อไม้,5,142,710
แจ่วบอง,1,136,136
แจ่วบอง,1,32,32
ข้าวจี่,3,91,273
ตำไทย,5,83,415
ต้มแซ่บ,4,115,460
แกงอ่อม,2,40,80
แหนม,1,49,49
หมกหน่อไม้,3,120,360
ตำปู,4,111,444
ปลาดุกย่าง,4,75,300
หมกหน่อไม้,4,114,456
ปลาร้าบอง,1,59,59
ไส้กรอกอีสาน,1,45,45
แหนม,1,137,137
หมกหน่อไม้,1,79,79
ไส้กรอกอีสาน,1,54,54
ต้มแซ่บ,2,117,234
ข้าวเหนียว,3,112,336
ไส้กรอกอีสาน,1,67,67
ส้มตำ,3,57,171
ข้าวเหนียว,2,54,108
หมูยอ,4,132,528
ลาบหมู,2,147,294
ข้าวเหนียว,2,63,126
ตำไทย,1,40,40
หมูยอ,5,64,320
ลาบหมู,1,102,102
ปลาดุกย่าง,4,31,124
น้ำตกหมู,5,135,675
แหนม,5,66,330
ปลาร้าบอง,2,144,288
ตำปู,2,93,186
ปลาดุกย่าง,3,133,399
ตำปู,2,90,180
ตำไทย,3,120,360
ซุปหน่อไม้,4,71,284
แหนม,4,44,176
ตำไทย,3,129,387
ข้าวเหนียว,2,66,132
ซุปหน่อไม้,5,116,580
ข้าวเหนียว,4,70,280
แจ่วบอง,2,130,260
ตำแตง,3,80,240
แจ่วบอง,1,83,83
หมูยอ,5,33,165
ตำปู,4,65,260
แหนม,3,107,321
ไก่ย่าง,1,51,51
ข้าวเหนียว,1,47,47
ไก่ย่าง,3,86,258
ก้อยปลา,3,49,147
ข้าวจี่,5,43,215
หมูยอ,5,69,345
ไส้กรอกอีสาน,2,128,256
ซุปหน่อไม้,3,33,99
ตำปู,4,116,464
ไก่ย่าง,4,56,224
ตำปู,3,93,279
ส้มตำ,3,126,378
ข้าวจี่,1,86,86
ข้าวจี่,4,106,424
ตำปู,4,89,356
ข้าวเหนียว,3,95,285
แกงอ่อม,4,43,172
ไส้กรอกอีสาน,4,88,352
ซุปหน่อไม้,5,60,300
ข้าวจี่,2,97,194
ปลาร้าบอง,4,31,124
ลาบหมู,3,44,132
แจ่วบอง,5,107,535
ข้าวเหนียว,2,64,128
ก้อยปลา,4,103,412
ปลาดุกย่าง,2,137,274
ปลาร้าบอง,4,130,520
แหนม,4,100,400
ส้มตำ,1,133,133
ตำปู,3,111,333
ต้มแซ่บ,2,64,128
แกงอ่อม,1,83,83
ข้าวจี่,1,95,95
น้ำตกหมู,5,79,395
ตำปู,5,115,575
แจ่วบอง,4,61,244
ตำแตง,5,52,260
ไก่ย่าง,2,65,130
ก้อยปลา,5,55,275
แจ่วบอง,2,144,288
ส้มตำ,5,78,390
ไก่ย่าง,5,92,460
แจ่วบอง,5,80,400
หมกหน่อไม้,2,104,208
น้ำตกหมู,4,51,204
แกงอ่อม,3,130,390
หมูยอ,4,70,280
น้ำตกหมู,3,63,189
ตำแตง,2,41,82
ปลาดุกย่าง,3,65,195
แจ่วบอง,2,59,118
ซุปหน่อไม้,1,42,42
ตำแตง,5,86,430
ปลาร้าบอง,2,122,244
แจ่วบอง,2,128,256
ซุปหน่อไม้,4,40,160
ข้าวเหนียว,4,107,428
ต้มแซ่บ,1,46,46
ตำปู,1,90,90
ก้อยปลา,2,99,198
หมูยอ,4,111,444
ข้าวเหนียว,3,105,315
ข้าวเหนียว,4,91,364
ต้มแซ่บ,5,145,725
ข้าวเหนียว,5,114,570
ตำไทย,1,98,98
ต้มแซ่บ,5,82,410
น้ำตกหมู,3,37,111
น้ำตกหมู,1,126,126
ส้มตำ,4,33,132
ซุปหน่อไม้,4,144,576
หมูยอ,5,43,215
ไก่ย่าง,2,33,66
ไก่ย่าง,3,56,168
ปลาร้าบอง,5,145,725
ก้อยปลา,5,55,275
หมกหน่อไม้,5,44,220
ข้าวจี่,2,130,260
ตำไทย,4,59,236
หมูยอ,4,87,348
แกงอ่อม,2,128,256
ก้อยปลา,1,74,74
ตำแตง,3,101,303
ลาบหมู,3,104,312
ข้าวเหนียว,2,126,252
หมูยอ,5,146,730
ตำปู,1,53,53
ต้มแซ่บ,1,105,105
ไก่ย่าง,1,124,124
แหนม,4,117,468
ข้าวเหนียว,2,97,194
ข้าวเหนียว,4,64,256
หมูยอ,1,66,66
ปลาดุกย่าง,2,78,156
ปลาดุกย่าง,2,79,158
ปลาร้าบอง,3,96,288
ตำแตง,2,64,128
ตำไทย,4,144,576
ส้มตำ,5,57,285
ก้อยปลา,4,110,440
ตำไทย,5,49,245
ตำปู,5,98,490
ซุปหน่อไม้,5,39,195
ลาบหมู,5,30,150
แจ่วบอง,4,88,352
หมกหน่อไม้,3,137,411
แจ่วบอง,5,107,535
หมูยอ,5,59,295
ต้มแซ่บ,4,93,372
ปลาร้าบอง,3,75,225
ข้าวจี่,1,110,110
ปลาดุกย่าง,4,106,424
ตำแตง,5,54,270
แกงอ่อม,1,116,116
ก้อยปลา,3,147,441
แหนม,4,31,124
แกงอ่อม,1,135,135
ปลาดุกย่าง,1,130,130
ซุปหน่อไม้,4,128,512
แกงอ่อม,1,136,136
ปลาร้าบอง,1,87,87
แกงอ่อม,5,47,235
ปลาร้าบอง,1,140,140
หมกหน่อไม้,3,81,243
ต้มแซ่บ,3,97,291
ตำปู,2,130,260
แกงอ่อม,2,70,140
หมูยอ,5,97,485
ปลาร้าบอง,4,30,120
หมูยอ,1,71,71
น้ำตกหมู,1,33,33
แกงอ่อม,3,54,162
ตำไทย,5,140,700
ซุปหน่อไม้,5,142,710
แหนม,3,124,372
ข้าวเหนียว,3,108,324
ต้มแซ่บ,2,96,192
ข้าวเหนียว,1,143,143
ปลาดุกย่าง,3,47,141
ตำปู,5,84,420
ลาบหมู,1,83,83
หมกหน่อไม้,5,71,355
ต้มแซ่บ,1,70,70
ตำแตง,1,43,43
ลาบหมู,3,39,117
ก้อยปลา,5,100,500
ซุปหน่อไม้,1,75,75
ตำแตง,1,89,89
ตำแตง,3,99,297
ตำปู,4,50,200
ตำแตง,2,137,274
ตำไทย,2,97,194
ลาบหมู,1,121,121
แจ่วบอง,3,89,267
ปลาดุกย่าง,4,124,496
ส้มตำ,4,105,420
ปลาร้าบอง,4,107,428
ข้าวจี่,2,62,124
ตำปู,4,66,264
ส้มตำ,4,97,388
ตำปู,4,102,408
น้ำตกหมู,5,145,725
ตำปู,2,147,294
ไส้กรอกอีสาน,4,92,368
ข้าวจี่,1,39,39
แกงอ่อม,1,147,147
ข้าวเหนียว,5,122,610
ต้มแซ่บ,5,127,635
ตำไทย,1,38,38
แหนม,2,98,196
ต้มแซ่บ,4,109,436
ส้มตำ,1,91,91
แจ่วบอง,5,74,370
แกงอ่อม,1,147,147
ปลาร้าบอง,3,128,384
ตำแตง,1,140,140
หมูยอ,2,109,218
แจ่วบอง,4,38,152
ส้มตำ,5,85,425
แจ่วบอง,3,122,366
น้ำตกหมู,5,58,290
น้ำตกหมู,2,131,262
ปลาร้าบอง,2,123,246
ปลาดุกย่าง,2,30,60
ซุปหน่อไม้,4,45,180
ต้มแซ่บ,5,44,220
ตำแตง,1,47,47
ข้าวเหนียว,4,37,148
ตำไทย,3,56,168
ลาบหมู,1,112,112
ซุปหน่อไม้,1,133,133
ปลาร้าบอง,4,133,532
ปลาดุกย่าง,2,103,206
ปลาร้าบอง,3,58,174
แหนม,3,137,411
ตำไทย,2,144,288
ต้มแซ่บ,5,67,335
ไก่ย่าง,2,110,220
แกงอ่อม,1,130,130
ตำแตง,5,33,165
ข้าวเหนียว,5,138,690
แกงอ่อม,5,49,245
ข้าวจี่,3,116,348
ไส้กรอกอีสาน,3,107,321
ลาบหมู,2,36,72
หมูยอ,1,62,62
ไส้กรอกอีสาน,5,39,195
ตำไทย,1,113,113
แหนม,2,144,288
หมูยอ,3,101,303
ส้มตำ,2,36,72
ก้อยปลา,4,104,416
แจ่วบอง,1,39,39
ก้อยปลา,3,76,228
ปลาร้าบอง,1,138,138
ตำแตง,4,72,288
ตำปู,3,112,336
ข้าวจี่,1,101,101
ปลาร้าบอง,5,81,405
ปลาดุกย่าง,1,149,149
น้ำตกหมู,3,149,447
ตำแตง,1,114,114
ข้าวเหนียว,2,139,278
แกงอ่อม,4,61,244
ตำปู,3,75,225
ตำปู,1,97,97
หมกหน่อไม้,4,135,540
แกงอ่อม,1,50,50
ข้าวจี่,2,36,72
ตำไทย,2,60,120
น้ำตกหมู,1,66,66
แกงอ่อม,2,106,212
ส้มตำ,4,103,412
ตำปู,2,57,114
น้ำตกหมู,1,78,78
แกงอ่อม,4,57,228
ลาบหมู,2,105,210
น้ำตกหมู,5,32,160
แกงอ่อม,1,69,69
ต้มแซ่บ,4,121,484
ปลาดุกย่าง,2,48,96
ข้าวจี่,2,99,198
หมกหน่อไม้,1,137,137
ส้มตำ,1,31,31
ไส้กรอกอีสาน,3,35,105
ปลาดุกย่าง,1,126,126
ตำแตง,2,97,194
แกงอ่อม,2,41,82
ส้มตำ,3,50,150
ไก่ย่าง,3,106,318
แจ่วบอง,5,138,690
น้ำตกหมู,4,37,148
ตำไทย,3,149,447
ลาบหมู,3,75,225
แจ่วบอง,2,78,156
ลาบหมู,1,134,134
ไก่ย่าง,3,47,141
ต้มแซ่บ,2,135,270
ไก่ย่าง,4,42,168
ส้มตำ,1,59,59
ข้าวเหนียว,3,64,192
แจ่วบอง,5,127,635
ตำปู,2,147,294
ตำไทย,3,86,258
น้ำตกหมู,3,57,171
ปลาร้าบอง,1,42,42
หมูยอ,2,124,248
ปลาดุกย่าง,4,76,304
น้ำตกหมู,5,49,245
ปลาดุกย่าง,3,132,396
น้ำตกหมู,4,44,176
ส้มตำ,5,139,695
ปลาดุกย่าง,1,46,46
หมกหน่อไม้,3,128,384
แจ่วบอง,4,37,148
ตำปู,5,35,175
น้ำตกหมู,4,104,416
น้ำตกหมู,5,54,270
น้ำตกหมู,1,73,73
ไก่ย่าง,3,57,171
ตำไทย,2,136,272
ต้มแซ่บ,2,111,222
ข้าวเหนียว,1,47,47
ส้มตำ,2,86,172
แกงอ่อม,4,82,328
ต้มแซ่บ,1,149,149
ต้มแซ่บ,2,99,198
ตำปู,2,103,206
ไก่ย่าง,3,45,135
ไส้กรอกอีสาน,4,109,436
ไก่ย่าง,3,131,393
ต้มแซ่บ,1,49,49
ตำไทย,5,57,285
หมกหน่อไม้,4,50,200
น้ำตกหมู,3,111,333
แจ่วบอง,5,46,230
ไส้กรอกอีสาน,4,73,292
น้ำตกหมู,5,137,685
ต้มแซ่บ,5,144,720
ปลาดุกย่าง,2,53,106
ปลาดุกย่าง,2,67,134
ไก่ย่าง,3,59,177
ลาบหมู,5,93,465
ลาบหมู,5,80,400
ซุปหน่อไม้,3,124,372
ส้มตำ,3,133,399
ลาบหมู,3,143,429
ซุปหน่อไม้,2,64,128
หมูยอ,3,61,183
ตำแตง,1,62,62
แหนม,5,80,400
ตำปู,3,100,300
ข้าวจี่,2,121,242
หมกหน่อไม้,1,80,80
ก้อยปลา,2,82,164
หมกหน่อไม้,1,35,35
ไส้กรอกอีสาน,5,63,315
ตำไทย,2,120,240
ปลาร้าบอง,2,46,92
ลาบหมู,3,129,387
ก้อยปลา,3,95,285
ข้าวเหนียว,1,134,134
ตำปู,3,69,207
ก้อยปลา,2,37,74
ข้าวจี่,2,129,258
แจ่วบอง,2,147,294
ก้อยปลา,4,89,356
ตำไทย,1,113,113
ปลาร้าบอง,2,35,70
ตำปู,2,81,162
ส้มตำ,5,139,695
ตำปู,2,134,268
แหนม,4,63,252
หมกหน่อไม้,5,48,240
ลาบหมู,5,33,165
ปลาดุกย่าง,2,87,174
ไก่ย่าง,1,86,86
แหนม,1,55,55
ตำแตง,1,61,61
ไก่ย่าง,2,107,214
แจ่วบอง,3,34,102
ส้มตำ,3,89,267
แกงอ่อม,5,75,375
น้ำตกหมู,1,31,31
ข้าวจี่,5,112,560
แหนม,5,95,475
ปลาดุกย่าง,4,80,320
หมกหน่อไม้,1,150,150
ตำปู,3,91,273
ก้อยปลา,1,61,61
ตำไทย,3,94,282
น้ำตกหมู,5,124,620
ไก่ย่าง,2,49,98
ตำไทย,5,118,590
ส้มตำ,2,91,182
แหนม,5,75,375
ไส้กรอกอีสาน,4,81,324
หมูยอ,2,70,140
หมูยอ,3,65,195
ตำไทย,5,62,310
ลาบหมู,1,111,111
ตำปู,5,61,305
ตำไทย,2,113,226
แหนม,2,40,80
แหนม,3,129,387
ไก่ย่าง,1,123,123
ข้าวจี่,1,146,146
ส้มตำ,3,82,246
ข้าวเหนียว,3,57,171
ซุปหน่อไม้,3,65,195
น้ำตกหมู,2,119,238
ต้มแซ่บ,2,99,198
ต้มแซ่บ,4,99,396
ต้มแซ่บ,1,130,130
แหนม,5,37,185
แกงอ่อม,2,133,266
แจ่วบอง,4,114,456
ตำปู,3,82,246
ซุปหน่อไม้,3,118,354
ตำปู,1,81,81
ต้มแซ่บ,3,79,237
ส้มตำ,1,141,141
ต้มแซ่บ,5,130,650
ข้าวจี่,1,150,150
น้ำตกหมู,4,96,384
ตำไทย,5,46,230
หมกหน่อไม้,3,84,252
หมูยอ,4,36,144
ตำไทย,5,98,490
ส้มตำ,4,47,188
แหนม,5,127,635
ซุปหน่อไม้,2,32,64
ปลาร้าบอง,5,89,445
แหนม,1,66,66
ปลาร้าบอง,5,82,410
แหนม,4,124,496
ไก่ย่าง,1,72,72
ก้อยปลา,4,94,376
แหนม,2,42,84
แกงอ่อม,3,132,396
ซุปหน่อไม้,3,91,273
ต้มแซ่บ,2,57,114
ปลาดุกย่าง,3,33,99
ตำแตง,5,148,740
แกงอ่อม,1,80,80
ปลาร้าบอง,2,69,138
ลาบหมู,4,114,456
หมกหน่อไม้,5,113,565
ไส้กรอกอีสาน,3,135,405
ก้อยปลา,5,108,540
หมกหน่อไม้,4,42,168
ข้าวจี่,1,110,110
ส้มตำ,1,109,109
ปลาร้าบอง,1,88,88
แจ่วบอง,2,146,292
น้ำตกหมู,1,134,134
ก้อยปลา,5,141,705
น้ำตกหมู,4,139,556
แจ่วบอง,2,86,172
หมูยอ,1,88,88
ไก่ย่าง,4,75,300
ก้อยปลา,5,70,350
แหนม,5,77,385
หมูยอ,5,105,525
ไก่ย่าง,3,132,396
น้ำตกหมู,4,62,248
ไส้กรอกอีสาน,4,108,432
ตำปู,3,110,330
ตำแตง,3,72,216
แกงอ่อม,4,134,536
ตำไทย,5,129,645
แจ่วบอง,3,32,96
ปลาร้าบอง,4,49,196
หมกหน่อไม้,4,113,452
หมูยอ,3,62,186
หมูยอ,2,92,184
ตำแตง,2,49,98
ไก่ย่าง,5,140,700
หมกหน่อไม้,2,96,192
ปลาดุกย่าง,1,41,41
แกงอ่อม,1,79,79
แจ่วบอง,3,140,420
ตำปู,2,118,236
ปลาดุกย่าง,5,42,210
ตำไทย,3,146,438
ตำปู,1,120,120
ตำไทย,2,43,86
หมกหน่อไม้,3,63,189
แหนม,5,130,650
ตำแตง,2,76,152
แจ่วบอง,4,149,596
ไก่ย่าง,2,43,86
ตำปู,3,134,402
ปลาร้าบอง,1,58,58
ไก่ย่าง,3,55,165
ไส้กรอกอีสาน,3,108,324
หมูยอ,3,150,450
ข้าวเหนียว,3,150,450
ส้มตำ,3,127,381
ซุปหน่อไม้,3,149,447
ซุปหน่อไม้,1,46,46
ส้มตำ,5,78,390
หมูยอ,2,109,218
แหนม,2,148,296
ซุปหน่อไม้,5,120,600
ต้มแซ่บ,3,109,327
ลาบหมู,2,100,200
ไส้กรอกอีสาน,4,46,184
แจ่วบอง,4,81,324
ข้าวเหนียว,3,57,171
น้ำตกหมู,2,118,236
ไก่ย่าง,5,145,725
ปลาดุกย่าง,5,123,615
ข้าวเหนียว,1,42,42
ปลาร้าบอง,1,118,118
ส้มตำ,3,133,399
น้ำตกหมู,2,32,64
ปลาดุกย่าง,4,139,556
แหนม,1,68,68
ตำปู,4,132,528
ข้าวจี่,1,96,96
ไก่ย่าง,1,46,46
ปลาดุกย่าง,2,81,162
ปลาร้าบอง,3,132,396
ข้าวเหนียว,3,141,423
ตำแตง,1,69,69
ไก่ย่าง,1,88,88
ข้าวเหนียว,5,55,275
ไส้กรอกอีสาน,4,44,176
น้ำตกหมู,5,71,355
ข้าวเหนียว,1,132,132
ส้มตำ,3,103,309
แจ่วบอง,3,127,381
ก้อยปลา,5,135,675
ตำไทย,1,70,70
ก้อยปลา,3,109,327
ส้มตำ,2,94,188
ซุปหน่อไม้,5,85,425
ข้าวจี่,4,100,400
ปลาดุกย่าง,5,85,425
แหนม,3,84,252
ซุปหน่อไม้,4,104,416
ซุปหน่อไม้,3,110,330
ปลาดุกย่าง,2,146,292
ไก่ย่าง,2,33,66
ปลาดุกย่าง,3,34,102
ปลาดุกย่าง,4,95,380
แหนม,3,74,222
หมูยอ,4,117,468
หมกหน่อไม้,2,37,74
ส้มตำ,1,60,60
ตำปู,3,59,177
ก้อยปลา,4,124,496
แกงอ่อม,2,92,184
ข้าวเหนียว,5,97,485
แจ่วบอง,3,34,102
ตำไทย,3,100,300
ไส้กรอกอีสาน,5,112,560
ไก่ย่าง,4,144,576
ลาบหมู,3,133,399
ส้มตำ,1,143,143
แกงอ่อม,4,134,536
น้ำตกหมู,4,70,280
ก้อยปลา,2,84,168
ต้มแซ่บ,5,94,470
หมูยอ,5,63,315
ตำแตง,2,35,70
ข้าวจี่,1,112,112
ข้าวเหนียว,1,33,33
ตำปู,3,141,423
ตำแตง,1,34,34
แจ่วบอง,3,115,345
ส้มตำ,4,52,208
ก้อยปลา,4,124,496
หมูยอ,1,89,89
ส้มตำ,1,77,77
หมูยอ,5,83,415
ข้าวเหนียว,1,127,127
ก้อยปลา,3,81,243
ซุปหน่อไม้,4,120,480
แกงอ่อม,2,112,224
แกงอ่อม,1,148,148
ปลาร้าบอง,3,103,309
น้ำตกหมู,4,36,144
ตำไทย,4,79,316
แหนม,3,134,402
ข้าวเหนียว,1,103,103
แจ่วบอง,5,71,355
ไก่ย่าง,1,62,62
ปลาดุกย่าง,4,41,164
ซุปหน่อไม้,3,37,111
น้ำตกหมู,4,73,292
แจ่วบอง,5,107,535
ข้าวจี่,3,123,369
ข้าวเหนียว,1,79,79
ก้อยปลา,2,130,260
ปลาร้าบอง,1,135,135
แกงอ่อม,3,48,144
ซุปหน่อไม้,4,144,576
ต้มแซ่บ,2,143,286
ปลาดุกย่าง,4,97,388
ไส้กรอกอีสาน,1,86,86
ข้าวเหนียว,1,97,97
ไส้กรอกอีสาน,2,36,72
ไก่ย่าง,5,139,695
ลาบหมู,1,79,79
ข้าวจี่,1,133,133
ส้มตำ,2,94,188
ตำแตง,3,91,273
ก้อยปลา,4,122,488
น้ำตกหมู,2,50,100
ปลาร้าบอง,5,36,180
น้ำตกหมู,2,128,256
หมกหน่อไม้,3,71,213
ซุปหน่อไม้,4,108,432
ลาบหมู,1,100,100
ซุปหน่อไม้,3,118,354
แกงอ่อม,2,130,260
ก้อยปลา,4,68,272
ไส้กรอกอีสาน,1,48,48
ตำไทย,5,59,295
หมูยอ,5,147,735
ตำไทย,2,42,84
ไส้กรอกอีสาน,1,98,98
แกงอ่อม,2,148,296
ปลาร้าบอง,5,46,230
ข้าวเหนียว,4,100,400
ก้อยปลา,1,43,43
ไส้กรอกอีสาน,2,32,64
ข้าวเหนียว,2,32,64
หมกหน่อไม้,1,51,51
ซุปหน่อไม้,2,57,114
ปลาดุกย่าง,4,60,240
ลาบหมู,3,46,138
ไก่ย่าง,3,42,126
ข้าวจี่,5,51,255
ซุปหน่อไม้,1,69,69
หมูยอ,2,110,220
ปลาดุกย่าง,4,133,532
ซุปหน่อไม้,4,70,280
ข้าวจี่,2,141,282
ไส้กรอกอีสาน,5,95,475
ต้มแซ่บ,1,42,42
ไก่ย่าง,2,107,214
ตำไทย,3,32,96
ปลาร้าบอง,4,48,192
ปลาร้าบอง,3,87,261
ข้าวเหนียว,4,37,148
หมูยอ,3,91,273
ข้าวเหนียว,2,146,292
ปลาดุกย่าง,4,90,360
ไส้กรอกอีสาน,2,56,112
ลาบหมู,5,82,410
ตำปู,1,45,45
ตำแตง,1,68,68
น้ำตกหมู,4,31,124
แหนม,1,85,85
ซุปหน่อไม้,4,108,432
หมกหน่อไม้,2,35,70
ต้มแซ่บ,5,129,645
แกงอ่อม,4,32,128
ไส้กรอกอีสาน,4,96,384
ข้าวจี่,4,97,388
ข้าวเหนียว,5,122,610
ส้มตำ,2,136,272
แกงอ่อม,3,124,372
แหนม,3,33,99
ข้าวจี่,3,61,183
ไส้กรอกอีสาน,5,80,400
ข้าวจี่,1,115,115
ตำไทย,3,120,360
ตำไทย,2,134,268
ตำปู,5,81,405
ปลาร้าบอง,5,81,405
แหนม,4,150,600
ส้มตำ,2,71,142
น้ำตกหมู,1,125,125
แหนม,4,105,420
ซุปหน่อไม้,5,127,635
ปลาดุกย่าง,3,68,204
ไส้กรอกอีสาน,2,34,68
ตำปู,2,81,162
ไส้กรอกอีสาน,3,134,402
หมกหน่อไม้,3,57,171
ไก่ย่าง,2,113,226
ไก่ย่าง,4,115,460
แจ่วบอง,4,63,252
ต้มแซ่บ,5,146,730
ตำแตง,4,67,268
ตำแตง,2,31,62
หมกหน่อไม้,2,86,172
ส้มตำ,3,90,270
ตำปู,3,73,219
แหนม,5,121,605
แกงอ่อม,2,89,178
ก้อยปลา,4,68,272
ปลาร้าบอง,2,134,268
ไก่ย่าง,1,44,44
ส้มตำ,2,102,204
ไก่ย่าง,3,77,231
แหนม,3,132,396
หมูยอ,1,103,103
ไส้กรอกอีสาน,1,93,93
แจ่วบอง,5,141,705
ก้อยปลา,4,71,284
ส้มตำ,5,114,570
แจ่วบอง,2,38,76
ปลาร้าบอง,4,47,188
ต้มแซ่บ,4,64,256
ข้าวเหนียว,5,50,250
ส้มตำ,5,115,575
หมูยอ,5,92,460
ตำไทย,4,95,380
แจ่วบอง,2,132,264
ก้อยปลา,1,124,124
ข้าวเหนียว,3,114,342
ปลาร้าบอง,3,68,204
หมกหน่อไม้,4,136,544
หมกหน่อไม้,2,136,272
ก้อยปลา,2,56,112
ต้มแซ่บ,5,56,280
ปลาดุกย่าง,5,99,495
ก้อยปลา,1,125,125
ก้อยปลา,1,145,145
ข้าวเหนียว,5,131,655
ปลาร้าบอง,1,37,37
ต้มแซ่บ,2,103,206
ไก่ย่าง,4,65,260
ก้อยปลา,2,94,188
ตำแตง,1,84,84
ต้มแซ่บ,4,146,584
แหนม,3,107,321
แกงอ่อม,2,61,122
ลาบหมู,2,46,92
ปลาดุกย่าง,1,129,129
ตำปู,2,137,274
ก้อยปลา,2,105,210
หมกหน่อไม้,3,56,168
แหนม,5,42,210
ไก่ย่าง,3,89,267
ต้มแซ่บ,5,84,420
ซุปหน่อไม้,2,62,124
ปลาร้าบอง,4,41,164
แกงอ่อม,5,46,230
ซุปหน่อไม้,2,32,64
ไก่ย่าง,2,149,298
หมูยอ,3,129,387
ตำปู,5,121,605
ตำแตง,1,72,72
ซุปหน่อไม้,5,59,295
หมกหน่อไม้,4,55,220
ตำปู,2,83,166
ไส้กรอกอีสาน,1,100,100
ต้มแซ่บ,2,93,186
ซุปหน่อไม้,2,111,222
แหนม,4,110,440
ปลาดุกย่าง,4,84,336
แจ่วบอง,2,83,166
ตำแตง,4,82,328
ปลาร้าบอง,4,99,396
หมูยอ,5,119,595
ซุปหน่อไม้,1,131,131
ปลาดุกย่าง,3,58,174
หมกหน่อไม้,4,120,480
ตำปู,4,112,448
แหนม,3,110,330
ตำปู,1,59,59
ตำปู,4,146,584
ข้าวเหนียว,3,113,339
หมูยอ,1,77,77
หมูยอ,1,72,72
ข้าวเหนียว,5,81,405
ก้อยปลา,3,90,270
ตำไทย,3,95,285
ลาบหมู,1,94,94
หมูยอ,3,60,180
ตำไทย,2,119,238
น้ำตกหมู,3,124,372
ส้มตำ,5,30,150
ตำปู,5,116,580
ซุปหน่อไม้,2,77,154
ข้าวเหนียว,5,95,475
ข้าวจี่,3,67,201
ข้าวจี่,1,137,137
ซุปหน่อไม้,4,48,192
ข้าวจี่,5,85,425
ตำปู,4,112,448
แกงอ่อม,4,115,460
หมกหน่อไม้,3,131,393
ไส้กรอกอีสาน,5,143,715
ไส้กรอกอีสาน,4,150,600
แหนม,2,122,244
ปลาดุกย่าง,3,100,300
หมกหน่อไม้,2,79,158
แหนม,3,54,162
แหนม,3,35,105
ข้าวจี่,4,91,364
น้ำตกหมู,2,102,204
ซุปหน่อไม้,1,110,110
ข้าวเหนียว,3,40,120
ข้าวเหนียว,3,52,156
ตำไทย,2,95,190
ซุปหน่อไม้,3,86,258
น้ำตกหมู,3,88,264
แหนม,4,95,380
หมูยอ,1,45,45
ข้าวเหนียว,2,47,94
แกงอ่อม,5,31,155
แจ่วบอง,3,105,315
แจ่วบอง,3,135,405
ไส้กรอกอีสาน,2,116,232
หมกหน่อไม้,4,149,596
ปลาดุกย่าง,2,72,144
ซุปหน่อไม้,5,100,500
แกงอ่อม,1,92,92
ปลาร้าบอง,5,49,245
หมกหน่อไม้,4,56,224
ก้อยปลา,2,136,272
ปลาร้าบอง,3,85,255
ไก่ย่าง,2,80,160
ส้มตำ,1,80,80
น้ำตกหมู,4,32,128
ข้าวเหนียว,5,67,335
ตำไทย,1,103,103
ไส้กรอกอีสาน,3,100,300
หมูยอ,5,102,510
ตำปู,1,72,72
แจ่วบอง,2,122,244
ไก่ย่าง,5,139,695
ซุปหน่อไม้,4,114,456
ข้าวจี่,1,89,89
ลาบหมู,2,44,88
ต้มแซ่บ,4,119,476
แจ่วบอง,2,64,128
แจ่วบอง,3,59,177
ไส้กรอกอีสาน,4,89,356
ส้มตำ,3,43,129
ลาบหมู,2,59,118
ข้าวจี่,4,52,208
หมูยอ,4,102,408
ก้อยปลา,2,81,162
ส้มตำ,1,68,68
ไก่ย่าง,3,38,114
ส้มตำ,3,46,138
ปลาร้าบอง,1,52,52
หมกหน่อไม้,1,138,138
แหนม,4,31,124
ส้มตำ,4,45,180
หมกหน่อไม้,1,64,64
ตำไทย,5,126,630
แจ่วบอง,2,86,172
ตำไทย,1,55,55
ปลาร้าบอง,1,63,63
ส้มตำ,5,41,205
แกงอ่อม,5,111,555
ไส้กรอกอีสาน,2,120,240
ตำไทย,1,139,139
ต้มแซ่บ,2,140,280
ตำแตง,5,140,700
ปลาดุกย่าง,3,46,138
ไก่ย่าง,2,73,146
หมกหน่อไม้,4,30,120
ตำปู,4,73,292
ตำไทย,3,109,327
ลาบหมู,2,69,138
แกงอ่อม,4,102,408
ไก่ย่าง,5,71,355
ปลาดุกย่าง,5,149,745
ซุปหน่อไม้,3,136,408
แจ่วบอง,2,142,284
ก้อยปลา,4,88,352
ตำปู,2,142,284
ปลาร้าบอง,3,118,354
ตำไทย,4,33,132
ส้มตำ,3,82,246
ตำไทย,1,118,118
แหนม,1,68,68
ตำแตง,3,132,396
แหนม,1,91,91
ไส้กรอกอีสาน,2,145,290
หมกหน่อไม้,4,45,180
น้ำตกหมู,4,125,500
ข้าวจี่,2,148,296
แกงอ่อม,2,102,204
ข้าวจี่,1,89,89
ก้อยปลา,1,85,85
ไก่ย่าง,3,99,297
ลาบหมู,1,135,135
หมูยอ,5,150,750
ส้มตำ,5,96,480
แกงอ่อม,4,117,468
ก้อยปลา,4,123,492
ปลาร้าบอง,3,74,222
ซุปหน่อไม้,3,68,204
ข้าวเหนียว,3,137,411
ซุปหน่อไม้,2,51,102
ก้อยปลา,4,44,176
แกงอ่อม,1,148,148
ตำปู,2,77,154
ตำปู,4,123,492
ตำแตง,2,62,124
ไส้กรอกอีสาน,1,36,36
ส้มตำ,2,38,76
ตำแตง,3,70,210
แหนม,5,60,300
ก้อยปลา,5,134,670
แจ่วบอง,2,75,150
ซุปหน่อไม้,2,85,170
แหนม,1,62,62
ลาบหมู,4,110,440
ลาบหมู,5,63,315
แกงอ่อม,5,141,705
ไส้กรอกอีสาน,2,86,172
ข้าวจี่,5,147,735
ไส้กรอกอีสาน,1,130,130
ข้าวจี่,3,77,231
ข้าวจี่,5,98,490
หมกหน่อไม้,4,51,204
น้ำตกหมู,4,73,292
ข้าวจี่,5,103,515
ก้อยปลา,2,104,208
ตำไทย,3,50,150
หมกหน่อไม้,1,105,105
หมูยอ,1,144,144
ปลาดุกย่าง,2,50,100
ไก่ย่าง,4,89,356
แกงอ่อม,3,127,381
แจ่วบอง,5,109,545
แจ่วบอง,1,48,48
ตำปู,2,87,174
หมูยอ,4,120,480
น้ำตกหมู,5,116,580
ต้มแซ่บ,3,101,303
ปลาร้าบอง,4,103,412
แจ่วบอง,3,112,336
ไก่ย่าง,2,44,88
ตำปู,3,149,447
ไส้กรอกอีสาน,1,48,48
แกงอ่อม,3,30,90
หมกหน่อไม้,4,126,504
น้ำตกหมู,3,148,444
ปลาร้าบอง,1,113,113
ก้อยปลา,4,129,516
ไส้กรอกอีสาน,5,135,675
น้ำตกหมู,3,42,126
ข้าวจี่,2,149,298
ปลาร้าบอง,2,96,192
ปลาดุกย่าง,5,118,590
แกงอ่อม,3,121,363
แหนม,4,37,148
ลาบหมู,3,61,183
ไก่ย่าง,2,54,108
ปลาดุกย่าง,3,66,198
ข้าวจี่,1,87,87
น้ำตกหมู,2,128,256
แจ่วบอง,4,61,244
น้ำตกหมู,4,62,248
แจ่วบอง,5,110,550
ต้มแซ่บ,4,90,360
แกงอ่อม,1,148,148
ข้าวจี่,2,35,70
หมกหน่อไม้,5,52,260
ไก่ย่าง,1,143,143
ปลาร้าบอง,4,139,556
หมกหน่อไม้,4,134,536
แกงอ่อม,3,62,186
ลาบหมู,5,121,605
ลาบหมู,4,44,176
ต้มแซ่บ,5,39,195
ซุปหน่อไม้,1,106,106
แหนม,2,126,252
ตำแตง,2,58,116
ส้มตำ,2,77,154
ข้าวเหนียว,5,126,630
แหนม,1,72,72
ไก่ย่าง,4,70,280
หมกหน่อไม้,2,148,296
หมกหน่อไม้,1,136,136
ปลาร้าบอง,5,43,215
แกงอ่อม,4,57,228
แหนม,5,122,610
ปลาดุกย่าง,4,50,200
ข้าวเหนียว,4,88,352
ส้มตำ,3,110,330
แจ่วบอง,3,112,336
ลาบหมู,4,88,352
ตำไทย,5,112,560
ต้มแซ่บ,3,68,204
แหนม,5,138,690
แกงอ่อม,3,119,357
ตำแตง,1,143,143
ต้มแซ่บ,1,80,80
ต้มแซ่บ,3,119,357
ตำไทย,4,136,544
ไส้กรอกอีสาน,3,144,432
หมูยอ,2,129,258
น้ำตกหมู,3,139,417
ตำไทย,2,31,62
ต้มแซ่บ,4,79,316
ข้าวเหนียว,4,50,200
ลาบหมู,2,110,220
ต้มแซ่บ,5,83,415
ปลาร้าบอง,4,35,140
แหนม,5,128,640
น้ำตกหมู,5,66,330
ตำปู,2,58,116
น้ำตกหมู,4,108,432
ต้มแซ่บ,2,134,268
ไก่ย่าง,1,136,136
ข้าวจี่,4,94,376
ข้าวเหนียว,5,142,710
ไส้กรอกอีสาน,5,100,500
แหนม,5,92,460
ข้าวเหนียว,2,51,102
แกงอ่อม,5,76,380
ตำปู,4,94,376
ข้าวเหนียว,1,148,148
แจ่วบอง,4,133,532
หมูยอ,1,95,95
ปลาร้าบอง,3,100,300
หมกหน่อไม้,5,115,575
ไส้กรอกอีสาน,1,55,55
ข้าวจี่,1,111,111
แหนม,2,125,250
แจ่วบอง,3,95,285
ตำแตง,2,30,60
ลาบหมู,4,118,472
ข้าวจี่,1,32,32
ต้มแซ่บ,5,70,350
แกงอ่อม,2,108,216
ปลาร้าบอง,2,63,126
แกงอ่อม,5,111,555
แกงอ่อม,5,133,665
ปลาร้าบอง,4,137,548
ไส้กรอกอีสาน,3,89,267
ปลาร้าบอง,1,132,132
น้ำตกหมู,2,82,164
ก้อยปลา,3,74,222
ซุปหน่อไม้,1,50,50
หมูยอ,4,32,128
ต้มแซ่บ,3,113,339
ไส้กรอกอีสาน,1,128,128
แกงอ่อม,4,69,276
ส้มตำ,3,145,435
ตำปู,4,96,384
หมูยอ,5,45,225
หมูยอ,5,51,255
หมูยอ,4,44,176
ไก่ย่าง,2,114,228
ตำปู,3,112,336
ปลาร้าบอง,2,90,180
น้ำตกหมู,1,56,56
ปลาร้าบอง,2,41,82
ซุปหน่อไม้,3,46,138
ไก่ย่าง,4,113,452
ไส้กรอกอีสาน,4,114,456
แหนม,5,103,515
ต้มแซ่บ,1,72,72
น้ำตกหมู,5,46,230
ตำแตง,4,117,468
ปลาร้าบอง,4,43,172
ซุปหน่อไม้,2,64,128
ข้าวจี่,4,42,168
ปลาร้าบอง,4,87,348
ตำไทย,3,98,294
ส้มตำ,3,130,390
ข้าวจี่,4,75,300
ปลาร้าบอง,4,62,248
ไก่ย่าง,4,50,200
ข้าวเหนียว,1,112,112
หมกหน่อไม้,5,138,690
แหนม,5,129,645
ข้าวจี่,1,114,114
ตำปู,1,49,49
ตำแตง,3,75,225
แจ่วบอง,3,100,300
ข้าวจี่,1,117,117
ข้าวเหนียว,4,45,180
ตำแตง,3,105,315
ไก่ย่าง,2,42,84
น้ำตกหมู,4,74,296
ปลาดุกย่าง,2,76,152
ปลาร้าบอง,1,76,76
แกงอ่อม,1,119,119
หมูยอ,2,70,140
ตำปู,4,104,416
ต้มแซ่บ,2,39,78
ซุปหน่อไม้,4,94,376
แจ่วบอง,5,138,690
หมกหน่อไม้,2,72,144
ปลาดุกย่าง,5,146,730
แหนม,5,33,165
แหนม,3,61,183
หมกหน่อไม้,4,67,268
ตำไทย,4,71,284
ปลาร้าบอง,4,146,584
ตำไทย,3,111,333
ปลาดุกย่าง,1,135,135
น้ำตกหมู,2,145,290
แกงอ่อม,2,125,250
แจ่วบอง,2,68,136
ปลาร้าบอง,3,120,360
แหนม,1,97,97
ปลาร้าบอง,5,30,150
ตำแตง,5,37,185
ข้าวเหนียว,1,45,45
ข้าวเหนียว,3,86,258
แกงอ่อม,5,60,300
ซุปหน่อไม้,1,49,49
ตำปู,4,47,188
ข้าวเหนียว,2,55,110
ส้มตำ,5,149,745
แกงอ่อม,2,42,84
ตำปู,4,63,252
ต้มแซ่บ,5,149,745
ปลาร้าบอง,4,73,292
ตำไทย,1,136,136
ตำปู,2,95,190
ข้าวเหนียว,5,105,525
ส้มตำ,5,50,250
น้ำตกหมู,2,147,294
แจ่วบอง,1,109,109
แหนม,4,114,456
ข้าวเหนียว,4,116,464
หมกหน่อไม้,5,86,430
น้ำตกหมู,4,31,124
ก้อยปลา,3,32,96
ส้มตำ,4,71,284
ลาบหมู,4,138,552
แจ่วบอง,1,48,48
ตำปู,5,142,710
แจ่วบอง,2,84,168
ข้าวจี่,4,128,512
ปลาร้าบอง,3,34,102
ข้าวจี่,2,88,176
น้ำตกหมู,2,148,296
ซุปหน่อไม้,2,87,174
หมกหน่อไม้,5,124,620
ปลาดุกย่าง,4,47,188
ลาบหมู,1,63,63
ข้าวเหนียว,3,146,438
ตำไทย,3,139,417
แกงอ่อม,4,31,124
หมกหน่อไม้,1,142,142
ต้มแซ่บ,5,143,715
ตำปู,5,100,500
แจ่วบอง,1,64,64
ข้าวเหนียว,3,115,345
ลาบหมู,3,131,393
ปลาดุกย่าง,4,91,364
ไก่ย่าง,2,116,232
ข้าวเหนียว,5,40,200
ไส้กรอกอีสาน,1,138,138
ตำไทย,2,102,204
ปลาร้าบอง,2,141,282
หมกหน่อไม้,4,128,512
แกงอ่อม,1,132,132
ซุปหน่อไม้,2,87,174
ข้าวเหนียว,3,112,336
แหนม,1,117,117
ตำปู,2,141,282
แจ่วบอง,3,44,132
หมกหน่อไม้,4,60,240
ปลาร้าบอง,1,35,35
ข้าวเหนียว,2,55,110
ลาบหมู,1,142,142
ตำปู,4,71,284
ไก่ย่าง,2,95,190
ส้มตำ,4,111,444
น้ำตกหมู,1,58,58
ไส้กรอกอีสาน,3,30,90
ซุปหน่อไม้,2,47,94
ข้าวเหนียว,3,66,198
ไส้กรอกอีสาน,5,50,250
ซุปหน่อไม้,1,146,146
ไส้กรอกอีสาน,2,66,132
น้ำตกหมู,2,67,134
ตำแตง,4,140,560
แกงอ่อม,5,54,270
แหนม,1,150,150
ตำแตง,5,65,325
ตำปู,5,49,245
แหนม,5,49,245
ข้าวเหนียว,1,62,62
ตำแตง,5,86,430
น้ำตกหมู,4,124,496
ปลาร้าบอง,3,144,432
ปลาร้าบอง,1,100,100
ตำไทย,1,36,36
น้ำตกหมู,1,42,42
ข้าวเหนียว,2,75,150
ลาบหมู,1,135,135
ซุปหน่อไม้,1,148,148
ตำแตง,5,88,440
ซุปหน่อไม้,3,142,426
หมูยอ,5,53,265
ลาบหมู,2,113,226
ซุปหน่อไม้,2,113,226
ปลาร้าบอง,2,133,266
ตำไทย,1,57,57
ลาบหมู,4,46,184
ตำไทย,5,78,390
ไก่ย่าง,3,48,144
ปลาดุกย่าง,3,79,237
แหนม,1,39,39
ตำแตง,1,90,90
ตำไทย,5,136,680
ส้มตำ,3,128,384
แกงอ่อม,1,66,66
ไก่ย่าง,2,37,74
ตำแตง,5,103,515
แกงอ่อม,1,62,62
ตำแตง,3,110,330
ปลาดุกย่าง,3,150,450
ซุปหน่อไม้,2,111,222
ตำแตง,4,103,412
ส้มตำ,3,86,258
ก้อยปลา,3,103,309
ข้าวเหนียว,5,61,305
ข้าวเหนียว,5,66,330
ปลาร้าบอง,2,57,114
ซุปหน่อไม้,3,113,339
น้ำตกหมู,2,78,156
หมูยอ,2,130,260
ลาบหมู,2,112,224
ข้าวเหนียว,4,80,320
ปลาดุกย่าง,2,70,140
ข้าวจี่,2,111,222
ก้อยปลา,3,120,360
ไก่ย่าง,4,99,396
ข้าวเหนียว,4,105,420
ข้าวเหนียว,2,98,196
ต้มแซ่บ,2,96,192
แกงอ่อม,5,68,340
ปลาร้าบอง,4,113,452
ตำไทย,1,142,142
ข้าวเหนียว,5,64,320
ไก่ย่าง,3,64,192
ข้าวจี่,3,131,393
ก้อยปลา,4,115,460
ส้มตำ,1,72,72
ก้อยปลา,4,110,440
ไส้กรอกอีสาน,3,144,432
แหนม,5,105,525
ซุปหน่อไม้,4,48,192
ปลาดุกย่าง,5,82,410
ส้มตำ,3,53,159
ข้าวจี่,3,141,423
แหนม,4,88,352
ไก่ย่าง,1,70,70
ตำไทย,1,50,50
ไก่ย่าง,4,138,552
น้ำตกหมู,1,65,65
ปลาร้าบอง,3,96,288
ปลาร้าบอง,3,122,366
ข้าวเหนียว,4,62,248
ตำปู,3,108,324
ต้มแซ่บ,5,126,630
ตำปู,3,88,264
แจ่วบอง,5,90,450
ต้มแซ่บ,4,47,188
หมูยอ,1,86,86
ตำปู,1,142,142
ตำแตง,2,64,128
ข้าวจี่,1,147,147
หมกหน่อไม้,3,31,93
ข้าวเหนียว,5,142,710
ลาบหมู,5,85,425
ส้มตำ,4,106,424
ปลาร้าบอง,4,73,292
ตำไทย,5,100,500
ปลาร้าบอง,2,141,282
ตำแตง,3,125,375
ปลาดุกย่าง,3,97,291
ข้าวเหนียว,5,96,480
แกงอ่อม,5,83,415
ลาบหมู,3,88,264
ต้มแซ่บ,2,63,126
แหนม,2,71,142
ตำปู,1,106,106
ไก่ย่าง,5,126,630
แจ่วบอง,4,141,564
ตำปู,4,66,264
หมกหน่อไม้,1,85,85
แหนม,2,124,248
ตำแตง,5,112,560
ไก่ย่าง,3,115,345
หมูยอ,4,43,172
หมกหน่อไม้,4,112,448
ต้มแซ่บ,1,127,127
แกงอ่อม,4,148,592
หมูยอ,4,141,564
แกงอ่อม,2,105,210
หมูยอ,3,60,180
น้ำตกหมู,1,114,114
แหนม,4,86,344
หมกหน่อไม้,4,75,300
ไส้กรอกอีสาน,2,61,122
ไก่ย่าง,5,81,405
แหนม,3,49,147
ข้าวเหนียว,5,150,750
ซุปหน่อไม้,1,43,43
ปลาร้าบอง,1,67,67
หมกหน่อไม้,4,58,232
หมกหน่อไม้,5,108,540
ลาบหมู,4,146,584
ตำแตง,2,99,198
ตำปู,4,76,304
ซุปหน่อไม้,5,77,385
ไก่ย่าง,3,121,363
แกงอ่อม,4,124,496
ตำปู,5,76,380
แจ่วบอง,2,119,238
แจ่วบอง,2,64,128
ก้อยปลา,1,102,102
ส้มตำ,2,71,142
ข้าวจี่,5,106,530
แหนม,1,82,82
ปลาดุกย่าง,5,58,290
ต้มแซ่บ,5,118,590
ตำไทย,4,98,392
ปลาร้าบอง,2,103,206
ตำปู,5,101,505
ข้าวเหนียว,5,50,250
ไส้กรอกอีสาน,2,146,292
ลาบหมู,1,94,94
ตำแตง,4,57,228
ไส้กรอกอีสาน,1,139,139
ซุปหน่อไม้,5,77,385
แหนม,4,79,316
แหนม,2,81,162
น้ำตกหมู,4,96,384
แหนม,1,98,98
แจ่วบอง,3,52,156
ปลาร้าบอง,5,60,300
ส้มตำ,2,95,190
ไส้กรอกอีสาน,5,32,160
ข้าวเหนียว,5,148,740
ข้าวเหนียว,1,55,55
หมูยอ,3,56,168
ไก่ย่าง,5,145,725
ข้าวเหนียว,2,55,110
ข้าวเหนียว,4,128,512
ข้าวจี่,5,38,190
ต้มแซ่บ,2,34,68
ไส้กรอกอีสาน,1,88,88
ตำปู,5,53,265
ลาบหมู,5,31,155
ไส้กรอกอีสาน,1,41,41
หมูยอ,2,50,100
ไก่ย่าง,4,137,548
หมูยอ,1,65,65
น้ำตกหมู,2,59,118
ซุปหน่อไม้,1,68,68
ตำไทย,1,131,131
แกงอ่อม,3,36,108
ไก่ย่าง,3,44,132
ส้มตำ,4,111,444
ต้มแซ่บ,2,58,116
ซุปหน่อไม้,5,86,430
ข้าวเหนียว,1,105,105
ข้าวจี่,4,41,164
แกงอ่อม,3,54,162
ข้าวจี่,3,131,393
ข้าวจี่,3,61,183
หมูยอ,5,144,720
ปลาดุกย่าง,1,75,75
หมูยอ,4,75,300
ข้าวจี่,1,107,107
ส้มตำ,1,112,112
ส้มตำ,3,125,375
ไส้กรอกอีสาน,3,71,213
หมูยอ,5,124,620
น้ำตกหมู,5,107,535
แจ่วบอง,5,55,275
แกงอ่อม,5,138,690
ตำปู,4,102,408
ก้อยปลา,1,65,65
ก้อยปลา,5,59,295
หมกหน่อไม้,3,47,141
ไก่ย่าง,5,76,380
ข้าวเหนียว,4,73,292
ซุปหน่อไม้,5,36,180
ซุปหน่อไม้,3,138,414
หมกหน่อไม้,2,87,174
ต้มแซ่บ,5,84,420
แกงอ่อม,5,127,635
ตำแตง,2,55,110
ตำไทย,4,106,424
ข้าวจี่,5,92,460
แจ่วบอง,2,39,78
ข้าวจี่,5,135,675
ปลาดุกย่าง,2,45,90
หมูยอ,1,79,79
หมกหน่อไม้,5,121,605
ตำปู,3,112,336
ข้าวจี่,3,55,165
ส้มตำ,4,41,164
ก้อยปลา,2,34,68
ซุปหน่อไม้,5,146,730
ลาบหมู,1,94,94
ส้มตำ,5,121,605
หมกหน่อไม้,4,35,140
แจ่วบอง,1,125,125
แจ่วบอง,2,103,206
แจ่วบอง,5,89,445
ตำปู,5,105,525
ข้าวจี่,5,50,250
แกงอ่อม,4,108,432
ปลาดุกย่าง,1,131,131
ลาบหมู,2,101,202
ส้มตำ,1,61,61
หมกหน่อไม้,1,102,102
หมูยอ,1,68,68
แหนม,4,132,528
ข้าวเหนียว,5,58,290
ข้าวเหนียว,4,58,232
ไก่ย่าง,5,54,270
ส้มตำ,5,82,410
หมูยอ,4,54,216
หมกหน่อไม้,2,77,154
ส้มตำ,4,103,412
ตำไทย,3,123,369
หมูยอ,3,111,333
ลาบหมู,1,41,41
น้ำตกหมู,1,100,100
ส้มตำ,4,149,596
ไส้กรอกอีสาน,1,33,33
ตำปู,5,30,150
ข้าวเหนียว,4,40,160
แจ่วบอง,1,94,94
ไส้กรอกอีสาน,1,69,69
ส้มตำ,1,98,98
ตำไทย,2,54,108
หมูยอ,4,141,564
ข้าวเหนียว,5,49,245
ข้าวจี่,4,70,280
แกงอ่อม,4,68,272
น้ำตกหมู,2,80,160
ปลาดุกย่าง,4,54,216
ปลาดุกย่าง,3,149,447
ตำไทย,4,47,188
ตำไทย,2,95,190
ส้มตำ,2,138,276
ปลาร้าบอง,2,142,284
ข้าวจี่,1,107,107
ปลาดุกย่าง,2,144,288
ซุปหน่อไม้,5,120,600
ไส้กรอกอีสาน,5,132,660
ปลาร้าบอง,3,83,249
ก้อยปลา,4,104,416
ตำไทย,2,110,220
ตำปู,4,72,288
ลาบหมู,4,117,468
ลาบหมู,5,129,645
ข้าวจี่,1,34,34
ลาบหมู,1,54,54
แหนม,5,132,660
ไส้กรอกอีสาน,5,103,515
ปลาดุกย่าง,5,130,650
ตำแตง,5,59,295
แกงอ่อม,5,83,415
หมกหน่อไม้,4,77,308
ซุปหน่อไม้,5,58,290
ข้าวจี่,1,74,74
แกงอ่อม,5,30,150
ลาบหมู,5,68,340
ส้มตำ,2,108,216
แจ่วบอง,3,41,123
ปลาร้าบอง,2,114,228
ก้อยปลา,5,64,320
ไส้กรอกอีสาน,5,50,250
ก้อยปลา,2,50,100
หมกหน่อไม้,3,103,309
ปลาร้าบอง,2,72,144
ตำปู,2,44,88
ก้อยปลา,1,130,130
ซุปหน่อไม้,2,86,172
ปลาร้าบอง,4,117,468
ไก่ย่าง,5,44,220
ปลาร้าบอง,1,39,39
ส้มตำ,4,33,132
หมกหน่อไม้,4,118,472
ข้าวเหนียว,2,72,144
หมกหน่อไม้,3,85,255
ตำแตง,4,88,352
น้ำตกหมู,1,98,98
ตำแตง,5,82,410
ซุปหน่อไม้,1,35,35
หมูยอ,1,75,75
ไส้กรอกอีสาน,1,105,105
ข้าวจี่,3,116,348
หมูยอ,4,39,156
ก้อยปลา,5,86,430
แหนม,2,89,178
ไส้กรอกอีสาน,5,92,460
ปลาดุกย่าง,4,39,156
ตำแตง,4,95,380
แกงอ่อม,5,115,575
ข้าวเหนียว,1,45,45
ลาบหมู,1,48,48
แหนม,3,56,168
ไส้กรอกอีสาน,5,106,530
ไก่ย่าง,5,86,430
ปลาดุกย่าง,3,75,225
หมกหน่อไม้,4,61,244
ปลาร้าบอง,3,33,99
ตำปู,4,95,380
ปลาร้าบอง,2,78,156
น้ำตกหมู,3,133,399
ไส้กรอกอีสาน,1,100,100
แจ่วบอง,4,103,412
แจ่วบอง,5,99,495
ตำแตง,2,36,72
ตำปู,2,84,168
ตำไทย,1,123,123
แหนม,1,111,111
แกงอ่อม,3,70,210
ตำไทย,1,132,132
ตำแตง,1,80,80
ข้าวจี่,5,100,500
หมกหน่อไม้,4,90,360
ตำปู,5,91,455
ปลาร้าบอง,5,63,315
ข้าวจี่,4,104,416
แจ่วบอง,5,141,705
แกงอ่อม,4,125,500
ต้มแซ่บ,4,116,464
ต้มแซ่บ,5,63,315
ตำปู,3,42,126
ส้มตำ,2,41,82
ลาบหมู,1,137,137
หมกหน่อไม้,2,138,276
หมกหน่อไม้,1,115,115
หมกหน่อไม้,3,101,303
ลาบหมู,1,46,46
ปลาดุกย่าง,3,36,108
ลาบหมู,1,96,96
ส้มตำ,5,71,355
ลาบหมู,3,140,420
ก้อยปลา,4,103,412
ตำแตง,1,108,108
ตำปู,1,96,96
ตำไทย,3,57,171
แจ่วบอง,2,44,88
น้ำตกหมู,4,70,280
ส้มตำ,1,87,87
ข้าวจี่,5,118,590
ข้าวจี่,5,145,725
แกงอ่อม,5,42,210
ข้าวเหนียว,1,38,38
แกงอ่อม,5,42,210
ตำแตง,2,64,128
น้ำตกหมู,3,63,189
ส้มตำ,2,59,118
ปลาร้าบอง,2,122,244
น้ำตกหมู,3,107,321
ตำไทย,4,118,472
ต้มแซ่บ,3,124,372
ปลาดุกย่าง,3,70,210
หมูยอ,5,93,465
หมกหน่อไม้,5,115,575
ปลาดุกย่าง,1,145,145
ปลาร้าบอง,2,94,188
ตำไทย,4,116,464
ข้าวจี่,5,106,530
ส้มตำ,2,73,146
ตำไทย,5,37,185
แกงอ่อม,5,33,165
หมูยอ,4,82,328
หมูยอ,4,64,256
ลาบหมู,2,43,86
ข้าวเหนียว,1,77,77
ส้มตำ,3,120,360
ส้มตำ,2,73,146
น้ำตกหมู,1,101,101
ส้มตำ,5,103,515
ตำไทย,3,40,120
ลาบหมู,1,48,48
แกงอ่อม,1,49,49
ไก่ย่าง,5,143,715
ไส้กรอกอีสาน,1,136,136
ข้าวเหนียว,2,93,186
ข้าวจี่,2,89,178
ต้มแซ่บ,1,108,108
ส้มตำ,3,40,120
ปลาดุกย่าง,2,55,110
ตำปู,5,140,700
ตำแตง,3,140,420
หมูยอ,1,66,66
ไส้กรอกอีสาน,5,64,320
ก้อยปลา,4,138,552
ตำไทย,2,90,180
น้ำตกหมู,2,57,114
แจ่วบอง,5,113,565
ซุปหน่อไม้,4,121,484
ข้าวเหนียว,2,108,216
ต้มแซ่บ,2,138,276
ไก่ย่าง,4,128,512
ตำปู,1,72,72
ก้อยปลา,3,56,168
หมูยอ,2,138,276
แกงอ่อม,4,32,128
ไส้กรอกอีสาน,4,122,488
ตำไทย,4,85,340
ตำปู,4,130,520
น้ำตกหมู,5,142,710
หมกหน่อไม้,2,49,98
แกงอ่อม,2,118,236
แกงอ่อม,4,147,588
น้ำตกหมู,2,34,68
ไก่ย่าง,3,141,423
ปลาร้าบอง,3,113,339
ก้อยปลา,3,120,360
หมูยอ,4,70,280
ลาบหมู,4,111,444
แกงอ่อม,3,108,324
ตำปู,4,93,372
หมกหน่อไม้,5,124,620
ไส้กรอกอีสาน,2,133,266
ก้อยปลา,5,135,675
ลาบหมู,1,142,142
ไก่ย่าง,2,97,194
ส้มตำ,2,149,298
ต้มแซ่บ,5,120,600
หมกหน่อไม้,2,98,196
ไก่ย่าง,2,126,252
ตำปู,4,118,472
ลาบหมู,3,85,255
แจ่วบอง,4,54,216
ส้มตำ,2,55,110
ตำแตง,3,78,234
ข้าวจี่,5,74,370
ปลาดุกย่าง,3,77,231
ปลาร้าบอง,5,133,665
ซุปหน่อไม้,1,66,66
ปลาร้าบอง,5,61,305
ก้อยปลา,5,111,555
ปลาดุกย่าง,5,64,320
ก้อยปลา,3,143,429
ตำแตง,5,58,290
ต้มแซ่บ,4,75,300
แกงอ่อม,4,51,204
ข้าวเหนียว,3,94,282
แจ่วบอง,4,129,516
ซุปหน่อไม้,5,112,560
ไส้กรอกอีสาน,2,65,130
ก้อยปลา,5,147,735
แกงอ่อม,1,38,38
ปลาดุกย่าง,3,60,180
ตำปู,3,58,174
แกงอ่อม,3,124,372
ตำแตง,5,131,655
แจ่วบอง,4,121,484
หมูยอ,4,55,220
ตำแตง,1,86,86
ก้อยปลา,2,42,84
ปลาร้าบอง,4,134,536
ต้มแซ่บ,5,146,730
ข้าวเหนียว,4,94,376
ข้าวเหนียว,2,74,148
แหนม,1,42,42
แกงอ่อม,4,39,156
ลาบหมู,4,116,464
แจ่วบอง,3,150,450
แหนม,3,91,273
หมูยอ,1,77,77
แกงอ่อม,4,92,368
น้ำตกหมู,4,46,184
ปลาร้าบอง,4,127,508
น้ำตกหมู,5,121,605
ตำไทย,5,56,280
ตำแตง,1,39,39
ไส้กรอกอีสาน,2,96,192
หมูยอ,4,43,172
ไส้กรอกอีสาน,2,42,84
ซุปหน่อไม้,1,133,133
ลาบหมู,1,54,54
ข้าวจี่,2,66,132
แกงอ่อม,3,137,411
แกงอ่อม,1,137,137
หมูยอ,4,59,236
ไส้กรอกอีสาน,3,74,222
หมกหน่อไม้,4,64,256
หมกหน่อไม้,1,118,118
ซุปหน่อไม้,5,84,420
หมกหน่อไม้,2,114,228
ปลาดุกย่าง,2,32,64
แหนม,2,46,92
ลาบหมู,5,116,580
หมูยอ,1,91,91
ตำแตง,5,92,460
ปลาดุกย่าง,4,34,136
แจ่วบอง,3,65,195
หมูยอ,1,101,101
ตำไทย,2,88,176
ปลาดุกย่าง,1,86,86
ก้อยปลา,4,64,256
ไก่ย่าง,3,124,372
ปลาร้าบอง,3,105,315
ข้าวจี่,1,95,95
แกงอ่อม,4,74,296
ข้าวเหนียว,3,127,381
ไก่ย่าง,3,67,201
ตำไทย,3,81,243
ก้อยปลา,5,69,345
ลาบหมู,5,127,635
ลาบหมู,5,119,595
ข้าวเหนียว,1,93,93
แหนม,1,94,94
ไส้กรอกอีสาน,3,36,108
แหนม,1,63,63
ข้าวจี่,3,59,177
ส้มตำ,5,53,265
ไก่ย่าง,5,102,510
แกงอ่อม,2,149,298
ตำปู,4,111,444
แจ่วบอง,2,44,88
แหนม,3,47,141
ข้าวเหนียว,1,66,66
ตำแตง,2,101,202
ข้าวจี่,4,98,392
ข้าวเหนียว,2,127,254
ก้อยปลา,5,137,685
น้ำตกหมู,5,46,230
ข้าวจี่,2,82,164
ลาบหมู,1,77,77
ตำปู,3,96,288
ส้มตำ,4,118,472
ปลาดุกย่าง,2,79,158
น้ำตกหมู,1,145,145
แกงอ่อม,4,148,592
ตำไทย,2,100,200
หมูยอ,5,108,540
ลาบหมู,5,54,270
ตำแตง,3,142,426
หมกหน่อไม้,5,62,310
ส้มตำ,4,65,260
ตำปู,5,116,580
แจ่วบอง,1,52,52
น้ำตกหมู,1,58,58
ต้มแซ่บ,1,66,66
ปลาร้าบอง,2,40,80
ตำแตง,1,117,117
ก้อยปลา,5,94,470
ไส้กรอกอีสาน,2,118,236
แจ่วบอง,1,39,39
ปลาร้าบอง,2,58,116
หมกหน่อไม้,4,84,336
ซุปหน่อไม้,1,34,34
ปลาดุกย่าง,2,55,110
หมกหน่อไม้,2,34,68
น้ำตกหมู,1,119,119
น้ำตกหมู,2,48,96
ต้มแซ่บ,3,43,129
ซุปหน่อไม้,3,87,261
ซุปหน่อไม้,5,36,180
ไก่ย่าง,3,142,426
ปลาดุกย่าง,1,107,107
ข้าวจี่,5,69,345
ลาบหมู,1,136,136
หมูยอ,4,133,532
ก้อยปลา,1,101,101
แกงอ่อม,3,104,312
ปลาร้าบอง,5,90,450
น้ำตกหมู,5,142,710
น้ำตกหมู,5,119,595
ตำไทย,3,68,204
ส้มตำ,4,45,180
ตำไทย,4,49,196
หมกหน่อไม้,3,107,321
ไส้กรอกอีสาน,4,35,140
ซุปหน่อไม้,4,126,504
ตำไทย,1,139,139
ข้าวเหนียว,5,68,340
แหนม,1,106,106
หมูยอ,3,119,357
ปลาดุกย่าง,5,43,215
ไก่ย่าง,4,87,348
ตำไทย,2,123,246
ข้าวจี่,3,103,309
น้ำตกหมู,5,134,670
ปลาดุกย่าง,1,110,110
ข้าวจี่,4,32,128
แกงอ่อม,4,144,576
ปลาดุกย่าง,4,125,500
หมูยอ,2,137,274
ไก่ย่าง,3,75,225
ตำแตง,4,102,408
แหนม,2,93,186
น้ำตกหมู,4,32,128
ก้อยปลา,3,110,330
แหนม,1,38,38
ลาบหมู,2,118,236
ข้าวเหนียว,5,121,605
ลาบหมู,1,116,116
ไส้กรอกอีสาน,1,141,141
ปลาดุกย่าง,5,116,580
ส้มตำ,2,115,230
ไส้กรอกอีสาน,4,123,492
ตำแตง,2,148,296
ไส้กรอกอีสาน,4,91,364
ข้าวจี่,1,36,36
หมูยอ,3,49,147
ตำปู,5,108,540
แกงอ่อม,3,126,378
ตำปู,1,77,77
ตำปู,5,137,685
ตำปู,5,83,415
น้ำตกหมู,5,83,415
ตำไทย,3,68,204
ตำปู,2,118,236
ตำไทย,5,36,180
ส้มตำ,1,96,96
ส้มตำ,3,114,342
ตำปู,2,74,148
ไส้กรอกอีสาน,5,40,200
ลาบหมู,5,92,460
หมกหน่อไม้,1,64,64
ไส้กรอกอีสาน,1,34,34
แกงอ่อม,5,137,685
ไก่ย่าง,5,144,720
ตำไทย,5,54,270
ก้อยปลา,2,64,128
ไส้กรอกอีสาน,5,75,375
ก้อยปลา,1,142,142
หมูยอ,2,96,192
ต้มแซ่บ,1,112,112
ส้มตำ,2,65,130
ต้มแซ่บ,5,96,480
หมกหน่อไม้,1,109,109
ต้มแซ่บ,1,138,138
ข้าวจี่,2,57,114
ข้าวเหนียว,2,91,182
ไก่ย่าง,4,119,476
ซุปหน่อไม้,3,144,432
ปลาร้าบอง,3,125,375
ข้าวจี่,5,142,710
ปลาดุกย่าง,5,94,470
ปลาดุกย่าง,2,118,236
ไส้กรอกอีสาน,4,84,336
แกงอ่อม,3,105,315
ปลาดุกย่าง,1,45,45
ลาบหมู,5,90,450
ปลาร้าบอง,2,77,154
ลาบหมู,4,148,592
ก้อยปลา,2,58,116
ตำไทย,5,76,380
ปลาดุกย่าง,5,68,340
ลาบหมู,1,70,70
แจ่วบอง,1,112,112
ไก่ย่าง,2,60,120
หมกหน่อไม้,3,134,402
ตำแตง,2,75,150
ปลาร้าบอง,3,48,144
แกงอ่อม,2,50,100
ซุปหน่อไม้,2,83,166
ข้าวเหนียว,2,54,108
ลาบหมู,3,46,138
ลาบหมู,3,107,321
น้ำตกหมู,3,111,333
ตำปู,4,33,132
ปลาร้าบอง,2,98,196
น้ำตกหมู,1,80,80
หมูยอ,5,76,380
ซุปหน่อไม้,4,114,456
ไก่ย่าง,1,45,45
ลาบหมู,5,102,510
ซุปหน่อไม้,4,124,496
ก้อยปลา,2,144,288
ต้มแซ่บ,4,127,508
ซุปหน่อไม้,3,131,393
แจ่วบอง,3,146,438
ก้อยปลา,5,40,200
ปลาร้าบอง,2,131,262
ก้อยปลา,2,110,220
ตำแตง,2,46,92
หมูยอ,4,136,544
แหนม,3,99,297
หมกหน่อไม้,4,69,276
ตำแตง,4,99,396
ข้าวเหนียว,5,122,610
แจ่วบอง,1,105,105
ข้าวจี่,5,30,150
หมกหน่อไม้,5,98,490
ข้าวจี่,4,56,224
ตำปู,5,32,160
ปลาร้าบอง,3,41,123
หมูยอ,2,146,292
หมกหน่อไม้,5,85,425
ตำปู,1,100,100
ก้อยปลา,2,90,180
ตำปู,4,119,476
ไก่ย่าง,4,74,296
ปลาร้าบอง,4,138,552
ตำแตง,1,137,137
ไก่ย่าง,1,116,116
ตำปู,3,83,249
ตำไทย,4,62,248
ข้าวจี่,4,77,308
ส้มตำ,3,40,120
ไก่ย่าง,3,131,393
ตำแตง,2,146,292
แหนม,1,125,125
ตำแตง,1,67,67
น้ำตกหมู,2,64,128
ลาบหมู,4,81,324
ตำแตง,5,110,550
ตำไทย,5,142,710
ส้มตำ,1,80,80
หมูยอ,5,40,200
ข้าวเหนียว,2,146,292
ไส้กรอกอีสาน,2,72,144
ปลาร้าบอง,1,135,135
หมกหน่อไม้,2,64,128
ตำแตง,2,96,192
ลาบหมู,4,52,208
ต้มแซ่บ,2,112,224
ซุปหน่อไม้,4,133,532
หมูยอ,2,104,208
ซุปหน่อไม้,5,133,665
ตำไทย,2,63,126
ข้าวจี่,1,39,39
หมกหน่อไม้,3,74,222
ส้มตำ,5,126,630
ลาบหมู,1,78,78
ตำไทย,2,39,78
ปลาร้าบอง,2,110,220
ตำปู,3,135,405
ตำปู,3,54,162
แกงอ่อม,2,128,256
ต้มแซ่บ,1,75,75
แจ่วบอง,5,124,620
ไส้กรอกอีสาน,5,139,695
ข้าวจี่,3,55,165
ซุปหน่อไม้,1,133,133
ส้มตำ,3,126,378
ปลาร้าบอง,2,93,186
แกงอ่อม,2,71,142
ปลาร้าบอง,5,37,185
ลาบหมู,1,149,149
ก้อยปลา,2,63,126
ข้าวเหนียว,1,39,39
ตำปู,1,53,53
แหนม,2,118,236
ไก่ย่าง,2,65,130
แกงอ่อม,1,114,114
ปลาร้าบอง,4,102,408
หมกหน่อไม้,2,88,176
ก้อยปลา,2,133,266
ไส้กรอกอีสาน,3,49,147
ปลาดุกย่าง,2,87,174
ส้มตำ,1,71,71
ก้อยปลา,2,95,190
แกงอ่อม,1,131,131
ปลาร้าบอง,5,48,240
แกงอ่อม,3,118,354
ไส้กรอกอีสาน,3,74,222
แหนม,1,88,88
หมกหน่อไม้,1,108,108
ต้มแซ่บ,1,131,131
ต้มแซ่บ,2,90,180
ซุปหน่อไม้,2,47,94
แจ่วบอง,2,114,228
ข้าวเหนียว,2,31,62
หมกหน่อไม้,5,40,200
แหนม,1,81,81
ก้อยปลา,4,57,228
แกงอ่อม,2,58,116
แหนม,1,93,93
หมูยอ,5,130,650
ปลาร้าบอง,4,94,376
หมูยอ,2,67,134
ตำปู,4,150,600
แจ่วบอง,5,81,405
แกงอ่อม,3,133,399
แจ่วบอง,1,90,90
น้ำตกหมู,1,109,109
ไก่ย่าง,2,56,112
แจ่วบอง,1,39,39
ก้อยปลา,2,45,90
แจ่วบอง,1,140,140
หมูยอ,2,43,86
แหนม,1,77,77
หมกหน่อไม้,2,82,164
ตำแตง,5,106,530
แกงอ่อม,3,85,255
ตำแตง,5,56,280
ส้มตำ,5,63,315
ไก่ย่าง,4,40,160
ก้อยปลา,5,148,740
น้ำตกหมู,1,63,63
ไก่ย่าง,2,127,254
ปลาร้าบอง,3,107,321
ปลาร้าบอง,2,78,156
ซุปหน่อไม้,3,44,132
ข้าวเหนียว,1,64,64
ต้มแซ่บ,4,67,268
ก้อยปลา,3,95,285
ซุปหน่อไม้,1,72,72
หมูยอ,3,106,318
ปลาร้าบอง,3,36,108
ตำแตง,1,93,93
หมกหน่อไม้,1,79,79
ปลาดุกย่าง,3,132,396
ตำแตง,4,95,380
ไส้กรอกอีสาน,4,117,468
ต้มแซ่บ,4,50,200
แจ่วบอง,4,126,504
แกงอ่อม,3,115,345
ตำแตง,2,90,180
ปลาร้าบอง,2,121,242
ตำปู,3,78,234
แจ่วบอง,2,34,68
ต้มแซ่บ,3,118,354
ซุปหน่อไม้,4,100,400
แจ่วบอง,3,62,186
ก้อยปลา,4,130,520
หมกหน่อไม้,3,140,420
ส้มตำ,1,134,134
ไก่ย่าง,3,141,423
หมูยอ,2,89,178
ตำปู,5,126,630
ข้าวจี่,4,128,512
ข้าวจี่,3,116,348
ข้าวเหนียว,1,118,118
ไส้กรอกอีสาน,2,124,248
ไก่ย่าง,3,117,351
ซุปหน่อไม้,5,120,600
ต้มแซ่บ,3,43,129
หมูยอ,3,139,417
ข้าวจี่,3,86,258
ก้อยปลา,2,121,242
ลาบหมู,1,134,134
ไส้กรอกอีสาน,4,104,416
แจ่วบอง,4,124,496
ข้าวจี่,4,57,228
ต้มแซ่บ,5,58,290
ตำปู,1,108,108
ต้มแซ่บ,3,90,270
แหนม,1,121,121
ส้มตำ,4,117,468
แหนม,1,68,68
ปลาร้าบอง,1,62,62
ปลาดุกย่าง,2,110,220
ต้มแซ่บ,2,100,200
ต้มแซ่บ,1,93,93
ซุปหน่อไม้,1,120,120
น้ำตกหมู,2,78,156
ซุปหน่อไม้,3,31,93
แจ่วบอง,3,37,111
ปลาดุกย่าง,4,115,460
ไก่ย่าง,1,131,131
ปลาดุกย่าง,5,118,590
ปลาดุกย่าง,1,54,54
ข้าวจี่,2,98,196
ส้มตำ,5,134,670
น้ำตกหมู,1,80,80
ตำปู,3,120,360
น้ำตกหมู,5,55,275
ปลาร้าบอง,1,37,37
ลาบหมู,1,34,34
ปลาดุกย่าง,1,146,146
แกงอ่อม,1,38,38
ไส้กรอกอีสาน,3,133,399
ต้มแซ่บ,3,114,342
หมกหน่อไม้,1,42,42
แกงอ่อม,3,46,138
แหนม,5,55,275
ส้มตำ,4,85,340
ตำไทย,1,123,123
ตำไทย,5,71,355
แจ่วบอง,4,127,508
ตำไทย,5,150,750
ปลาดุกย่าง,2,141,282
แหนม,4,69,276
ตำปู,2,102,204
ไส้กรอกอีสาน,3,133,399
ไก่ย่าง,1,136,136
ตำไทย,1,74,74
ตำไทย,2,108,216
ตำแตง,3,121,363
ตำไทย,2,88,176
ต้มแซ่บ,4,102,408
ไก่ย่าง,5,136,680
น้ำตกหมู,3,67,201
แหนม,1,62,62
หมกหน่อไม้,5,92,460
หมกหน่อไม้,5,108,540
ข้าวเหนียว,2,135,270
ไส้กรอกอีสาน,4,70,280
ลาบหมู,5,90,450
ไก่ย่าง,4,42,168
ตำปู,5,103,515
ปลาดุกย่าง,4,102,408
ข้าวจี่,1,110,110
ซุปหน่อไม้,3,59,177
ปลาร้าบอง,2,130,260
ต้มแซ่บ,3,124,372
ไส้กรอกอีสาน,1,85,85
หมกหน่อไม้,1,133,133
ลาบหมู,2,120,240
ลาบหมู,1,113,113
ลาบหมู,1,53,53
หมกหน่อไม้,4,57,228
ไส้กรอกอีสาน,2,38,76
น้ำตกหมู,4,139,556
ข้าวจี่,5,136,680
น้ำตกหมู,1,56,56
ปลาดุกย่าง,2,39,78
ซุปหน่อไม้,5,67,335
ปลาดุกย่าง,1,33,33
ตำปู,4,71,284
หมูยอ,2,42,84
ไก่ย่าง,5,148,740
แจ่วบอง,5,106,530
แกงอ่อม,1,67,67
ปลาดุกย่าง,2,106,212
หมูยอ,5,33,165
ตำไทย,3,65,195
หมูยอ,5,101,505
แกงอ่อม,1,52,52
ส้มตำ,4,70,280
ตำแตง,3,145,435
แจ่วบอง,4,64,256
ลาบหมู,1,90,90
น้ำตกหมู,2,60,120
หมูยอ,5,48,240
ปลาดุกย่าง,2,137,274
แจ่วบอง,1,32,32
หมกหน่อไม้,2,43,86
ปลาดุกย่าง,4,118,472
แจ่วบอง,3,59,177
หมกหน่อไม้,2,63,126
ก้อยปลา,2,126,252
ข้าวเหนียว,2,143,286
ลาบหมู,5,67,335
ไส้กรอกอีสาน,2,75,150
ปลาร้าบอง,3,88,264
ปลาร้าบอง,2,32,64
แจ่วบอง,2,109,218
ส้มตำ,1,118,118
ข้าวจี่,1,41,41
หมกหน่อไม้,1,67,67
ปลาร้าบอง,1,81,81
ปลาร้าบอง,1,139,139
หมกหน่อไม้,3,85,255
ไก่ย่าง,3,78,234
ปลาร้าบอง,5,128,640
ข้าวเหนียว,4,103,412
แจ่วบอง,3,33,99
ส้มตำ,2,71,142
แกงอ่อม,5,125,625
แกงอ่อม,2,148,296
ตำปู,4,130,520
ไส้กรอกอีสาน,3,106,318
หมกหน่อไม้,4,58,232
แจ่วบอง,5,140,700
แหนม,2,106,212
หมูยอ,2,124,248
แหนม,1,128,128
ไส้กรอกอีสาน,1,52,52
ซุปหน่อไม้,3,36,108
ต้มแซ่บ,4,104,416
หมูยอ,5,82,410
หมูยอ,1,67,67
ไก่ย่าง,2,144,288
ซุปหน่อไม้,2,33,66
ไก่ย่าง,3,102,306
หมกหน่อไม้,5,110,550
ปลาร้าบอง,4,84,336
ปลาร้าบอง,4,56,224
แกงอ่อม,1,125,125
ข้าวจี่,5,81,405
ข้าวจี่,4,40,160
แจ่วบอง,3,83,249
ต้มแซ่บ,2,146,292
ปลาดุกย่าง,5,149,745
ตำแตง,1,58,58
น้ำตกหมู,3,110,330
ตำปู,5,38,190
แหนม,1,122,122
ส้มตำ,2,55,110
ปลาดุกย่าง,4,127,508
ปลาดุกย่าง,3,130,390
ข้าวเหนียว,4,122,488
ไก่ย่าง,5,95,475
ส้มตำ,1,77,77
ต้มแซ่บ,3,149,447
แหนม,2,55,110
ไก่ย่าง,5,130,650
หมูยอ,5,120,600
ปลาร้าบอง,5,53,265
แจ่วบอง,5,90,450
หมูยอ,2,66,132
ข้าวเหนียว,1,96,96
ต้มแซ่บ,1,67,67
หมกหน่อไม้,2,144,288
ข้าวเหนียว,2,52,104
ต้มแซ่บ,4,116,464
แกงอ่อม,1,63,63
แจ่วบอง,4,136,544
ปลาดุกย่าง,2,107,214
แจ่วบอง,4,143,572
ก้อยปลา,5,76,380
ไก่ย่าง,2,43,86
ก้อยปลา,3,109,327
ส้มตำ,3,72,216
หมกหน่อไม้,2,131,262
ไก่ย่าง,5,136,680
ลาบหมู,5,80,400
หมกหน่อไม้,1,77,77
แจ่วบอง,4,138,552
แกงอ่อม,3,64,192
ก้อยปลา,2,143,286
น้ำตกหมู,5,98,490
ลาบหมู,1,144,144
หมกหน่อไม้,3,124,372
ปลาดุกย่าง,5,66,330
ก้อยปลา,5,88,440
ตำปู,4,97,388
ไส้กรอกอีสาน,1,53,53
หมูยอ,1,35,35
หมูยอ,2,80,160
แหนม,3,112,336
หมูยอ,5,42,210
ลาบหมู,1,102,102
ไก่ย่าง,5,96,480
ตำแตง,2,119,238
ต้มแซ่บ,4,148,592
ไส้กรอกอีสาน,3,42,126
ต้มแซ่บ,2,91,182
น้ำตกหมู,1,55,55
น้ำตกหมู,1,149,149
ตำแตง,3,106,318
ปลาดุกย่าง,3,62,186
ส้มตำ,3,150,450
ตำแตง,1,128,128
ต้มแซ่บ,4,43,172
หมกหน่อไม้,1,89,89
หมกหน่อไม้,4,53,212
ตำแตง,5,97,485
หมกหน่อไม้,2,65,130
ก้อยปลา,5,36,180
ข้าวจี่,1,128,128
ข้าวเหนียว,3,118,354
ตำปู,2,131,262
ลาบหมู,4,111,444
ลาบหมู,3,40,120
ข้าวจี่,4,96,384
ตำปู,5,69,345
ซุปหน่อไม้,3,93,279
ต้มแซ่บ,1,130,130
น้ำตกหมู,1,130,130
ต้มแซ่บ,3,141,423
ข้าวจี่,5,139,695
น้ำตกหมู,4,77,308
ข้าวเหนียว,5,131,655
ไก่ย่าง,1,60,60
แจ่วบอง,2,46,92
น้ำตกหมู,1,42,42
แหนม,4,58,232
ปลาดุกย่าง,1,147,147
ไส้กรอกอีสาน,5,145,725
แจ่วบอง,4,136,544
ข้าวจี่,5,55,275
หมูยอ,1,150,150
แจ่วบอง,2,84,168
แกงอ่อม,3,126,378
แจ่วบอง,5,122,610
ปลาดุกย่าง,2,112,224
ส้มตำ,4,48,192
ไก่ย่าง,1,118,118
ปลาดุกย่าง,1,43,43
หมูยอ,1,103,103
แหนม,3,105,315
ไก่ย่าง,4,98,392
ไส้กรอกอีสาน,2,53,106
ข้าวจี่,5,127,635
แจ่วบอง,3,123,369
ไก่ย่าง,3,81,243
ไก่ย่าง,5,31,155
ปลาดุกย่าง,4,148,592
ซุปหน่อไม้,3,104,312
ตำไทย,4,49,196
น้ำตกหมู,5,84,420
ไส้กรอกอีสาน,3,131,393
ลาบหมู,3,129,387
ส้มตำ,2,131,262
ไส้กรอกอีสาน,3,53,159
ข้าวเหนียว,2,97,194
ก้อยปลา,5,34,170
ข้าวจี่,4,99,396
แจ่วบอง,5,90,450
ก้อยปลา,1,118,118
ไส้กรอกอีสาน,5,110,550
ตำแตง,3,72,216
ข้าวเหนียว,4,98,392
แหนม,5,75,375
ปลาดุกย่าง,2,124,248
ปลาร้าบอง,4,74,296
แหนม,5,57,285
ตำปู,1,64,64
ต้มแซ่บ,4,43,172
หมูยอ,3,138,414
ปลาร้าบอง,2,140,280
ปลาดุกย่าง,4,149,596
ตำปู,4,143,572
ไส้กรอกอีสาน,2,56,112
หมูยอ,3,108,324
ส้มตำ,2,37,74
ไส้กรอกอีสาน,3,63,189
ปลาดุกย่าง,4,120,480
ตำแตง,2,138,276
น้ำตกหมู,3,63,189
น้ำตกหมู,2,82,164
แจ่วบอง,1,84,84
ข้าวจี่,4,38,152
ลาบหมู,5,102,510
ข้าวจี่,5,85,425
ซุปหน่อไม้,2,71,142
ลาบหมู,1,102,102
แหนม,2,136,272
แจ่วบอง,3,44,132
ก้อยปลา,2,38,76
ข้าวจี่,3,52,156
ก้อยปลา,4,80,320
ก้อยปลา,1,93,93
แหนม,2,92,184
ซุปหน่อไม้,2,76,152
หมกหน่อไม้,1,76,76
ไก่ย่าง,2,117,234
ก้อยปลา,3,40,120
ต้มแซ่บ,4,68,272
ตำไทย,5,61,305
น้ำตกหมู,1,108,108
ปลาร้าบอง,1,61,61
ปลาร้าบอง,5,129,645
ต้มแซ่บ,3,125,375
ข้าวเหนียว,4,124,496
น้ำตกหมู,4,83,332
ปลาดุกย่าง,2,52,104
ลาบหมู,1,83,83
แกงอ่อม,5,46,230
ปลาร้าบอง,1,146,146
ก้อยปลา,1,135,135
ต้มแซ่บ,3,42,126
ลาบหมู,5,34,170
แจ่วบอง,1,64,64
ตำไทย,3,41,123
หมกหน่อไม้,2,36,72
ตำไทย,4,131,524
ส้มตำ,2,86,172
ลาบหมู,5,70,350
ต้มแซ่บ,1,89,89
ปลาร้าบอง,4,48,192
ก้อยปลา,2,80,160
ข้าวจี่,3,89,267
ตำแตง,4,102,408
ตำปู,1,56,56
ก้อยปลา,2,55,110
ข้าวเหนียว,5,70,350
ตำแตง,3,136,408
ข้าวเหนียว,3,64,192
ไก่ย่าง,4,120,480
ต้มแซ่บ,5,133,665
หมูยอ,1,95,95
ตำปู,3,98,294
น้ำตกหมู,2,117,234
ก้อยปลา,4,108,432
ซุปหน่อไม้,5,131,655
ตำแตง,5,43,215
ข้าวเหนียว,2,36,72
ไส้กรอกอีสาน,2,47,94
ตำปู,2,52,104
หมกหน่อไม้,2,48,96
ไส้กรอกอีสาน,2,137,274
ต้มแซ่บ,1,121,121
ตำปู,4,48,192
ต้มแซ่บ,1,149,149
ข้าวจี่,5,79,395
ข้าวเหนียว,2,118,236
ซุปหน่อไม้,5,125,625
ก้อยปลา,2,90,180
ส้มตำ,5,54,270
น้ำตกหมู,4,88,352
ข้าวจี่,5,46,230
ตำแตง,4,81,324
ก้อยปลา,3,95,285
ตำไทย,2,74,148
ข้าวเหนียว,2,94,188
ซุปหน่อไม้,3,130,390
ก้อยปลา,4,99,396
หมกหน่อไม้,4,42,168
ไก่ย่าง,5,125,625
ปลาร้าบอง,2,59,118
ต้มแซ่บ,4,101,404
ข้าวจี่,3,150,450
ลาบหมู,3,51,153
ปลาดุกย่าง,2,134,268
ปลาร้าบอง,1,79,79
ตำแตง,3,70,210
ข้าวจี่,3,122,366
ไก่ย่าง,1,114,114
ลาบหมู,3,131,393
ส้มตำ,1,36,36
ต้มแซ่บ,3,116,348
หมูยอ,4,62,248
แหนม,3,103,309
ไก่ย่าง,4,49,196
ลาบหมู,5,71,355
ก้อยปลา,5,31,155
แจ่วบอง,2,141,282
แกงอ่อม,3,88,264
ตำไทย,2,123,246
ตำไทย,1,137,137
ตำปู,1,72,72
ลาบหมู,4,96,384
ไส้กรอกอีสาน,3,64,192
ลาบหมู,4,89,356
ลาบหมู,1,52,52
ก้อยปลา,4,59,236
น้ำตกหมู,4,45,180
แหนม,4,94,376
ต้มแซ่บ,4,59,236
ตำไทย,5,50,250
ไส้กรอกอีสาน,5,120,600
แจ่วบอง,2,122,244
แจ่วบอง,1,106,106
ตำไทย,2,66,132
ข้าวจี่,3,125,375
ลาบหมู,5,75,375
ตำแตง,3,54,162
หมูยอ,2,71,142
หมูยอ,4,133,532
ข้าวจี่,4,120,480
ส้มตำ,4,36,144
น้ำตกหมู,4,124,496
แกงอ่อม,3,42,126
หมกหน่อไม้,4,131,524
ลาบหมู,2,99,198
ซุปหน่อไม้,1,91,91
ปลาดุกย่าง,3,139,417
ส้มตำ,4,80,320
ตำปู,1,113,113
หมกหน่อไม้,1,68,68
หมูยอ,3,145,435
หมกหน่อไม้,2,120,240
ข้าวเหนียว,2,105,210
น้ำตกหมู,4,100,400
ปลาดุกย่าง,4,30,120
ซุปหน่อไม้,1,67,67
ไก่ย่าง,1,127,127
แกงอ่อม,5,86,430
ตำปู,5,87,435
ปลาดุกย่าง,4,48,192
แหนม,1,63,63
ก้อยปลา,2,61,122
แกงอ่อม,4,111,444
หมกหน่อไม้,5,104,520
ต้มแซ่บ,1,65,65
ลาบหมู,5,74,370
แหนม,2,63,126
หมูยอ,2,55,110
แจ่วบอง,5,123,615
แกงอ่อม,4,63,252
ตำแตง,4,30,120
หมกหน่อไม้,1,31,31
ไก่ย่าง,4,137,548
น้ำตกหมู,1,61,61
ซุปหน่อไม้,1,36,36
หมูยอ,2,67,134
ข้าวเหนียว,5,147,735
ข้าวจี่,3,65,195
ปลาร้าบอง,4,63,252
ต้มแซ่บ,4,107,428
แกงอ่อม,1,147,147
หมูยอ,3,91,273
ไก่ย่าง,3,60,180
ตำปู,1,62,62
ก้อยปลา,5,146,730
แจ่วบอง,5,108,540
ตำแตง,3,84,252
ต้มแซ่บ,4,115,460
แกงอ่อม,4,117,468
แจ่วบอง,3,32,96
หมกหน่อไม้,4,119,476
ส้มตำ,3,117,351
แกงอ่อม,3,101,303
แจ่วบอง,5,117,585
หมกหน่อไม้,3,89,267
ก้อยปลา,1,139,139
แกงอ่อม,3,91,273
ปลาดุกย่าง,3,75,225
ส้มตำ,2,124,248
ตำปู,3,38,114
ซุปหน่อไม้,5,55,275
ปลาร้าบอง,3,135,405
น้ำตกหมู,5,88,440
ซุปหน่อไม้,2,90,180
ต้มแซ่บ,1,90,90
ปลาร้าบอง,3,126,378
ก้อยปลา,1,110,110
แหนม,5,148,740
ไก่ย่าง,3,128,384
ตำปู,4,61,244
ก้อยปลา,5,96,480
ปลาร้าบอง,3,110,330
แจ่วบอง,2,58,116
ตำไทย,2,88,176
ปลาดุกย่าง,5,43,215
แจ่วบอง,1,74,74
ส้มตำ,3,89,267
ข้าวจี่,1,81,81
แหนม,2,146,292
แหนม,3,89,267
ซุปหน่อไม้,2,73,146
แหนม,3,35,105
ปลาร้าบอง,2,146,292
ปลาดุกย่าง,4,74,296
ไส้กรอกอีสาน,2,37,74
ตำปู,2,64,128
ซุปหน่อไม้,2,120,240
ส้มตำ,3,115,345
ซุปหน่อไม้,1,33,33
ลาบหมู,5,142,710
ตำปู,5,41,205
แจ่วบอง,5,132,660
ซุปหน่อไม้,2,137,274
ปลาดุกย่าง,1,126,126
ข้าวจี่,3,116,348
ตำแตง,5,150,750
ก้อยปลา,4,64,256
ลาบหมู,3,134,402
ซุปหน่อไม้,4,110,440
ปลาร้าบอง,3,88,264
หมกหน่อไม้,3,121,363
ข้าวเหนียว,1,123,123
แกงอ่อม,1,136,136
ข้าวเหนียว,4,131,524
ข้าวจี่,3,72,216
ต้มแซ่บ,4,50,200
ซุปหน่อไม้,1,71,71
ก้อยปลา,5,96,480
ตำปู,4,100,400
ข้าวจี่,3,69,207
ข้าวเหนียว,1,34,34
ตำปู,1,61,61
ไส้กรอกอีสาน,3,140,420
ก้อยปลา,5,88,440
ไก่ย่าง,2,59,118
ตำแตง,3,145,435
หมูยอ,2,104,208
ปลาร้าบอง,3,150,450
ตำแตง,1,38,38
แหนม,3,146,438
แกงอ่อม,3,74,222
ปลาร้าบอง,4,126,504
ข้าวเหนียว,4,61,244
ข้าวจี่,2,110,220
ต้มแซ่บ,5,112,560
ปลาดุกย่าง,1,100,100
ตำแตง,2,123,246
ข้าวจี่,1,113,113
ซุปหน่อไม้,3,35,105
ตำไทย,2,134,268
ตำแตง,3,141,423
ส้มตำ,5,94,470
หมกหน่อไม้,3,114,342
แกงอ่อม,2,148,296
ไส้กรอกอีสาน,1,72,72
ก้อยปลา,4,90,360
ก้อยปลา,3,120,360
ข้าวเหนียว,5,52,260
ต้มแซ่บ,2,45,90
ไส้กรอกอีสาน,4,87,348
ไก่ย่าง,5,93,465
แจ่วบอง,5,132,660
ไส้กรอกอีสาน,1,119,119
แหนม,3,45,135
ตำไทย,2,44,88
ไก่ย่าง,1,65,65
หมกหน่อไม้,4,37,148
ข้าวเหนียว,4,131,524
ไส้กรอกอีสาน,5,84,420
หมูยอ,4,129,516
ปลาร้าบอง,4,100,400
ลาบหมู,4,141,564
ต้มแซ่บ,3,53,159
ลาบหมู,2,133,266
ปลาดุกย่าง,1,34,34
ลาบหมู,4,107,428
ข้าวจี่,4,32,128
ไก่ย่าง,1,65,65
ข้าวจี่,5,56,280
ซุปหน่อไม้,1,54,54
ลาบหมู,1,148,148
ลาบหมู,2,147,294
ตำไทย,4,61,244
ตำแตง,4,69,276
ไส้กรอกอีสาน,4,41,164
ก้อยปลา,2,107,214
ตำปู,5,113,565
ส้มตำ,3,50,150
ปลาร้าบอง,3,60,180
แกงอ่อม,2,121,242
ตำปู,1,127,127
ตำแตง,2,34,68
ปลาร้าบอง,3,141,423
ซุปหน่อไม้,1,73,73
ต้มแซ่บ,1,117,117
น้ำตกหมู,2,96,192
ไก่ย่าง,5,115,575
น้ำตกหมู,2,50,100
ก้อยปลา,1,114,114
ข้าวจี่,3,120,360
ไส้กรอกอีสาน,1,140,140
ต้มแซ่บ,5,128,640
ตำแตง,2,122,244
ปลาดุกย่าง,2,128,256
แหนม,2,139,278
ปลาร้าบอง,1,120,120
แหนม,5,102,510
ส้มตำ,4,135,540
ปลาดุกย่าง,2,106,212
ปลาดุกย่าง,2,129,258
ข้าวเหนียว,4,84,336
ปลาดุกย่าง,4,48,192
ซุปหน่อไม้,4,54,216
หมูยอ,1,42,42
หมกหน่อไม้,4,132,528
น้ำตกหมู,2,65,130
ลาบหมู,5,116,580
น้ำตกหมู,4,42,168
ตำแตง,5,131,655
ก้อยปลา,4,37,148
น้ำตกหมู,1,112,112
ไส้กรอกอีสาน,4,113,452
หมูยอ,3,31,93
ปลาร้าบอง,1,124,124
ตำไทย,5,108,540
แจ่วบอง,5,143,715
หมูยอ,3,100,300
หมูยอ,4,63,252
ข้าวจี่,4,111,444
หมกหน่อไม้,2,132,264
แหนม,3,123,369
น้ำตกหมู,5,56,280
ตำแตง,3,91,273
ปลาดุกย่าง,5,125,625
ลาบหมู,2,37,74
ข้าวเหนียว,3,139,417
แกงอ่อม,1,116,116
ข้าวจี่,5,123,615
ไก่ย่าง,5,36,180
แจ่วบอง,5,78,390
ต้มแซ่บ,2,101,202
ลาบหมู,4,139,556
น้ำตกหมู,1,39,39
ตำไทย,4,54,216
แหนม,2,70,140
ก้อยปลา,1,137,137
ส้มตำ,3,43,129
หมูยอ,4,87,348
น้ำตกหมู,3,61,183
ตำปู,5,114,570
แจ่วบอง,2,134,268
ไส้กรอกอีสาน,4,132,528
ไก่ย่าง,1,67,67
ข้าวเหนียว,2,36,72
ตำปู,1,108,108
น้ำตกหมู,2,134,268
ต้มแซ่บ,3,97,291
แหนม,4,62,248
ตำแตง,3,121,363
แจ่วบอง,1,118,118
แกงอ่อม,4,37,148
น้ำตกหมู,3,108,324
ก้อยปลา,3,125,375
ปลาร้าบอง,1,117,117
ไก่ย่าง,1,102,102
ตำไทย,4,36,144
ปลาดุกย่าง,4,141,564
ไส้กรอกอีสาน,4,128,512
ต้มแซ่บ,4,126,504
แกงอ่อม,3,100,300
ตำแตง,4,60,240
ส้มตำ,1,93,93
แหนม,2,117,234
หมูยอ,3,116,348
ส้มตำ,2,139,278
ต้มแซ่บ,2,119,238
ตำแตง,3,41,123
ปลาร้าบอง,2,75,150
ซุปหน่อไม้,2,89,178
ปลาดุกย่าง,1,107,107
แกงอ่อม,1,110,110
แหนม,2,93,186
แจ่วบอง,1,99,99
ข้าวเหนียว,5,41,205
ปลาร้าบอง,3,65,195
ตำไทย,5,84,420
ก้อยปลา,4,111,444
น้ำตกหมู,5,58,290
ข้าวจี่,1,127,127
ไก่ย่าง,4,106,424
ตำแตง,5,105,525
ข้าวเหนียว,2,147,294
ก้อยปลา,1,85,85
หมูยอ,1,126,126
ปลาดุกย่าง,5,149,745
ต้มแซ่บ,2,139,278
แหนม,4,81,324
ต้มแซ่บ,4,45,180
ปลาร้าบอง,4,69,276
ไก่ย่าง,3,67,201
แหนม,3,118,354
ตำแตง,1,89,89
ข้าวเหนียว,2,137,274
ต้มแซ่บ,3,88,264
ปลาร้าบอง,1,109,109
ไก่ย่าง,3,144,432
ส้มตำ,5,40,200
น้ำตกหมู,4,113,452
ซุปหน่อไม้,3,59,177
ข้าวเหนียว,5,137,685
แจ่วบอง,5,82,410
ตำแตง,5,83,415
ต้มแซ่บ,2,66,132
ตำปู,5,34,170
ข้าวเหนียว,1,121,121
หมูยอ,2,133,266
ไก่ย่าง,3,109,327
ต้มแซ่บ,1,146,146
ต้มแซ่บ,2,49,98
ตำปู,1,75,75
หมูยอ,4,111,444
ก้อยปลา,3,86,258
ไส้กรอกอีสาน,4,66,264
ตำปู,5,94,470
ตำแตง,4,84,336
ต้มแซ่บ,2,107,214
ข้าวเหนียว,3,130,390
ส้มตำ,4,78,312
ไส้กรอกอีสาน,1,80,80
ข้าวจี่,1,68,68
แกงอ่อม,3,37,111
ตำไทย,1,38,38
แกงอ่อม,2,95,190
ซุปหน่อไม้,5,79,395
น้ำตกหมู,2,41,82
ตำแตง,4,67,268
ตำแตง,1,52,52
ส้มตำ,4,72,288
ข้าวเหนียว,5,87,435
ตำไทย,4,42,168
หมกหน่อไม้,5,35,175
หมกหน่อไม้,2,81,162
ก้อยปลา,5,74,370
ตำไทย,4,117,468
ลาบหมู,5,53,265
ซุปหน่อไม้,1,49,49
ตำปู,4,124,496
ก้อยปลา,4,127,508
ตำไทย,3,132,396
ตำไทย,1,56,56
ข้าวจี่,2,67,134
ซุปหน่อไม้,2,123,246
ลาบหมู,5,103,515
หมกหน่อไม้,5,146,730
หมูยอ,1,140,140
แหนม,5,72,360
ไส้กรอกอีสาน,5,39,195
ตำไทย,3,48,144
แหนม,1,141,141
ตำไทย,4,120,480
ส้มตำ,5,69,345
ข้าวเหนียว,1,123,123
แจ่วบอง,3,52,156
ข้าวจี่,2,110,220
ตำไทย,2,149,298
ปลาดุกย่าง,4,106,424
ต้มแซ่บ,1,113,113
ตำแตง,3,125,375
ซุปหน่อไม้,1,69,69
ไส้กรอกอีสาน,4,111,444
น้ำตกหมู,2,56,112
ข้าวเหนียว,1,73,73
ไก่ย่าง,1,30,30
ไก่ย่าง,3,137,411
ไส้กรอกอีสาน,4,107,428
แกงอ่อม,1,65,65
แกงอ่อม,1,132,132
ข้าวเหนียว,3,145,435
แจ่วบอง,2,148,296
ตำแตง,2,137,274
ลาบหมู,1,126,126
แหนม,1,143,143
ไส้กรอกอีสาน,3,70,210
ส้มตำ,1,85,85
หมูยอ,4,30,120
ซุปหน่อไม้,1,119,119
ปลาดุกย่าง,2,140,280
หมกหน่อไม้,3,94,282
แกงอ่อม,1,137,137
ไก่ย่าง,2,124,248
ตำแตง,1,72,72
ลาบหมู,5,47,235
ไก่ย่าง,5,127,635
หมูยอ,4,121,484
ไส้กรอกอีสาน,5,47,235
ซุปหน่อไม้,3,146,438
ปลาดุกย่าง,5,59,295
หมูยอ,3,80,240
ไก่ย่าง,1,102,102
ข้าวจี่,4,106,424
ตำไทย,3,84,252
ซุปหน่อไม้,3,121,363
ก้อยปลา,1,85,85
ปลาร้าบอง,5,119,595
ปลาดุกย่าง,3,145,435
ข้าวจี่,2,36,72
ก้อยปลา,2,113,226
ซุปหน่อไม้,1,80,80
ตำไทย,1,33,33
ซุปหน่อไม้,5,107,535
หมูยอ,1,52,52
น้ำตกหมู,5,43,215
หมูยอ,2,93,186
น้ำตกหมู,4,59,236
ข้าวจี่,3,42,126
ตำไทย,2,57,114
ปลาดุกย่าง,3,149,447
ตำไทย,2,111,222
ตำปู,1,68,68
ปลาร้าบอง,2,86,172
หมกหน่อไม้,1,45,45
ปลาร้าบอง,3,95,285
ไส้กรอกอีสาน,1,122,122
ปลาร้าบอง,4,49,196
ข้าวเหนียว,2,47,94
ตำแตง,2,48,96
ข้าวจี่,5,129,645
ก้อยปลา,1,114,114
ข้าวจี่,4,60,240
ก้อยปลา,2,87,174
ปลาดุกย่าง,2,73,146
แจ่วบอง,3,128,384
ตำปู,5,79,395
ข้าวเหนียว,3,139,417
หมกหน่อไม้,1,47,47
ก้อยปลา,1,110,110
ตำไทย,3,54,162
ข้าวจี่,1,116,116
ตำไทย,4,55,220
น้ำตกหมู,2,67,134
ไส้กรอกอีสาน,3,99,297
หมูยอ,5,82,410
ไก่ย่าง,3,126,378
ข้าวเหนียว,1,131,131
ลาบหมู,4,72,288
ไก่ย่าง,1,58,58
ข้าวจี่,5,63,315
ไส้กรอกอีสาน,5,34,170
ไส้กรอกอีสาน,2,99,198
ส้มตำ,1,38,38
ส้มตำ,3,118,354
ข้าวเหนียว,3,93,279
ข้าวจี่,2,138,276
แจ่วบอง,1,48,48
หมูยอ,1,96,96
ปลาดุกย่าง,3,140,420
แจ่วบอง,5,77,385
แกงอ่อม,1,90,90
ส้มตำ,1,74,74
ปลาดุกย่าง,3,61,183
ซุปหน่อไม้,5,106,530
ปลาร้าบอง,5,79,395
ตำปู,2,145,290
ลาบหมู,4,65,260
ปลาร้าบอง,3,134,402
ตำแตง,3,116,348
ข้าวเหนียว,2,145,290
ตำปู,3,78,234
ตำแตง,2,83,166
ปลาร้าบอง,1,40,40
ไก่ย่าง,4,56,224
ตำแตง,5,47,235
ปลาดุกย่าง,1,41,41
ไก่ย่าง,1,122,122
ต้มแซ่บ,1,51,51
ก้อยปลา,2,32,64
หมูยอ,3,108,324
แจ่วบอง,4,92,368
ไก่ย่าง,5,51,255
ส้มตำ,4,82,328
แกงอ่อม,2,132,264
แกงอ่อม,1,86,86
หมกหน่อไม้,3,79,237
ปลาร้าบอง,3,44,132
ส้มตำ,3,40,120
ปลาดุกย่าง,2,125,250
ไก่ย่าง,3,79,237
ลาบหมู,3,46,138
ตำไทย,1,112,112
ตำปู,5,145,725
ก้อยปลา,5,76,380
ตำปู,1,134,134
ข้าวจี่,1,74,74
ปลาร้าบอง,2,130,260
ไส้กรอกอีสาน,3,125,375
ตำปู,3,92,276
ตำแตง,2,46,92
แหนม,3,43,129
หมกหน่อไม้,3,111,333
ข้าวเหนียว,3,100,300
ลาบหมู,2,46,92
ไส้กรอกอีสาน,3,125,375
แกงอ่อม,1,77,77
ปลาดุกย่าง,3,98,294
ต้มแซ่บ,2,83,166
น้ำตกหมู,2,81,162
แหนม,4,121,484
ข้าวจี่,5,54,270
ข้าวเหนียว,5,87,435
ก้อยปลา,2,80,160
ตำแตง,3,126,378
ต้มแซ่บ,3,147,441
หมกหน่อไม้,2,42,84
ต้มแซ่บ,3,70,210
ปลาร้าบอง,3,46,138
ตำปู,5,40,200
ไก่ย่าง,2,130,260
ปลาร้าบอง,1,119,119
ต้มแซ่บ,1,80,80
แหนม,4,94,376
ไส้กรอกอีสาน,2,54,108
หมกหน่อไม้,4,121,484
แหนม,1,91,91
ลาบหมู,2,94,188
ไส้กรอกอีสาน,5,34,170
ไก่ย่าง,1,119,119
หมูยอ,5,124,620
ซุปหน่อไม้,1,83,83
หมูยอ,2,64,128
ตำแตง,1,137,137
ตำแตง,4,66,264
ตำแตง,3,62,186
หมกหน่อไม้,4,31,124
ปลาร้าบอง,2,72,144
แกงอ่อม,2,51,102
ตำไทย,5,115,575
ตำไทย,2,93,186
ลาบหมู,1,30,30
หมูยอ,1,66,66
แหนม,2,149,298
หมกหน่อไม้,2,114,228
ซุปหน่อไม้,4,135,540
ต้มแซ่บ,1,120,120
ข้าวเหนียว,4,111,444
ไส้กรอกอีสาน,2,43,86
ซุปหน่อไม้,1,101,101
หมกหน่อไม้,4,103,412
ตำไทย,2,38,76
แจ่วบอง,2,91,182
น้ำตกหมู,1,54,54
ก้อยปลา,4,38,152
ไส้กรอกอีสาน,1,35,35
ลาบหมู,3,76,228
ก้อยปลา,4,66,264
น้ำตกหมู,5,143,715
ตำปู,5,90,450
ข้าวเหนียว,1,77,77
หมกหน่อไม้,5,73,365
ไก่ย่าง,4,99,396
หมกหน่อไม้,3,74,222
ก้อยปลา,1,104,104
ก้อยปลา,3,143,429
ข้าวเหนียว,3,95,285
ไส้กรอกอีสาน,4,60,240
ไก่ย่าง,5,62,310
ปลาดุกย่าง,2,50,100
ข้าวจี่,2,123,246
แหนม,1,92,92
น้ำตกหมู,4,30,120
ไก่ย่าง,5,91,455
ลาบหมู,5,71,355
ปลาร้าบอง,2,59,118
ข้าวจี่,5,85,425
หมูยอ,1,84,84
แจ่วบอง,2,135,270
หมกหน่อไม้,4,85,340
ส้มตำ,3,101,303
ก้อยปลา,3,83,249
ต้มแซ่บ,3,57,171
ไส้กรอกอีสาน,4,124,496
ปลาดุกย่าง,3,145,435
ลาบหมู,3,83,249
แกงอ่อม,3,30,90
หมูยอ,1,99,99
ตำปู,3,50,150
ปลาดุกย่าง,4,137,548
หมกหน่อไม้,1,147,147
ข้าวเหนียว,5,109,545
ไก่ย่าง,2,66,132
ปลาร้าบอง,4,118,472
น้ำตกหมู,2,121,242
ส้มตำ,5,115,575
หมูยอ,5,55,275
แกงอ่อม,4,51,204
ไส้กรอกอีสาน,1,107,107
แจ่วบอง,1,101,101
ซุปหน่อไม้,1,78,78
ตำปู,5,77,385
แหนม,3,60,180
หมกหน่อไม้,4,55,220
ข้าวจี่,5,135,675
แกงอ่อม,4,52,208
ตำไทย,1,57,57
แหนม,4,113,452
ก้อยปลา,4,114,456
หมกหน่อไม้,4,124,496
ไส้กรอกอีสาน,1,68,68
ก้อยปลา,1,86,86
หมกหน่อไม้,3,112,336
หมกหน่อไม้,1,125,125
ต้มแซ่บ,1,140,140
ปลาร้าบอง,1,150,150
ต้มแซ่บ,1,43,43
น้ำตกหมู,5,34,170
ลาบหมู,2,146,292
ก้อยปลา,3,54,162
น้ำตกหมู,3,126,378
ตำปู,4,55,220
ตำแตง,4,59,236
ต้มแซ่บ,5,114,570
ซุปหน่อไม้,1,36,36
ส้มตำ,4,79,316
ไก่ย่าง,2,80,160
ปลาร้าบอง,2,66,132
ไก่ย่าง,1,56,56
ก้อยปลา,3,100,300
แกงอ่อม,5,53,265
แจ่วบอง,5,43,215
ตำไทย,3,135,405
หมกหน่อไม้,2,113,226
แหนม,1,83,83
ปลาร้าบอง,1,122,122
ส้มตำ,2,72,144
แกงอ่อม,1,111,111
ลาบหมู,2,88,176
แหนม,2,69,138
ไส้กรอกอีสาน,5,66,330
น้ำตกหมู,2,41,82
ข้าวจี่,2,74,148
แหนม,5,84,420
ไก่ย่าง,3,149,447
ก้อยปลา,1,129,129
ปลาดุกย่าง,4,137,548
ก้อยปลา,1,46,46
ก้อยปลา,1,136,136
ก้อยปลา,1,126,126
แจ่วบอง,4,32,128
ตำปู,3,111,333
ก้อยปลา,5,90,450
น้ำตกหมู,1,66,66
ตำปู,4,125,500
ตำไทย,3,71,213
ปลาดุกย่าง,2,122,244
หมกหน่อไม้,5,63,315
แกงอ่อม,2,88,176
หมูยอ,1,72,72
ข้าวจี่,3,45,135
แกงอ่อม,3,64,192
ต้มแซ่บ,3,66,198
ต้มแซ่บ,5,110,550
แหนม,3,93,279
ซุปหน่อไม้,4,126,504
ตำปู,4,59,236
ก้อยปลา,4,69,276
ไส้กรอกอีสาน,4,35,140
ก้อยปลา,2,119,238
ส้มตำ,5,55,275
แกงอ่อม,1,130,130
ไก่ย่าง,2,108,216
ข้าวจี่,5,32,160
ลาบหมู,1,53,53
หมูยอ,3,96,288
ตำแตง,2,41,82
ข้าวจี่,5,117,585
หมกหน่อไม้,3,84,252
ตำแตง,1,42,42
ไส้กรอกอีสาน,1,47,47
แจ่วบอง,5,41,205
น้ำตกหมู,1,128,128
แจ่วบอง,1,67,67
ต้มแซ่บ,3,34,102
แกงอ่อม,2,104,208
ปลาร้าบอง,5,117,585
แกงอ่อม,3,64,192
หมูยอ,1,141,141
แกงอ่อม,4,129,516
ต้มแซ่บ,2,30,60
ส้มตำ,2,44,88
ไส้กรอกอีสาน,1,95,95
ตำไทย,1,108,108
ข้าวเหนียว,4,64,256
ตำแตง,1,99,99
แหนม,4,68,272
ข้าวจี่,1,99,99
ต้มแซ่บ,5,110,550
ก้อยปลา,3,147,441
ตำปู,4,95,380
ข้าวเหนียว,5,32,160
ก้อยปลา,4,149,596
แหนม,2,35,70
หมกหน่อไม้,3,117,351
ตำปู,3,67,201
ไส้กรอกอีสาน,5,75,375
ส้มตำ,5,108,540
ข้าวจี่,1,67,67
ข้าวเหนียว,5,55,275
ปลาร้าบอง,2,37,74
ไส้กรอกอีสาน,4,150,600
ต้มแซ่บ,2,73,146
ปลาร้าบอง,5,55,275
หมกหน่อไม้,3,41,123
ซุปหน่อไม้,4,147,588
แกงอ่อม,2,70,140
ซุปหน่อไม้,1,128,128
ปลาดุกย่าง,5,96,480
ข้าวจี่,1,103,103
ลาบหมู,2,45,90
ลาบหมู,2,118,236
ตำปู,1,89,89
ซุปหน่อไม้,4,81,324
แจ่วบอง,3,106,318
หมูยอ,2,137,274
ส้มตำ,1,130,130
ตำแตง,2,52,104
น้ำตกหมู,2,136,272
แจ่วบอง,2,141,282
ซุปหน่อไม้,5,126,630
ปลาดุกย่าง,4,38,152
ตำแตง,2,61,122
ลาบหมู,2,81,162
ตำแตง,5,55,275
ตำแตง,2,91,182
หมูยอ,5,114,570
ตำปู,3,81,243
ไส้กรอกอีสาน,5,54,270
ปลาร้าบอง,1,95,95
ก้อยปลา,3,83,249
ก้อยปลา,4,44,176
ตำแตง,5,139,695
ก้อยปลา,5,138,690
แจ่วบอง,1,85,85
ซุปหน่อไม้,1,44,44
ปลาดุกย่าง,3,144,432
แกงอ่อม,3,95,285
ตำไทย,1,118,118
หมูยอ,5,93,465
ปลาดุกย่าง,3,64,192
ตำไทย,2,117,234
ปลาดุกย่าง,4,63,252
แกงอ่อม,5,37,185
ปลาร้าบอง,3,91,273
ข้าวจี่,3,131,393
ตำแตง,5,83,415
ข้าวจี่,4,90,360
ไก่ย่าง,2,127,254
ตำแตง,4,143,572
หมูยอ,3,52,156
หมกหน่อไม้,3,75,225
ต้มแซ่บ,2,79,158
น้ำตกหมู,4,86,344
ตำปู,1,129,129
ไก่ย่าง,4,111,444
ตำไทย,3,108,324
ข้าวจี่,1,84,84
หมกหน่อไม้,1,144,144
ตำไทย,5,33,165
ข้าวจี่,4,94,376
แหนม,2,137,274
ข้าวจี่,5,143,715
หมูยอ,1,50,50
แจ่วบอง,3,77,231
ข้าวจี่,4,63,252
ตำปู,3,48,144
ตำไทย,5,31,155
ตำไทย,4,80,320
แจ่วบอง,1,34,34
ส้มตำ,1,110,110
ไก่ย่าง,1,89,89
หมูยอ,5,91,455
ข้าวเหนียว,1,66,66
แจ่วบอง,4,119,476
น้ำตกหมู,2,61,122
ส้มตำ,5,141,705
แจ่วบอง,1,93,93
ซุปหน่อไม้,4,139,556
แกงอ่อม,1,99,99
ข้าวเหนียว,1,50,50
ปลาร้าบอง,4,60,240
ตำปู,1,55,55
หมูยอ,4,127,508
ต้มแซ่บ,3,47,141
ปลาร้าบอง,1,105,105
แกงอ่อม,3,90,270
หมูยอ,1,86,86
ก้อยปลา,3,47,141
ต้มแซ่บ,4,42,168
ข้าวเหนียว,4,129,516
ส้มตำ,3,80,240
ปลาร้าบอง,1,123,123
ซุปหน่อไม้,1,114,114
แจ่วบอง,5,68,340
ก้อยปลา,3,115,345
ตำแตง,5,38,190
ปลาดุกย่าง,2,35,70
ส้มตำ,2,98,196
ลาบหมู,4,108,432
ตำแตง,1,58,58
ตำไทย,4,82,328
น้ำตกหมู,2,60,120
ส้มตำ,1,92,92
ข้าวเหนียว,1,140,140
ตำแตง,2,61,122
แกงอ่อม,4,30,120
แหนม,4,68,272
หมกหน่อไม้,3,109,327
ต้มแซ่บ,3,41,123
ปลาร้าบอง,4,102,408
ไก่ย่าง,2,137,274
แจ่วบอง,1,50,50
หมูยอ,4,128,512
น้ำตกหมู,2,130,260
แจ่วบอง,1,95,95
ก้อยปลา,2,93,186
ปลาดุกย่าง,5,101,505
ส้มตำ,4,147,588
แกงอ่อม,2,100,200
ปลาดุกย่าง,1,127,127
ตำไทย,1,95,95
หมูยอ,5,146,730
ไก่ย่าง,3,71,213
ตำแตง,3,128,384
หมกหน่อไม้,3,54,162
ตำไทย,4,75,300
ซุปหน่อไม้,4,94,376
ข้าวจี่,2,44,88
ตำไทย,4,58,232
ลาบหมู,1,118,118
แกงอ่อม,1,129,129
ซุปหน่อไม้,2,71,142
แหนม,5,82,410
แกงอ่อม,3,76,228
ปลาร้าบอง,3,70,210
ตำแตง,5,139,695
แกงอ่อม,4,135,540
ข้าวเหนียว,1,52,52
หมกหน่อไม้,2,129,258
ลาบหมู,2,146,292
แหนม,3,138,414
ตำปู,5,137,685
ปลาร้าบอง,3,98,294
ไส้กรอกอีสาน,4,132,528
ต้มแซ่บ,1,119,119
น้ำตกหมู,1,137,137
ปลาดุกย่าง,3,86,258
ข้าวเหนียว,5,42,210
ต้มแซ่บ,4,142,568
ซุปหน่อไม้,3,125,375
ส้มตำ,3,131,393
ไส้กรอกอีสาน,4,141,564
ซุปหน่อไม้,1,45,45
ตำแตง,1,144,144
ปลาร้าบอง,5,72,360
แจ่วบอง,3,46,138
ตำปู,5,117,585
แกงอ่อม,4,45,180
ลาบหมู,3,92,276
ซุปหน่อไม้,3,73,219
แหนม,2,106,212
ไส้กรอกอีสาน,5,113,565
ข้าวจี่,4,85,340
แจ่วบอง,4,66,264
แกงอ่อม,1,149,149
ต้มแซ่บ,3,110,330
ตำปู,2,81,162
ลาบหมู,1,69,69
ลาบหมู,3,121,363
ไก่ย่าง,3,57,171
ปลาดุกย่าง,4,68,272
ตำแตง,5,71,355
ไก่ย่าง,5,59,295
ก้อยปลา,3,97,291
ลาบหมู,4,63,252
หมกหน่อไม้,3,120,360
ก้อยปลา,1,142,142
หมูยอ,1,66,66
ตำไทย,4,146,584
ตำแตง,3,46,138
ซุปหน่อไม้,4,141,564
ไก่ย่าง,3,131,393
ตำแตง,2,89,178
หมกหน่อไม้,2,39,78
หมกหน่อไม้,1,107,107
ซุปหน่อไม้,5,92,460
แหนม,1,105,105
ข้าวเหนียว,2,67,134
ตำไทย,5,82,410
ตำไทย,5,139,695
แจ่วบอง,5,59,295
หมูยอ,3,144,432
ปลาร้าบอง,3,77,231
ข้าวจี่,5,106,530
ข้าวจี่,4,39,156
แหนม,1,143,143
แกงอ่อม,1,99,99
ข้าวเหนียว,1,63,63
ลาบหมู,5,100,500
หมกหน่อไม้,2,52,104
ตำแตง,2,86,172
หมกหน่อไม้,2,107,214
ตำปู,3,87,261
หมกหน่อไม้,3,53,159
ลาบหมู,1,135,135
ปลาดุกย่าง,4,53,212
ปลาดุกย่าง,4,133,532
ตำไทย,3,69,207
ต้มแซ่บ,4,75,300
ข้าวจี่,5,68,340
ซุปหน่อไม้,5,123,615
ส้มตำ,3,119,357
ปลาดุกย่าง,3,112,336
ตำไทย,2,139,278
ตำปู,2,52,104
ปลาร้าบอง,3,118,354
ปลาดุกย่าง,3,34,102
ลาบหมู,1,100,100
ปลาดุกย่าง,4,92,368
ตำปู,3,144,432
ปลาดุกย่าง,3,107,321
ไส้กรอกอีสาน,4,102,408
ข้าวจี่,2,46,92
แหนม,5,135,675
ตำปู,1,63,63
ข้าวจี่,5,144,720
น้ำตกหมู,4,87,348
ตำไทย,1,84,84
ตำแตง,1,54,54
ลาบหมู,1,34,34
ตำแตง,1,51,51
ไก่ย่าง,3,79,237
ไส้กรอกอีสาน,2,49,98
ไก่ย่าง,3,69,207
ไก่ย่าง,1,121,121
ไส้กรอกอีสาน,2,81,162
ปลาดุกย่าง,4,143,572
ลาบหมู,1,38,38
ตำปู,5,121,605
หมกหน่อไม้,2,108,216
ไส้กรอกอีสาน,2,81,162
ปลาร้าบอง,1,42,42
หมกหน่อไม้,2,147,294
ก้อยปลา,3,135,405
ตำไทย,5,132,660
หมูยอ,3,129,387
ไส้กรอกอีสาน,2,42,84
หมกหน่อไม้,1,65,65
ข้าวจี่,1,109,109
ข้าวจี่,2,121,242
ส้มตำ,4,55,220
ข้าวเหนียว,2,138,276
ตำไทย,4,145,580
ปลาดุกย่าง,3,65,195
หมกหน่อไม้,2,149,298
ส้มตำ,5,127,635
หมกหน่อไม้,1,90,90
ตำปู,4,47,188
ตำปู,1,102,102
แกงอ่อม,4,78,312
ต้มแซ่บ,3,127,381
ลาบหมู,2,87,174
แหนม,1,39,39
ปลาดุกย่าง,1,112,112
หมูยอ,3,135,405
ตำไทย,1,52,52
ข้าวเหนียว,5,78,390
แจ่วบอง,2,113,226
น้ำตกหมู,4,47,188
ซุปหน่อไม้,2,140,280
ข้าวจี่,2,142,284
น้ำตกหมู,5,135,675
ไก่ย่าง,5,90,450
ไส้กรอกอีสาน,5,51,255
ปลาดุกย่าง,1,70,70
ไส้กรอกอีสาน,5,125,625
น้ำตกหมู,3,58,174
หมกหน่อไม้,3,77,231
แจ่วบอง,3,142,426
ปลาดุกย่าง,4,122,488
ปลาร้าบอง,1,62,62
ต้มแซ่บ,1,51,51
ลาบหมู,1,128,128
ก้อยปลา,5,76,380
ข้าวจี่,3,119,357
ไก่ย่าง,3,56,168
แจ่วบอง,4,74,296
แจ่วบอง,4,138,552
ก้อยปลา,5,47,235
แกงอ่อม,5,147,735
น้ำตกหมู,5,103,515
แหนม,5,94,470
ต้มแซ่บ,5,106,530
ข้าวเหนียว,1,119,119
ซุปหน่อไม้,1,71,71
หมูยอ,1,146,146
ก้อยปลา,5,138,690
แหนม,5,50,250
ต้มแซ่บ,1,137,137
หมกหน่อไม้,3,34,102
ปลาดุกย่าง,5,46,230
แกงอ่อม,4,72,288
แหนม,5,131,655
ปลาดุกย่าง,5,81,405
หมูยอ,5,30,150
ซุปหน่อไม้,4,81,324
ปลาร้าบอง,4,58,232
แกงอ่อม,2,148,296
ต้มแซ่บ,3,61,183
ลาบหมู,2,45,90
แหนม,3,138,414
หมกหน่อไม้,4,72,288
ตำแตง,3,78,234
ไส้กรอกอีสาน,1,60,60
ลาบหมู,1,85,85
ส้มตำ,4,143,572
ตำแตง,3,133,399
ตำไทย,1,99,99
ไส้กรอกอีสาน,4,147,588
ตำแตง,1,91,91
ตำปู,5,73,365
ตำปู,1,150,150
แหนม,5,142,710
ตำไทย,3,62,186
ข้าวเหนียว,2,67,134
ปลาร้าบอง,3,40,120
ซุปหน่อไม้,3,141,423
ข้าวจี่,4,111,444
ก้อยปลา,3,41,123
ซุปหน่อไม้,5,77,385
ข้าวเหนียว,1,114,114
น้ำตกหมู,2,90,180
ไส้กรอกอีสาน,1,63,63
ปลาร้าบอง,3,85,255
ไส้กรอกอีสาน,1,90,90
น้ำตกหมู,1,67,67
หมูยอ,4,43,172
ตำปู,3,79,237
แหนม,5,141,705
ตำแตง,4,118,472
ตำปู,3,69,207
ตำแตง,2,65,130
ข้าวจี่,1,94,94
ข้าวจี่,5,99,495
น้ำตกหมู,3,115,345
ตำไทย,3,89,267
ส้มตำ,4,125,500
ต้มแซ่บ,1,79,79
หมูยอ,5,124,620
ลาบหมู,3,130,390
ข้าวจี่,2,48,96
แจ่วบอง,3,60,180
ซุปหน่อไม้,3,84,252
ข้าวเหนียว,2,115,230
แหนม,3,86,258
แกงอ่อม,1,43,43
แกงอ่อม,2,92,184
น้ำตกหมู,1,107,107
น้ำตกหมู,3,42,126
ก้อยปลา,3,149,447
แกงอ่อม,1,99,99
ซุปหน่อไม้,5,75,375
ไก่ย่าง,3,136,408
แกงอ่อม,5,68,340
แหนม,3,69,207
ตำแตง,2,128,256
แหนม,3,44,132
ตำปู,2,126,252
ไส้กรอกอีสาน,4,119,476
ข้าวจี่,2,30,60
ซุปหน่อไม้,4,97,388
ข้าวจี่,5,37,185
ต้มแซ่บ,4,133,532
หมกหน่อไม้,1,80,80
ปลาดุกย่าง,5,84,420
ข้าวเหนียว,3,149,447
ต้มแซ่บ,5,128,640
ไก่ย่าง,2,120,240
ตำปู,1,51,51
หมูยอ,1,33,33
ลาบหมู,5,145,725
แกงอ่อม,4,144,576
ตำไทย,1,133,133
หมูยอ,5,132,660
แกงอ่อม,3,94,282
ส้มตำ,5,125,625
ไส้กรอกอีสาน,5,98,490
ลาบหมู,1,102,102
ตำปู,1,147,147
ตำปู,3,94,282
ต้มแซ่บ,4,105,420
แกงอ่อม,3,50,150
น้ำตกหมู,3,120,360
ปลาร้าบอง,4,67,268
ข้าวเหนียว,2,113,226
แหนม,2,147,294
หมกหน่อไม้,5,68,340
ตำไทย,2,138,276
ตำไทย,2,100,200
ส้มตำ,1,56,56
ไก่ย่าง,3,133,399
ข้าวจี่,5,125,625
ลาบหมู,1,86,86
ก้อยปลา,5,117,585
แหนม,5,145,725
แหนม,2,93,186
แหนม,4,49,196
ตำปู,1,51,51
ไส้กรอกอีสาน,2,138,276
แหนม,4,34,136
หมูยอ,4,88,352
น้ำตกหมู,1,118,118
ข้าวเหนียว,5,59,295
หมูยอ,3,128,384
ข้าวเหนียว,1,33,33
น้ำตกหมู,1,31,31
แหนม,2,101,202
หมูยอ,2,43,86
แกงอ่อม,3,129,387
ซุปหน่อไม้,5,89,445
ตำแตง,5,60,300
หมูยอ,5,91,455
แจ่วบอง,3,54,162
ลาบหมู,4,54,216
น้ำตกหมู,5,130,650
ก้อยปลา,1,150,150
ปลาดุกย่าง,2,73,146
ตำปู,5,113,565
ข้าวจี่,4,67,268
ตำแตง,2,110,220
ตำแตง,2,85,170
ก้อยปลา,5,62,310
แหนม,5,149,745
ตำแตง,1,81,81
น้ำตกหมู,1,112,112
ลาบหมู,5,51,255
ตำไทย,4,122,488
ส้มตำ,3,132,396
ตำแตง,2,116,232
หมกหน่อไม้,5,63,315
แจ่วบอง,4,116,464
แกงอ่อม,4,92,368
ไก่ย่าง,3,143,429
ตำแตง,4,114,456
ข้าวจี่,2,130,260
ไส้กรอกอีสาน,4,125,500
ข้าวเหนียว,1,87,87
น้ำตกหมู,4,86,344
หมกหน่อไม้,4,30,120
ก้อยปลา,5,147,735
ซุปหน่อไม้,5,84,420
ไส้กรอกอีสาน,5,146,730
ตำไทย,2,145,290
ไก่ย่าง,2,119,238
ซุปหน่อไม้,4,35,140
ลาบหมู,3,56,168
แหนม,3,52,156
ตำไทย,4,35,140
ซุปหน่อไม้,4,75,300
ซุปหน่อไม้,5,60,300
หมกหน่อไม้,1,98,98
ตำปู,1,110,110
แจ่วบอง,1,93,93
ส้มตำ,3,61,183
ไก่ย่าง,4,57,228
ข้าวจี่,3,47,141
ไส้กรอกอีสาน,1,98,98
ลาบหมู,2,147,294
ปลาดุกย่าง,1,143,143
ข้าวจี่,5,121,605
ตำปู,3,143,429
แหนม,4,126,504
หมูยอ,5,143,715
ข้าวจี่,1,60,60
ไส้กรอกอีสาน,3,34,102
ส้มตำ,4,112,448
ไส้กรอกอีสาน,3,135,405
น้ำตกหมู,5,118,590
แจ่วบอง,2,146,292
ปลาร้าบอง,4,134,536
ลาบหมู,2,58,116
ไก่ย่าง,3,144,432
แหนม,5,56,280
ต้มแซ่บ,2,99,198
ต้มแซ่บ,4,56,224
ปลาร้าบอง,1,55,55
ไส้กรอกอีสาน,5,32,160
น้ำตกหมู,5,146,730
ไก่ย่าง,3,51,153
หมกหน่อไม้,1,65,65
ตำแตง,5,39,195
แจ่วบอง,5,94,470
ตำปู,1,91,91
ลาบหมู,3,74,222
ตำปู,5,91,455
ไส้กรอกอีสาน,2,50,100
ข้าวเหนียว,1,112,112
ปลาร้าบอง,3,107,321
แกงอ่อม,2,56,112
หมกหน่อไม้,2,55,110
ซุปหน่อไม้,5,107,535
ไส้กรอกอีสาน,4,143,572
ข้าวเหนียว,5,30,150
ข้าวเหนียว,5,117,585
ก้อยปลา,1,147,147
แหนม,1,70,70
ต้มแซ่บ,3,129,387
ตำปู,3,131,393
ส้มตำ,1,123,123
ก้อยปลา,1,58,58
แกงอ่อม,4,114,456
แหนม,3,96,288
แกงอ่อม,3,119,357
ก้อยปลา,2,108,216
ก้อยปลา,2,149,298
ปลาร้าบอง,5,71,355
ปลาร้าบอง,4,47,188
น้ำตกหมู,1,123,123
ตำไทย,2,120,240
ลาบหมู,3,69,207
น้ำตกหมู,1,146,146
ตำแตง,5,120,600
ส้มตำ,3,144,432
ข้าวเหนียว,4,45,180
ซุปหน่อไม้,4,58,232
แจ่วบอง,5,115,575
ไส้กรอกอีสาน,1,98,98
ซุปหน่อไม้,2,86,172
หมกหน่อไม้,3,114,342
ข้าวจี่,5,132,660
ลาบหมู,4,74,296
แกงอ่อม,5,98,490
ลาบหมู,5,53,265
แจ่วบอง,3,100,300
ข้าวเหนียว,5,120,600
ไก่ย่าง,5,51,255
ลาบหมู,4,53,212
ปลาดุกย่าง,2,101,202
ข้าวเหนียว,1,105,105
ส้มตำ,1,71,71
ไส้กรอกอีสาน,3,33,99
ซุปหน่อไม้,2,92,184
ลาบหมู,4,105,420
ตำแตง,4,136,544
ปลาร้าบอง,4,44,176
ปลาดุกย่าง,2,47,94
ก้อยปลา,3,83,249
แกงอ่อม,5,115,575
ตำไทย,1,44,44
ซุปหน่อไม้,4,64,256
ตำปู,3,41,123
ตำปู,4,84,336
ข้าวจี่,2,108,216
ตำไทย,1,64,64
แหนม,1,102,102
ไส้กรอกอีสาน,1,114,114
น้ำตกหมู,1,86,86
ข้าวจี่,2,116,232
ไส้กรอกอีสาน,3,135,405
ซุปหน่อไม้,2,123,246
ไก่ย่าง,5,64,320
ตำไทย,5,133,665
ตำไทย,3,114,342
ข้าวจี่,2,128,256
ต้มแซ่บ,5,144,720
หมกหน่อไม้,2,96,192
ลาบหมู,2,87,174
ซุปหน่อไม้,1,65,65
ปลาร้าบอง,1,113,113
ต้มแซ่บ,2,46,92
ตำแตง,2,82,164
น้ำตกหมู,5,92,460
แจ่วบอง,2,112,224
แกงอ่อม,5,111,555
ซุปหน่อไม้,5,59,295
หมูยอ,1,142,142
น้ำตกหมู,4,102,408
ข้าวจี่,2,30,60
ปลาดุกย่าง,4,48,192
ไก่ย่าง,4,106,424
แหนม,5,148,740
แจ่วบอง,1,40,40
ปลาดุกย่าง,1,53,53
ตำแตง,5,117,585
ลาบหมู,3,97,291
ส้มตำ,2,66,132
ข้าวจี่,2,105,210
ก้อยปลา,1,58,58
น้ำตกหมู,2,147,294
ต้มแซ่บ,4,65,260
ซุปหน่อไม้,2,103,206
ข้าวจี่,4,33,132
ปลาร้าบอง,5,77,385
ลาบหมู,2,33,66
แกงอ่อม,5,47,235
ตำไทย,5,124,620
ตำปู,1,73,73
ลาบหมู,4,90,360
ไส้กรอกอีสาน,5,84,420
ลาบหมู,5,146,730
ก้อยปลา,1,37,37
ปลาร้าบอง,1,111,111
ลาบหมู,1,57,57
ข้าวจี่,4,76,304
น้ำตกหมู,3,38,114
ซุปหน่อไม้,3,138,414
ก้อยปลา,3,90,270
ก้อยปลา,3,62,186
แกงอ่อม,5,135,675
ลาบหมู,2,34,68
น้ำตกหมู,5,38,190
แหนม,2,99,198
ซุปหน่อไม้,3,66,198
ข้าวจี่,2,58,116
ต้มแซ่บ,3,113,339
ข้าวจี่,4,146,584
ลาบหมู,3,125,375
ข้าวจี่,5,93,465
ซุปหน่อไม้,2,139,278
หมูยอ,1,68,68
แหนม,3,92,276
ข้าวจี่,3,112,336
ตำแตง,3,117,351
ปลาร้าบอง,4,104,416
หมกหน่อไม้,1,119,119
ลาบหมู,2,107,214
ไส้กรอกอีสาน,1,44,44
ข้าวจี่,5,35,175
ซุปหน่อไม้,3,90,270
แกงอ่อม,3,69,207
ข้าวจี่,2,141,282
ไส้กรอกอีสาน,1,68,68
ลาบหมู,5,147,735
ปลาร้าบอง,1,143,143
ส้มตำ,4,49,196
ก้อยปลา,1,50,50
น้ำตกหมู,2,128,256
ปลาดุกย่าง,2,112,224
ข้าวจี่,3,95,285
ไก่ย่าง,5,148,740
ตำแตง,4,101,404
ตำแตง,2,51,102
ตำแตง,2,140,280
ข้าวเหนียว,1,130,130
ไส้กรอกอีสาน,5,110,550
ซุปหน่อไม้,5,130,650
ตำปู,3,56,168
ไก่ย่าง,1,148,148
หมูยอ,5,59,295
ลาบหมู,2,95,190
ลาบหมู,4,109,436
แกงอ่อม,3,142,426
ก้อยปลา,3,133,399
ตำแตง,4,45,180
แกงอ่อม,3,83,249
ลาบหมู,4,81,324
น้ำตกหมู,3,46,138
ตำปู,4,119,476
น้ำตกหมู,5,35,175
ส้มตำ,2,50,100
ปลาร้าบอง,1,86,86
ตำแตง,5,110,550
ปลาร้าบอง,2,76,152
แกงอ่อม,3,150,450
ลาบหมู,5,131,655
ข้าวเหนียว,4,65,260
ตำปู,2,106,212
ไก่ย่าง,4,53,212
น้ำตกหมู,1,116,116
ก้อยปลา,1,113,113
ตำแตง,4,101,404
แจ่วบอง,3,145,435
ไส้กรอกอีสาน,3,111,333
ซุปหน่อไม้,3,105,315
ปลาร้าบอง,5,79,395
หมูยอ,2,107,214
ปลาร้าบอง,4,33,132
ตำแตง,3,113,339
แจ่วบอง,1,42,42
ตำแตง,1,111,111
ไก่ย่าง,5,42,210
น้ำตกหมู,3,67,201
ข้าวจี่,5,53,265
ลาบหมู,3,111,333
ข้าวเหนียว,4,56,224
ไก่ย่าง,3,31,93
ก้อยปลา,5,100,500
ข้าวเหนียว,2,75,150
ตำไทย,4,129,516
แหนม,2,56,112
ส้มตำ,3,59,177
ปลาดุกย่าง,4,125,500
ข้าวเหนียว,3,101,303
แกงอ่อม,5,143,715
ปลาดุกย่าง,1,63,63
ปลาดุกย่าง,5,142,710
หมกหน่อไม้,5,83,415
ต้มแซ่บ,2,50,100
ไส้กรอกอีสาน,4,149,596
ปลาร้าบอง,5,82,410
ข้าวจี่,1,113,113
ปลาร้าบอง,4,48,192
ไส้กรอกอีสาน,3,97,291
ปลาดุกย่าง,5,115,575
ไก่ย่าง,2,31,62
ลาบหมู,4,129,516
ตำไทย,3,62,186
ข้าวเหนียว,3,83,249
ปลาร้าบอง,4,134,536
น้ำตกหมู,5,47,235
แกงอ่อม,2,86,172
แกงอ่อม,2,117,234
ข้าวจี่,3,86,258
แจ่วบอง,5,85,425
ตำปู,3,37,111
หมูยอ,5,122,610
ก้อยปลา,3,72,216
ต้มแซ่บ,3,88,264
ตำแตง,1,113,113
ข้าวจี่,1,54,54
หมูยอ,3,84,252
แหนม,1,69,69
ซุปหน่อไม้,1,146,146
ลาบหมู,2,88,176
ข้าวเหนียว,2,53,106
ตำไทย,3,143,429
ตำปู,3,42,126
ข้าวจี่,5,76,380
น้ำตกหมู,2,82,164
ส้มตำ,5,51,255
ข้าวเหนียว,3,96,288
ส้มตำ,4,89,356
หมกหน่อไม้,5,115,575
ไก่ย่าง,5,98,490
น้ำตกหมู,1,98,98
หมูยอ,5,47,235
ไส้กรอกอีสาน,1,43,43
ปลาร้าบอง,1,67,67
ต้มแซ่บ,4,114,456
ตำไทย,2,48,96
แหนม,4,73,292
ก้อยปลา,3,84,252
ตำแตง,2,62,124
น้ำตกหมู,4,89,356
หมูยอ,2,97,194
แหนม,1,128,128
ตำแตง,4,121,484
น้ำตกหมู,1,113,113
หมูยอ,3,143,429
แกงอ่อม,2,100,200
ตำปู,4,132,528
แกงอ่อม,1,41,41
แหนม,2,148,296
ซุปหน่อไม้,1,85,85
แจ่วบอง,5,75,375
ตำแตง,4,130,520
ปลาดุกย่าง,5,55,275
น้ำตกหมู,1,63,63
น้ำตกหมู,1,136,136
หมกหน่อไม้,4,150,600
ลาบหมู,1,44,44
ตำไทย,4,63,252
ก้อยปลา,2,90,180
ตำแตง,5,75,375
ข้าวเหนียว,2,110,220
ตำแตง,5,70,350
แจ่วบอง,3,124,372
ปลาดุกย่าง,3,91,273
ข้าวจี่,5,141,705
ตำไทย,2,117,234
ตำปู,5,56,280
ข้าวเหนียว,2,39,78
ไส้กรอกอีสาน,2,56,112
หมูยอ,2,113,226
ไส้กรอกอีสาน,2,110,220
ตำปู,3,60,180
น้ำตกหมู,2,123,246
น้ำตกหมู,3,36,108
หมกหน่อไม้,4,60,240
หมูยอ,3,116,348
ปลาดุกย่าง,5,41,205
ก้อยปลา,1,37,37
ปลาร้าบอง,1,112,112
ส้มตำ,4,101,404
ไส้กรอกอีสาน,1,50,50
หมูยอ,3,93,279
แจ่วบอง,2,107,214
ข้าวจี่,5,115,575
ตำแตง,1,120,120
ก้อยปลา,4,30,120
ไส้กรอกอีสาน,5,114,570
ปลาร้าบอง,5,86,430
ไก่ย่าง,3,105,315
ปลาร้าบอง,3,68,204
ส้มตำ,4,146,584
ต้มแซ่บ,3,125,375
ตำแตง,1,146,146
น้ำตกหมู,5,130,650
ข้าวเหนียว,4,115,460
ตำปู,1,64,64
น้ำตกหมู,5,91,455
ต้มแซ่บ,4,117,468
ตำปู,4,128,512
ไส้กรอกอีสาน,3,110,330
ข้าวเหนียว,5,75,375
แกงอ่อม,5,127,635
ข้าวจี่,2,110,220
ตำไทย,3,44,132
แกงอ่อม,1,95,95
ปลาดุกย่าง,2,106,212
แหนม,1,92,92
ก้อยปลา,3,34,102
น้ำตกหมู,3,65,195
แจ่วบอง,5,46,230
ลาบหมู,1,76,76
แกงอ่อม,4,106,424
แจ่วบอง,5,50,250
ปลาร้าบอง,5,114,570
หมกหน่อไม้,5,39,195
ตำแตง,2,38,76
ไก่ย่าง,4,105,420
ตำแตง,3,92,276
หมกหน่อไม้,4,134,536
ตำแตง,5,116,580
ต้มแซ่บ,1,117,117
ไส้กรอกอีสาน,4,89,356
ตำปู,5,94,470
น้ำตกหมู,2,92,184
ตำปู,4,108,432
ข้าวจี่,1,112,112
ก้อยปลา,2,50,100
แหนม,5,131,655
ลาบหมู,5,137,685
ไส้กรอกอีสาน,3,76,228
ตำปู,4,92,368
ปลาดุกย่าง,2,36,72
น้ำตกหมู,3,43,129
ก้อยปลา,1,88,88
ต้มแซ่บ,3,94,282
หมูยอ,5,52,260
แจ่วบอง,1,76,76
หมกหน่อไม้,4,144,576
ตำแตง,3,148,444
ข้าวเหนียว,4,136,544
ต้มแซ่บ,4,70,280
ตำไทย,1,116,116
หมกหน่อไม้,4,32,128
ตำไทย,2,79,158
ข้าวจี่,5,92,460
หมูยอ,4,31,124
ส้มตำ,1,135,135
ตำไทย,4,72,288
ตำไทย,5,64,320
ตำปู,1,107,107
ปลาร้าบอง,5,30,150
แกงอ่อม,3,42,126
ซุปหน่อไม้,4,147,588
หมูยอ,3,51,153
หมกหน่อไม้,2,59,118
ลาบหมู,2,129,258
ส้มตำ,4,53,212
น้ำตกหมู,3,111,333
ก้อยปลา,1,129,129
ตำแตง,1,31,31
หมูยอ,5,97,485
ตำปู,3,149,447
ลาบหมู,2,95,190
ข้าวเหนียว,1,122,122
ต้มแซ่บ,1,139,139
หมูยอ,2,36,72
ไส้กรอกอีสาน,4,101,404
ส้มตำ,1,64,64
แหนม,4,86,344
ลาบหมู,4,118,472
ตำปู,5,59,295
หมกหน่อไม้,5,127,635
ตำปู,2,79,158
ส้มตำ,3,48,144
ต้มแซ่บ,3,119,357
น้ำตกหมู,5,106,530
ต้มแซ่บ,1,31,31
ซุปหน่อไม้,1,87,87
แหนม,5,119,595
หมกหน่อไม้,3,133,399
ตำแตง,5,43,215
ปลาร้าบอง,4,123,492
ซุปหน่อไม้,2,52,104
หมกหน่อไม้,5,121,605
หมูยอ,4,109,436
ปลาร้าบอง,1,138,138
ซุปหน่อไม้,5,108,540
แกงอ่อม,1,114,114
ต้มแซ่บ,5,59,295
แกงอ่อม,3,84,252
ลาบหมู,1,125,125
ปลาร้าบอง,5,45,225
หมูยอ,2,76,152
ปลาร้าบอง,1,50,50
หมกหน่อไม้,3,133,399
ไส้กรอกอีสาน,5,92,460
ไก่ย่าง,5,54,270
ข้าวจี่,4,75,300
ตำไทย,3,80,240
ตำไทย,5,39,195
ตำปู,3,105,315
ข้าวเหนียว,1,37,37
ไส้กรอกอีสาน,2,66,132
ก้อยปลา,5,56,280
ตำไทย,4,73,292
ตำแตง,3,32,96
ไส้กรอกอีสาน,3,132,396
ไส้กรอกอีสาน,3,104,312
ตำแตง,1,47,47
ข้าวเหนียว,5,95,475
ไก่ย่าง,3,122,366
ตำไทย,4,143,572
ข้าวเหนียว,4,139,556
ลาบหมู,2,147,294
ตำปู,4,99,396
ข้าวเหนียว,4,121,484
ตำแตง,2,144,288
ส้มตำ,2,62,124
หมูยอ,5,133,665
แกงอ่อม,2,81,162
แจ่วบอง,4,113,452
ต้มแซ่บ,4,127,508
ตำแตง,4,36,144
ซุปหน่อไม้,4,76,304
ข้าวจี่,4,98,392
ตำไทย,2,83,166
หมูยอ,2,69,138
ไก่ย่าง,1,98,98
ไก่ย่าง,1,143,143
ไก่ย่าง,2,47,94
หมูยอ,2,89,178
ข้าวเหนียว,2,38,76
ปลาร้าบอง,1,140,140
น้ำตกหมู,5,77,385
ก้อยปลา,4,133,532
ลาบหมู,3,107,321
ส้มตำ,4,101,404
ตำแตง,2,76,152
หมกหน่อไม้,1,142,142
ลาบหมู,2,107,214
ส้มตำ,4,146,584
ซุปหน่อไม้,1,96,96
ตำไทย,4,41,164
แจ่วบอง,3,99,297
ข้าวจี่,4,54,216
ข้าวจี่,3,146,438
ซุปหน่อไม้,3,129,387
แกงอ่อม,1,121,121
แกงอ่อม,2,141,282
หมูยอ,3,68,204
ปลาร้าบอง,1,36,36
ก้อยปลา,1,99,99
ต้มแซ่บ,5,69,345
ข้าวจี่,2,72,144
หมกหน่อไม้,2,132,264
ข้าวจี่,1,144,144
ต้มแซ่บ,4,121,484
ส้มตำ,2,54,108
ตำแตง,3,105,315
แกงอ่อม,3,148,444
ข้าวจี่,2,91,182
แกงอ่อม,4,59,236
ไส้กรอกอีสาน,5,86,430
ไส้กรอกอีสาน,2,87,174
ตำไทย,1,61,61
แจ่วบอง,5,142,710
น้ำตกหมู,1,88,88
ข้าวจี่,3,106,318
ปลาร้าบอง,4,150,600
ก้อยปลา,3,31,93
ปลาดุกย่าง,1,99,99
หมกหน่อไม้,5,103,515
ลาบหมู,3,83,249
ตำปู,1,131,131
ปลาดุกย่าง,3,37,111
หมูยอ,1,104,104
ไก่ย่าง,2,112,224
หมกหน่อไม้,1,137,137
ลาบหมู,5,41,205
หมกหน่อไม้,3,122,366
แหนม,2,80,160
ตำไทย,4,150,600
ต้มแซ่บ,5,126,630
ปลาดุกย่าง,3,71,213
ไก่ย่าง,2,48,96
ลาบหมู,3,105,315
ส้มตำ,1,114,114
แจ่วบอง,2,102,204
ต้มแซ่บ,5,99,495
แหนม,3,30,90
ข้าวเหนียว,4,67,268
ลาบหมู,2,87,174
ไส้กรอกอีสาน,1,131,131
ตำปู,2,147,294
ตำไทย,3,149,447
แกงอ่อม,4,123,492
ต้มแซ่บ,5,96,480
ไก่ย่าง,4,42,168
ข้าวเหนียว,3,102,306
ตำปู,5,102,510
ไก่ย่าง,1,67,67
ไก่ย่าง,4,90,360
น้ำตกหมู,3,71,213
ข้าวจี่,2,123,246
ข้าวเหนียว,4,136,544
แกงอ่อม,3,105,315
ก้อยปลา,3,150,450
หมูยอ,2,37,74
ต้มแซ่บ,4,67,268
ข้าวจี่,5,72,360
ซุปหน่อไม้,2,121,242
แจ่วบอง,5,93,465
ไส้กรอกอีสาน,4,73,292
ข้าวเหนียว,4,67,268
ข้าวจี่,4,132,528
ลาบหมู,1,34,34
แจ่วบอง,3,95,285
น้ำตกหมู,3,32,96
น้ำตกหมู,4,110,440
ซุปหน่อไม้,2,123,246
ลาบหมู,2,46,92
ไก่ย่าง,3,58,174
หมกหน่อไม้,1,43,43
หมกหน่อไม้,4,71,284
ก้อยปลา,4,57,228
ตำแตง,4,97,388
ต้มแซ่บ,4,122,488
ก้อยปลา,3,135,405
ต้มแซ่บ,5,83,415
หมกหน่อไม้,2,31,62
ไส้กรอกอีสาน,2,130,260
ปลาดุกย่าง,5,137,685
ข้าวเหนียว,4,115,460
ข้าวจี่,5,133,665
หมกหน่อไม้,5,60,300
หมกหน่อไม้,4,54,216
ไส้กรอกอีสาน,5,105,525
แกงอ่อม,1,100,100
แกงอ่อม,1,97,97
ไก่ย่าง,5,89,445
ข้าวจี่,1,75,75
หมูยอ,2,63,126
แจ่วบอง,4,138,552
หมูยอ,5,131,655
ข้าวเหนียว,5,40,200
ก้อยปลา,5,67,335
ส้มตำ,3,131,393
ตำไทย,1,150,150
ข้าวจี่,5,115,575
ปลาดุกย่าง,2,89,178
ปลาร้าบอง,1,93,93
ไก่ย่าง,2,117,234
ก้อยปลา,1,102,102
ต้มแซ่บ,4,78,312
ก้อยปลา,2,130,260
ไก่ย่าง,1,137,137
น้ำตกหมู,1,88,88
ซุปหน่อไม้,4,75,300
ก้อยปลา,4,60,240
น้ำตกหมู,4,143,572
ข้าวจี่,2,60,120
แจ่วบอง,2,67,134
หมกหน่อไม้,1,142,142
ปลาร้าบอง,3,33,99
ข้าวจี่,1,94,94
ปลาร้าบอง,1,142,142
น้ำตกหมู,5,141,705
ส้มตำ,2,96,192
ลาบหมู,1,32,32
ปลาร้าบอง,4,127,508
ข้าวเหนียว,5,123,615
ตำปู,5,86,430
หมกหน่อไม้,3,114,342
ข้าวเหนียว,1,76,76
ไส้กรอกอีสาน,4,70,280
ซุปหน่อไม้,3,38,114
ก้อยปลา,2,137,274
ข้าวจี่,3,119,357
หมูยอ,2,86,172
ซุปหน่อไม้,3,48,144
ตำปู,5,148,740
ปลาร้าบอง,1,129,129
ซุปหน่อไม้,1,92,92
ไส้กรอกอีสาน,4,67,268
ก้อยปลา,3,58,174
ต้มแซ่บ,1,148,148
ส้มตำ,4,139,556
ซุปหน่อไม้,2,149,298
ส้มตำ,3,120,360
น้ำตกหมู,4,51,204
แจ่วบอง,2,43,86
แหนม,3,108,324
แหนม,3,124,372
ข้าวเหนียว,2,129,258
แหนม,2,88,176
ข้าวเหนียว,2,96,192
ตำแตง,4,56,224
ต้มแซ่บ,4,136,544
หมกหน่อไม้,2,38,76
ข้าวเหนียว,5,100,500
ตำไทย,3,141,423
ลาบหมู,1,51,51
แกงอ่อม,5,40,200
ข้าวเหนียว,2,119,238
ตำปู,1,33,33
หมูยอ,1,88,88
ไส้กรอกอีสาน,4,36,144
ตำปู,1,68,68
ส้มตำ,1,34,34
ต้มแซ่บ,2,143,286
แกงอ่อม,5,63,315
ตำแตง,4,34,136
ก้อยปลา,4,149,596
ปลาร้าบอง,2,76,152
แกงอ่อม,4,84,336
ปลาร้าบอง,2,102,204
หมกหน่อไม้,2,57,114
แหนม,3,64,192
หมกหน่อไม้,5,105,525
แหนม,3,147,441
ส้มตำ,4,92,368
หมูยอ,5,50,250
หมูยอ,1,140,140
ตำปู,4,31,124
ปลาร้าบอง,2,112,224
แจ่วบอง,2,144,288
ข้าวเหนียว,5,122,610
หมูยอ,1,119,119
แกงอ่อม,1,112,112
ตำแตง,2,51,102
แหนม,3,123,369
ข้าวจี่,4,41,164
ไส้กรอกอีสาน,5,58,290
ตำปู,2,78,156
ส้มตำ,3,144,432
ข้าวเหนียว,4,55,220
ปลาร้าบอง,3,101,303
ไส้กรอกอีสาน,1,58,58
ไส้กรอกอีสาน,3,148,444
หมกหน่อไม้,4,104,416
แจ่วบอง,5,124,620
ข้าวเหนียว,3,127,381
ลาบหมู,1,49,49
ต้มแซ่บ,4,85,340
ข้าวเหนียว,1,98,98
ตำไทย,2,66,132
ปลาดุกย่าง,4,117,468
ข้าวจี่,4,145,580
ปลาดุกย่าง,2,124,248
น้ำตกหมู,3,48,144
ตำแตง,2,76,152
ซุปหน่อไม้,2,39,78
ปลาร้าบอง,5,45,225
ตำไทย,1,48,48
ก้อยปลา,2,123,246
ตำปู,5,102,510
ปลาดุกย่าง,3,34,102
ปลาร้าบอง,3,94,282
ปลาดุกย่าง,4,90,360
ไก่ย่าง,4,85,340
แกงอ่อม,4,31,124
ตำแตง,4,113,452
ปลาดุกย่าง,4,129,516
ข้าวเหนียว,2,42,84
ปลาร้าบอง,3,82,246
ข้าวเหนียว,4,30,120
ปลาดุกย่าง,1,92,92
ข้าวจี่,2,74,148
ข้าวเหนียว,5,116,580
หมกหน่อไม้,2,72,144
ตำแตง,5,121,605
แกงอ่อม,3,37,111
แกงอ่อม,4,33,132
ตำไทย,3,119,357
ข้าวเหนียว,2,121,242
ไก่ย่าง,2,59,118
แกงอ่อม,2,83,166
น้ำตกหมู,1,82,82
แจ่วบอง,4,83,332
น้ำตกหมู,5,118,590
ลาบหมู,4,115,460
ตำไทย,1,40,40
ปลาร้าบอง,4,33,132
ตำแตง,2,61,122
น้ำตกหมู,5,82,410
หมูยอ,1,112,112
ลาบหมู,5,54,270
ปลาดุกย่าง,5,146,730
ลาบหมู,1,117,117
แกงอ่อม,2,94,188
แจ่วบอง,4,138,552
ส้มตำ,2,116,232
ซุปหน่อไม้,4,116,464
ตำไทย,1,46,46
ปลาร้าบอง,5,72,360
ตำแตง,5,64,320
ลาบหมู,2,122,244
ตำแตง,3,86,258
แหนม,2,56,112
ตำปู,3,92,276
ต้มแซ่บ,5,72,360
ข้าวจี่,5,72,360
ข้าวจี่,2,132,264
น้ำตกหมู,4,98,392
แหนม,2,60,120
แกงอ่อม,1,37,37
ส้มตำ,2,53,106
ปลาร้าบอง,4,115,460
ไก่ย่าง,5,58,290
ปลาร้าบอง,5,119,595
ส้มตำ,2,71,142
ก้อยปลา,4,139,556
น้ำตกหมู,1,84,84
ไส้กรอกอีสาน,3,118,354
ปลาร้าบอง,1,122,122
หมูยอ,2,134,268
ปลาร้าบอง,2,104,208
ส้มตำ,1,42,42
ข้าวเหนียว,5,55,275
หมกหน่อไม้,3,61,183
ลาบหมู,2,136,272
น้ำตกหมู,4,85,340
หมูยอ,1,107,107
ปลาดุกย่าง,4,61,244
ไก่ย่าง,1,55,55
ต้มแซ่บ,4,60,240
แกงอ่อม,5,110,550
ส้มตำ,4,54,216
ตำปู,1,68,68
ลาบหมู,2,60,120
ก้อยปลา,3,97,291
ข้าวจี่,1,39,39
ไส้กรอกอีสาน,1,98,98
หมูยอ,2,141,282
หมกหน่อไม้,2,43,86
ปลาดุกย่าง,4,47,188
ปลาดุกย่าง,1,49,49
ลาบหมู,2,139,278
ปลาร้าบอง,4,109,436
ข้าวเหนียว,5,62,310
ส้มตำ,1,72,72
ข้าวเหนียว,2,111,222
ตำไทย,1,149,149
ตำแตง,5,141,705
ไส้กรอกอีสาน,1,126,126
ต้มแซ่บ,5,110,550
ข้าวเหนียว,1,143,143
หมกหน่อไม้,5,150,750
ส้มตำ,1,98,98
ปลาดุกย่าง,4,96,384
ไส้กรอกอีสาน,4,107,428
ไส้กรอกอีสาน,2,123,246
หมกหน่อไม้,1,50,50
ลาบหมู,1,31,31
แจ่วบอง,1,32,32
ปลาร้าบอง,4,110,440
ปลาดุกย่าง,5,44,220
ปลาดุกย่าง,5,75,375
ตำแตง,2,60,120
แจ่วบอง,4,37,148
ไก่ย่าง,4,105,420
ตำแตง,3,58,174
ข้าวจี่,3,72,216
หมูยอ,2,88,176
น้ำตกหมู,4,127,508
ข้าวจี่,3,82,246
น้ำตกหมู,2,31,62
หมูยอ,3,93,279
หมกหน่อไม้,5,124,620
หมกหน่อไม้,4,43,172
ปลาร้าบอง,1,121,121
ข้าวจี่,1,94,94
ตำไทย,4,131,524
แจ่วบอง,5,32,160
แจ่วบอง,5,105,525
ลาบหมู,4,75,300
ข้าวเหนียว,3,87,261
ตำแตง,2,89,178
แจ่วบอง,4,145,580
น้ำตกหมู,2,133,266
ลาบหมู,3,53,159
แกงอ่อม,3,54,162
ส้มตำ,2,76,152
ตำแตง,2,122,244
ปลาร้าบอง,1,147,147
ตำแตง,3,47,141
ต้มแซ่บ,5,103,515
แหนม,5,137,685
ซุปหน่อไม้,5,127,635
ก้อยปลา,1,109,109
ตำปู,3,91,273
ก้อยปลา,5,121,605
ซุปหน่อไม้,2,34,68
แหนม,1,144,144
ตำแตง,5,133,665
ตำแตง,3,146,438
ลาบหมู,2,35,70
ไก่ย่าง,4,104,416
ส้มตำ,2,110,220
ปลาดุกย่าง,1,139,139
ซุปหน่อไม้,5,63,315
ตำปู,1,124,124
แจ่วบอง,2,142,284
หมกหน่อไม้,2,138,276
หมูยอ,2,91,182
ลาบหมู,1,76,76
ตำปู,1,122,122
แจ่วบอง,3,112,336
หมูยอ,5,112,560
ข้าวเหนียว,3,77,231
ก้อยปลา,2,107,214
ก้อยปลา,3,65,195
ต้มแซ่บ,4,32,128
ข้าวเหนียว,2,50,100
ตำปู,4,54,216
ส้มตำ,3,116,348
ตำปู,3,38,114
ลาบหมู,4,111,444
ปลาร้าบอง,3,149,447
แกงอ่อม,4,148,592
ตำปู,1,128,128
ปลาร้าบอง,2,46,92
ตำปู,5,101,505
ตำไทย,4,76,304
แกงอ่อม,4,106,424
ข้าวเหนียว,3,105,315
ปลาร้าบอง,4,52,208
ไส้กรอกอีสาน,1,103,103
หมกหน่อไม้,3,72,216
ส้มตำ,3,106,318
แจ่วบอง,1,50,50
ซุปหน่อไม้,5,71,355
ข้าวเหนียว,4,137,548
หมูยอ,2,128,256
ปลาดุกย่าง,4,99,396
ข้าวเหนียว,2,62,124
แหนม,4,112,448
แจ่วบอง,1,47,47
ก้อยปลา,1,59,59
ลาบหมู,4,83,332
ลาบหมู,5,92,460
หมกหน่อไม้,1,148,148
ซุปหน่อไม้,4,89,356
ข้าวเหนียว,1,126,126
ก้อยปลา,1,72,72
ไก่ย่าง,1,92,92
ไก่ย่าง,4,137,548
แหนม,5,142,710
ต้มแซ่บ,4,47,188
ข้าวเหนียว,3,65,195
ซุปหน่อไม้,5,77,385
ปลาร้าบอง,2,119,238
แจ่วบอง,2,95,190
ข้าวจี่,2,65,130
ลาบหมู,5,100,500
ต้มแซ่บ,1,45,45
ปลาดุกย่าง,5,126,630
ข้าวเหนียว,1,83,83
แหนม,5,83,415
ต้มแซ่บ,1,75,75
หมกหน่อไม้,3,128,384
ก้อยปลา,1,99,99
ต้มแซ่บ,5,35,175
ต้มแซ่บ,5,31,155
ปลาดุกย่าง,4,73,292
ปลาร้าบอง,1,87,87
ก้อยปลา,1,106,106
ลาบหมู,3,108,324
ข้าวจี่,3,57,171
ต้มแซ่บ,5,69,345
หมกหน่อไม้,2,73,146
ก้อยปลา,2,140,280
ไส้กรอกอีสาน,3,35,105
ไก่ย่าง,4,119,476
ข้าวจี่,2,125,250
ปลาร้าบอง,3,124,372
แหนม,3,141,423
ข้าวเหนียว,3,46,138
ข้าวจี่,2,73,146
น้ำตกหมู,2,49,98
ส้มตำ,3,55,165
ตำปู,1,86,86
แจ่วบอง,1,125,125
ก้อยปลา,4,104,416
น้ำตกหมู,5,112,560
ไส้กรอกอีสาน,3,74,222
แหนม,5,117,585
แจ่วบอง,3,85,255
ไก่ย่าง,4,68,272
ไส้กรอกอีสาน,2,99,198
หมูยอ,5,119,595
น้ำตกหมู,4,94,376
ไส้กรอกอีสาน,5,76,380
ซุปหน่อไม้,3,64,192
ไส้กรอกอีสาน,5,64,320
หมูยอ,3,106,318
ลาบหมู,2,118,236
ตำแตง,4,69,276
ต้มแซ่บ,3,101,303
หมูยอ,5,47,235
ตำแตง,3,104,312
ปลาดุกย่าง,2,70,140
ต้มแซ่บ,5,120,600
ปลาร้าบอง,1,149,149
ข้าวเหนียว,1,148,148
ข้าวเหนียว,4,145,580
ก้อยปลา,2,33,66
ก้อยปลา,3,51,153
หมูยอ,2,110,220
น้ำตกหมู,1,58,58
ข้าวเหนียว,3,63,189
ปลาดุกย่าง,5,50,250
ปลาดุกย่าง,3,127,381
ปลาดุกย่าง,2,105,210
หมูยอ,1,41,41
ซุปหน่อไม้,1,148,148
หมกหน่อไม้,3,116,348
หมูยอ,1,132,132
น้ำตกหมู,1,79,79
ตำไทย,1,45,45
ต้มแซ่บ,5,49,245
ปลาร้าบอง,4,144,576
แหนม,3,38,114
ปลาร้าบอง,4,131,524
ข้าวเหนียว,2,39,78
น้ำตกหมู,1,53,53
ข้าวเหนียว,5,132,660
แกงอ่อม,5,116,580
ตำปู,5,99,495
แจ่วบอง,4,145,580
แกงอ่อม,2,34,68
ซุปหน่อไม้,4,88,352
แกงอ่อม,4,87,348
ข้าวเหนียว,3,138,414
ตำไทย,2,47,94
แจ่วบอง,3,139,417
น้ำตกหมู,2,96,192
ไส้กรอกอีสาน,4,116,464
ส้มตำ,2,102,204
ต้มแซ่บ,3,92,276
ตำปู,1,55,55
หมกหน่อไม้,3,148,444
ตำไทย,2,93,186
ตำปู,4,71,284
ก้อยปลา,4,147,588
หมูยอ,1,143,143
ปลาร้าบอง,2,43,86
ส้มตำ,1,92,92
ตำปู,2,125,250
หมกหน่อไม้,4,123,492
แกงอ่อม,3,76,228
ตำไทย,3,86,258
แกงอ่อม,4,147,588
แกงอ่อม,5,45,225
ไก่ย่าง,3,43,129
ปลาร้าบอง,1,138,138
ข้าวเหนียว,1,111,111
ส้มตำ,2,61,122
ไก่ย่าง,4,35,140
หมกหน่อไม้,5,79,395
หมูยอ,4,85,340
ลาบหมู,4,138,552
ตำแตง,4,149,596
ตำแตง,2,95,190
หมูยอ,1,55,55
ก้อยปลา,4,132,528
หมกหน่อไม้,4,144,576
ข้าวจี่,3,85,255
ไส้กรอกอีสาน,1,142,142
ข้าวเหนียว,5,132,660
ปลาดุกย่าง,3,139,417
แหนม,5,33,165
ตำปู,3,106,318
ลาบหมู,4,48,192
หมูยอ,1,91,91
หมกหน่อไม้,5,61,305
หมกหน่อไม้,5,41,205
แหนม,4,114,456
แกงอ่อม,1,101,101
ตำแตง,1,132,132
ลาบหมู,2,118,236
แหนม,4,114,456
หมกหน่อไม้,2,109,218
ส้มตำ,5,109,545
ตำปู,4,109,436
ปลาร้าบอง,3,80,240
ข้าวจี่,1,114,114
หมกหน่อไม้,5,70,350
ตำปู,5,143,715
ปลาดุกย่าง,1,127,127
ปลาดุกย่าง,3,50,150
ปลาดุกย่าง,3,109,327
ตำแตง,1,101,101
ตำปู,5,137,685
ข้าวจี่,1,92,92
ตำแตง,2,86,172
หมกหน่อไม้,1,138,138
ไก่ย่าง,4,109,436
ซุปหน่อไม้,2,125,250
ตำแตง,3,35,105
แกงอ่อม,4,34,136
ซุปหน่อไม้,3,119,357
ตำไทย,1,84,84
ตำปู,4,32,128
หมกหน่อไม้,1,143,143
ข้าวจี่,1,115,115
ตำไทย,2,149,298
ซุปหน่อไม้,2,104,208
ซุปหน่อไม้,5,146,730
ซุปหน่อไม้,1,61,61
ลาบหมู,1,32,32
หมกหน่อไม้,4,126,504
ปลาดุกย่าง,2,101,202
ข้าวเหนียว,2,77,154
ตำแตง,1,130,130
ส้มตำ,5,104,520
ปลาร้าบอง,3,99,297
ตำไทย,5,147,735
ซุปหน่อไม้,4,79,316
แจ่วบอง,1,125,125
ตำปู,3,82,246
ลาบหมู,4,111,444
แกงอ่อม,5,46,230
ส้มตำ,3,123,369
แหนม,5,127,635
ตำไทย,1,34,34
น้ำตกหมู,5,56,280
ก้อยปลา,1,76,76
หมูยอ,2,83,166
ต้มแซ่บ,2,102,204
ตำไทย,1,76,76
ลาบหมู,4,121,484
แกงอ่อม,2,126,252
แหนม,3,123,369
ข้าวจี่,3,35,105
แหนม,4,111,444
ข้าวจี่,4,47,188
แหนม,5,101,505
ส้มตำ,3,120,360
ลาบหมู,5,62,310
แกงอ่อม,2,93,186
แหนม,3,57,171
ข้าวเหนียว,2,50,100
น้ำตกหมู,3,103,309
ข้าวเหนียว,1,73,73
ซุปหน่อไม้,4,75,300
ตำปู,1,30,30
ไส้กรอกอีสาน,5,116,580
ลาบหมู,1,138,138
ก้อยปลา,5,123,615
ส้มตำ,5,58,290
หมกหน่อไม้,5,83,415
ปลาดุกย่าง,3,51,153
ตำไทย,2,50,100
ข้าวจี่,4,78,312
หมูยอ,3,114,342
ลาบหมู,2,43,86
ตำปู,1,39,39
แหนม,5,141,705
แจ่วบอง,5,130,650
หมกหน่อไม้,2,116,232
หมกหน่อไม้,3,77,231
ตำแตง,5,149,745
ข้าวเหนียว,4,45,180
ตำปู,2,89,178
ปลาร้าบอง,1,128,128
แจ่วบอง,1,35,35
ไก่ย่าง,4,126,504
ตำปู,3,93,279
ไส้กรอกอีสาน,5,58,290
ตำแตง,1,75,75
ไส้กรอกอีสาน,3,33,99
หมกหน่อไม้,3,102,306
ข้าวเหนียว,3,134,402
ไก่ย่าง,1,118,118
ตำแตง,1,138,138
ไก่ย่าง,3,145,435
ลาบหมู,3,141,423
หมกหน่อไม้,2,146,292
หมกหน่อไม้,3,131,393
ซุปหน่อไม้,3,113,339
ลาบหมู,2,147,294
ก้อยปลา,4,86,344
แหนม,2,66,132
ตำไทย,3,62,186
แกงอ่อม,1,132,132
ข้าวจี่,3,135,405
ต้มแซ่บ,1,120,120
แกงอ่อม,5,130,650
ต้มแซ่บ,5,144,720
ก้อยปลา,1,75,75
ไส้กรอกอีสาน,1,71,71
ตำแตง,2,142,284
ไก่ย่าง,4,119,476
แกงอ่อม,1,35,35
ข้าวเหนียว,4,106,424
ต้มแซ่บ,1,146,146
แจ่วบอง,5,63,315
ไก่ย่าง,4,121,484
แหนม,1,49,49
ก้อยปลา,4,142,568
ต้มแซ่บ,4,48,192
ต้มแซ่บ,2,38,76
ปลาดุกย่าง,1,118,118
ปลาดุกย่าง,5,95,475
ปลาดุกย่าง,5,112,560
ข้าวจี่,1,105,105
ข้าวเหนียว,4,32,128
แหนม,2,38,76
หมูยอ,1,103,103
หมกหน่อไม้,2,64,128
แกงอ่อม,2,100,200
ตำปู,5,88,440
ลาบหมู,5,42,210
ต้มแซ่บ,3,106,318
หมูยอ,3,99,297
ไก่ย่าง,3,82,246
ตำปู,3,122,366
ลาบหมู,2,113,226
ตำปู,4,145,580
แหนม,3,122,366
ปลาร้าบอง,5,126,630
ข้าวเหนียว,3,103,309
แจ่วบอง,3,121,363
ข้าวจี่,3,68,204
น้ำตกหมู,2,56,112
หมกหน่อไม้,1,119,119
ลาบหมู,3,123,369
ก้อยปลา,5,40,200
ลาบหมู,5,119,595
ลาบหมู,4,133,532
ปลาดุกย่าง,4,58,232
ก้อยปลา,2,117,234
ตำปู,4,105,420
ต้มแซ่บ,3,46,138
แกงอ่อม,2,126,252
ตำแตง,5,45,225
แจ่วบอง,2,48,96
แจ่วบอง,5,87,435
ส้มตำ,3,134,402
ปลาดุกย่าง,3,91,273
ตำแตง,3,111,333
น้ำตกหมู,3,119,357
ลาบหมู,1,73,73
แกงอ่อม,4,137,548
ส้มตำ,4,51,204
ปลาดุกย่าง,5,121,605
ข้าวจี่,1,137,137
ก้อยปลา,2,54,108
ข้าวจี่,1,114,114
แจ่วบอง,5,137,685
หมกหน่อไม้,5,36,180
ปลาร้าบอง,5,123,615
ต้มแซ่บ,4,94,376
ข้าวเหนียว,1,74,74
ตำปู,4,77,308
ลาบหมู,5,129,645
หมกหน่อไม้,3,41,123
ตำปู,3,33,99
ปลาดุกย่าง,3,129,387
ข้าวเหนียว,3,141,423
แจ่วบอง,4,36,144
แหนม,4,56,224
ตำไทย,5,122,610
แกงอ่อม,5,88,440
หมกหน่อไม้,2,76,152
น้ำตกหมู,2,39,78
ก้อยปลา,3,113,339
ตำแตง,3,58,174
ต้มแซ่บ,5,136,680
ก้อยปลา,2,43,86
ต้มแซ่บ,1,115,115
ข้าวเหนียว,5,39,195
น้ำตกหมู,3,127,381
ไส้กรอกอีสาน,1,146,146
ก้อยปลา,2,60,120
แหนม,2,145,290
ลาบหมู,3,150,450
ต้มแซ่บ,1,70,70
ซุปหน่อไม้,4,128,512
หมูยอ,5,135,675
ส้มตำ,1,75,75
ข้าวเหนียว,4,72,288
ส้มตำ,2,118,236
แจ่วบอง,2,93,186
ปลาดุกย่าง,2,132,264
ตำไทย,5,50,250
ไส้กรอกอีสาน,5,67,335
ปลาดุกย่าง,4,122,488
แหนม,2,92,184
ส้มตำ,4,121,484
แกงอ่อม,4,62,248
หมูยอ,5,121,605
ตำไทย,4,39,156
ไส้กรอกอีสาน,5,150,750
แกงอ่อม,3,36,108
ปลาดุกย่าง,1,118,118
ตำไทย,4,128,512
ก้อยปลา,2,81,162
ส้มตำ,4,125,500
ซุปหน่อไม้,1,89,89
ต้มแซ่บ,5,131,655
ตำไทย,3,129,387
ไส้กรอกอีสาน,5,38,190
ต้มแซ่บ,1,51,51
หมกหน่อไม้,2,62,124
ต้มแซ่บ,5,57,285
ลาบหมู,2,130,260
แกงอ่อม,5,67,335
ตำไทย,2,33,66
ไส้กรอกอีสาน,4,130,520
หมูยอ,1,113,113
หมกหน่อไม้,3,31,93
ต้มแซ่บ,5,121,605
ตำไทย,3,72,216
ซุปหน่อไม้,4,116,464
ก้อยปลา,2,30,60
ตำแตง,3,55,165
ปลาดุกย่าง,1,99,99
ส้มตำ,5,45,225
ข้าวจี่,2,90,180
ตำปู,1,130,130
ไส้กรอกอีสาน,2,71,142
แหนม,3,40,120
ตำไทย,1,42,42
ปลาดุกย่าง,1,59,59
ปลาร้าบอง,3,111,333
ปลาร้าบอง,3,142,426
แจ่วบอง,5,59,295
ซุปหน่อไม้,5,117,585
ส้มตำ,2,91,182
ต้มแซ่บ,3,59,177
ข้าวจี่,5,39,195
หมูยอ,4,145,580
ปลาดุกย่าง,5,103,515
ก้อยปลา,4,34,136
ตำปู,1,40,40
ก้อยปลา,2,105,210
ตำปู,2,84,168
ต้มแซ่บ,1,114,114
ตำปู,5,119,595
ข้าวจี่,4,130,520
แหนม,5,84,420
ซุปหน่อไม้,2,104,208
ส้มตำ,3,55,165
ส้มตำ,5,72,360
ส้มตำ,2,129,258
แกงอ่อม,3,134,402
ปลาดุกย่าง,1,49,49
หมกหน่อไม้,3,76,228
หมกหน่อไม้,1,124,124
ลาบหมู,2,72,144
ก้อยปลา,4,86,344
ตำปู,3,142,426
แหนม,1,55,55
ไส้กรอกอีสาน,3,143,429
หมูยอ,2,64,128
ตำแตง,2,52,104
ข้าวเหนียว,2,145,290
แหนม,5,138,690
ส้มตำ,2,87,174
ข้าวเหนียว,4,45,180
แกงอ่อม,5,49,245
หมกหน่อไม้,3,30,90
หมกหน่อไม้,2,100,200
ตำปู,1,131,131
ข้าวเหนียว,4,79,316
ไก่ย่าง,5,73,365
ไส้กรอกอีสาน,5,61,305
ปลาดุกย่าง,5,41,205
ต้มแซ่บ,5,113,565
ปลาร้าบอง,3,60,180
ตำไทย,3,98,294
ก้อยปลา,4,95,380
ตำแตง,4,45,180
ลาบหมู,1,74,74
ก้อยปลา,3,57,171
แหนม,1,32,32
ก้อยปลา,3,92,276
ข้าวจี่,2,100,200
ข้าวเหนียว,5,72,360
ปลาดุกย่าง,4,104,416
ปลาร้าบอง,3,84,252
ก้อยปลา,3,57,171
หมูยอ,2,124,248
ข้าวเหนียว,1,65,65
แจ่วบอง,1,143,143
ตำปู,3,134,402
ส้มตำ,1,58,58
ตำปู,2,108,216
หมกหน่อไม้,5,107,535
ลาบหมู,1,136,136
ปลาดุกย่าง,4,148,592
หมกหน่อไม้,1,61,61
ลาบหมู,2,134,268
ส้มตำ,2,41,82
ปลาดุกย่าง,2,36,72
ตำแตง,1,34,34
ข้าวจี่,5,145,725
น้ำตกหมู,2,99,198
ปลาร้าบอง,4,107,428
ก้อยปลา,5,49,245
ปลาดุกย่าง,5,115,575
ลาบหมู,4,104,416
ซุปหน่อไม้,5,34,170
น้ำตกหมู,3,85,255
ส้มตำ,3,81,243
ปลาดุกย่าง,5,111,555
ซุปหน่อไม้,1,93,93
น้ำตกหมู,2,43,86
ไส้กรอกอีสาน,5,30,150
แหนม,2,112,224
หมูยอ,2,97,194
ลาบหมู,4,74,296
ก้อยปลา,4,113,452
ต้มแซ่บ,1,103,103
ไก่ย่าง,1,81,81
ซุปหน่อไม้,2,72,144
น้ำตกหมู,1,87,87
ลาบหมู,2,86,172
ตำแตง,5,93,465
ข้าวจี่,2,82,164
แหนม,1,36,36
ตำปู,2,115,230
น้ำตกหมู,2,86,172
แหนม,4,38,152
ตำไทย,2,31,62
ปลาดุกย่าง,1,136,136
ตำแตง,1,76,76
ตำไทย,1,146,146
ลาบหมู,4,94,376
ปลาร้าบอง,3,53,159
ปลาร้าบอง,3,145,435
ไส้กรอกอีสาน,2,109,218
ต้มแซ่บ,5,67,335
ซุปหน่อไม้,4,147,588
ก้อยปลา,4,106,424
ปลาดุกย่าง,1,90,90
หมกหน่อไม้,2,114,228
ส้มตำ,1,126,126
ข้าวเหนียว,1,89,89
ก้อยปลา,1,143,143
ตำปู,2,81,162
แจ่วบอง,3,46,138
ตำปู,2,148,296
ซุปหน่อไม้,3,135,405
ตำไทย,1,116,116
น้ำตกหมู,4,60,240
แหนม,3,102,306
หมกหน่อไม้,2,32,64
แจ่วบอง,1,116,116
ข้าวเหนียว,2,113,226
น้ำตกหมู,1,46,46
ข้าวจี่,3,118,354
น้ำตกหมู,3,58,174
ลาบหมู,1,138,138
ตำไทย,5,147,735
แจ่วบอง,2,130,260
ซุปหน่อไม้,2,73,146
ต้มแซ่บ,4,37,148
ก้อยปลา,4,56,224
ตำไทย,4,35,140
หมูยอ,4,76,304
ลาบหมู,1,134,134
แกงอ่อม,3,121,363
ไส้กรอกอีสาน,1,47,47
แจ่วบอง,1,64,64
ลาบหมู,4,122,488
แกงอ่อม,5,46,230
ก้อยปลา,1,109,109
ไก่ย่าง,4,88,352
ซุปหน่อไม้,4,52,208
ไก่ย่าง,5,91,455
ก้อยปลา,4,113,452
ตำปู,4,111,444
ลาบหมู,2,52,104
ปลาร้าบอง,5,129,645
ตำปู,1,86,86
ตำแตง,3,31,93
หมกหน่อไม้,4,133,532
ปลาร้าบอง,1,88,88
ไก่ย่าง,5,88,440
ปลาร้าบอง,5,32,160
ซุปหน่อไม้,5,58,290
ข้าวเหนียว,2,126,252
ไก่ย่าง,2,120,240
ตำไทย,2,117,234
หมูยอ,5,88,440
หมกหน่อไม้,3,53,159
ไก่ย่าง,1,95,95
ส้มตำ,5,68,340
ลาบหมู,1,68,68
ปลาดุกย่าง,3,123,369
หมกหน่อไม้,5,106,530
แหนม,3,140,420
แกงอ่อม,1,128,128
ซุปหน่อไม้,1,112,112
ซุปหน่อไม้,3,61,183
ข้าวเหนียว,4,113,452
ปลาร้าบอง,3,131,393
ตำไทย,2,134,268
ตำปู,1,58,58
ก้อยปลา,2,39,78
ลาบหมู,5,136,680
แหนม,1,56,56
ข้าวเหนียว,2,88,176
หมูยอ,5,140,700
ข้าวจี่,3,101,303
ไก่ย่าง,2,51,102
แหนม,3,117,351
ปลาดุกย่าง,5,144,720
หมูยอ,4,137,548
ปลาร้าบอง,3,148,444
ปลาร้าบอง,2,106,212
หมกหน่อไม้,2,46,92
ข้าวเหนียว,5,90,450
ลาบหมู,4,64,256
ตำปู,3,139,417
แกงอ่อม,2,146,292
ต้มแซ่บ,5,51,255
ปลาดุกย่าง,1,68,68
แกงอ่อม,3,143,429
ต้มแซ่บ,5,74,370
ต้มแซ่บ,5,125,625
ก้อยปลา,1,109,109
แจ่วบอง,3,95,285
ซุปหน่อไม้,2,96,192
ตำปู,1,49,49
ซุปหน่อไม้,2,53,106
ลาบหมู,1,104,104
ไส้กรอกอีสาน,1,111,111
แกงอ่อม,3,109,327
ลาบหมู,2,126,252
ตำไทย,1,37,37
ตำปู,1,105,105
ตำไทย,2,104,208
ตำปู,4,127,508
ตำแตง,4,46,184
ต้มแซ่บ,4,87,348
ต้มแซ่บ,5,50,250
ต้มแซ่บ,5,43,215
หมกหน่อไม้,3,38,114
น้ำตกหมู,3,70,210
ต้มแซ่บ,4,90,360
ไก่ย่าง,3,118,354
ข้าวจี่,2,136,272
หมูยอ,1,127,127
แกงอ่อม,2,40,80
ปลาดุกย่าง,1,149,149
ตำปู,3,118,354
ส้มตำ,4,79,316
ตำแตง,5,62,310
ต้มแซ่บ,2,117,234
ไส้กรอกอีสาน,4,145,580
ไส้กรอกอีสาน,5,63,315
หมกหน่อไม้,2,31,62
ปลาร้าบอง,4,54,216
หมูยอ,2,93,186
ต้มแซ่บ,1,134,134
แหนม,1,107,107
ซุปหน่อไม้,4,73,292
ตำปู,4,60,240
น้ำตกหมู,1,77,77
ปลาดุกย่าง,1,38,38
น้ำตกหมู,5,33,165
ข้าวจี่,4,53,212
ตำไทย,2,109,218
ตำแตง,2,110,220
ปลาดุกย่าง,4,92,368
ไส้กรอกอีสาน,4,61,244
ลาบหมู,2,87,174
แหนม,5,79,395
แกงอ่อม,2,95,190
ตำปู,1,43,43
ต้มแซ่บ,3,42,126
น้ำตกหมู,1,76,76
แกงอ่อม,3,124,372
หมูยอ,4,46,184
ไก่ย่าง,5,95,475
ข้าวจี่,1,99,99
แกงอ่อม,3,40,120
หมกหน่อไม้,1,58,58
แจ่วบอง,4,93,372
ตำปู,3,101,303
ลาบหมู,4,118,472
หมกหน่อไม้,5,51,255
ไก่ย่าง,3,62,186
ข้าวจี่,1,72,72
หมูยอ,3,122,366
แหนม,2,137,274
ตำไทย,2,34,68
ข้าวจี่,4,145,580
ข้าวเหนียว,2,41,82
ไส้กรอกอีสาน,4,36,144
ปลาร้าบอง,5,144,720
ข้าวเหนียว,3,145,435
ต้มแซ่บ,2,111,222
ปลาดุกย่าง,1,46,46
ไก่ย่าง,5,65,325
ปลาดุกย่าง,2,39,78
แกงอ่อม,5,67,335
ปลาร้าบอง,4,38,152
ตำแตง,5,110,550
ก้อยปลา,5,71,355
ข้าวจี่,4,117,468
ไก่ย่าง,4,95,380
ข้าวจี่,3,143,429
แหนม,1,65,65
แหนม,1,62,62
หมกหน่อไม้,3,57,171
ตำไทย,3,54,162
ไก่ย่าง,5,148,740
หมูยอ,4,77,308
ส้มตำ,5,104,520
ข้าวเหนียว,3,102,306
ตำแตง,2,57,114
ลาบหมู,5,132,660
ตำปู,3,34,102
หมูยอ,5,48,240
ข้าวเหนียว,5,87,435
แหนม,4,49,196
ไก่ย่าง,4,106,424
ซุปหน่อไม้,1,114,114
ข้าวเหนียว,5,88,440
ลาบหมู,4,145,580
น้ำตกหมู,3,141,423
ไส้กรอกอีสาน,5,131,655
หมูยอ,1,59,59
ไก่ย่าง,1,104,104
ปลาร้าบอง,4,149,596
ลาบหมู,2,74,148
หมูยอ,1,44,44
ข้าวเหนียว,1,127,127
แจ่วบอง,3,73,219
ไก่ย่าง,2,65,130
ตำไทย,4,103,412
ลาบหมู,1,105,105
ตำไทย,1,72,72
หมูยอ,5,33,165
ตำไทย,3,148,444
ข้าวเหนียว,1,74,74
ปลาร้าบอง,2,137,274
ก้อยปลา,2,63,126
ไก่ย่าง,3,45,135
แจ่วบอง,2,35,70
หมูยอ,3,118,354
แจ่วบอง,1,126,126
ข้าวจี่,1,83,83
ลาบหมู,2,126,252
ไก่ย่าง,3,141,423
หมูยอ,2,34,68
แจ่วบอง,5,114,570
ตำปู,1,91,91
หมกหน่อไม้,5,148,740
ลาบหมู,4,109,436
ซุปหน่อไม้,2,103,206
หมูยอ,4,147,588
ไส้กรอกอีสาน,1,103,103
แกงอ่อม,2,33,66
ต้มแซ่บ,5,78,390
ปลาร้าบอง,5,148,740
แกงอ่อม,2,104,208
หมูยอ,1,103,103
ข้าวจี่,3,42,126
ส้มตำ,2,125,250
ตำไทย,3,67,201
ลาบหมู,1,33,33
ต้มแซ่บ,1,63,63
หมูยอ,3,123,369
ลาบหมู,1,40,40
ข้าวเหนียว,2,109,218
ข้าวเหนียว,4,146,584
ต้มแซ่บ,1,55,55
แหนม,2,112,224
ปลาร้าบอง,1,43,43
แจ่วบอง,1,56,56
ข้าวจี่,4,132,528
ข้าวจี่,1,140,140
แจ่วบอง,1,47,47
แกงอ่อม,3,83,249
แกงอ่อม,2,41,82
ก้อยปลา,3,145,435
แกงอ่อม,2,64,128
หมูยอ,1,93,93
ข้าวเหนียว,3,120,360
ส้มตำ,5,69,345
ส้มตำ,2,48,96
ปลาร้าบอง,1,93,93
ข้าวเหนียว,2,52,104
ซุปหน่อไม้,4,135,540
ปลาดุกย่าง,3,39,117
หมูยอ,2,59,118
แจ่วบอง,5,86,430
ปลาดุกย่าง,2,148,296
ตำไทย,4,111,444
ส้มตำ,5,122,610
ปลาร้าบอง,1,109,109
แหนม,2,42,84
ปลาดุกย่าง,1,102,102
ไส้กรอกอีสาน,4,89,356
ปลาดุกย่าง,3,60,180
ตำแตง,3,79,237
ตำไทย,1,86,86
แกงอ่อม,4,121,484
ข้าวเหนียว,1,58,58
ตำไทย,5,139,695
ปลาดุกย่าง,2,117,234
หมกหน่อไม้,4,97,388
ปลาร้าบอง,5,125,625
ซุปหน่อไม้,4,128,512
ข้าวเหนียว,4,62,248
หมกหน่อไม้,4,142,568
ต้มแซ่บ,5,140,700
ข้าวจี่,3,74,222
ตำไทย,5,101,505
ปลาร้าบอง,1,37,37
ข้าวจี่,3,92,276
ต้มแซ่บ,1,135,135
แจ่วบอง,5,97,485
ต้มแซ่บ,4,47,188
ปลาดุกย่าง,3,74,222
ปลาร้าบอง,4,48,192
ลาบหมู,3,104,312
ลาบหมู,1,87,87
ข้าวจี่,4,101,404
แหนม,4,108,432
หมูยอ,5,139,695
ตำแตง,3,121,363
ข้าวจี่,5,68,340
ปลาร้าบอง,1,109,109
ตำไทย,2,68,136
แหนม,2,149,298
แกงอ่อม,2,84,168
ปลาร้าบอง,5,52,260
แกงอ่อม,4,107,428
ตำไทย,4,140,560
แหนม,2,52,104
น้ำตกหมู,5,112,560
ปลาร้าบอง,4,131,524
ไก่ย่าง,2,60,120
ซุปหน่อไม้,1,77,77
ไส้กรอกอีสาน,5,120,600
แหนม,5,109,545
ตำแตง,4,112,448
ข้าวเหนียว,3,118,354
ปลาร้าบอง,2,60,120
ก้อยปลา,5,76,380
ไส้กรอกอีสาน,5,128,640
ไก่ย่าง,1,60,60
ตำปู,1,108,108
ข้าวจี่,3,102,306
น้ำตกหมู,5,61,305
น้ำตกหมู,5,124,620
หมูยอ,1,38,38
แกงอ่อม,4,46,184
ต้มแซ่บ,4,43,172
ตำไทย,3,64,192
แหนม,4,92,368
แจ่วบอง,3,55,165
น้ำตกหมู,5,54,270
แกงอ่อม,4,94,376
แหนม,3,35,105
ตำปู,3,106,318
หมกหน่อไม้,3,39,117
แหนม,3,65,195
ไส้กรอกอีสาน,3,140,420
แกงอ่อม,3,49,147
ส้มตำ,4,138,552
แหนม,1,137,137
หมูยอ,4,83,332
ข้าวเหนียว,2,64,128
ซุปหน่อไม้,5,106,530
หมูยอ,4,128,512
ก้อยปลา,5,49,245
ตำปู,4,142,568
ปลาร้าบอง,3,113,339
ต้มแซ่บ,2,118,236
ไก่ย่าง,1,33,33
หมกหน่อไม้,3,46,138
ข้าวจี่,2,66,132
ปลาดุกย่าง,1,105,105
หมกหน่อไม้,4,100,400
ปลาดุกย่าง,2,114,228
ซุปหน่อไม้,4,50,200
ปลาร้าบอง,4,59,236
ส้มตำ,2,91,182
ปลาดุกย่าง,1,58,58
ข้าวเหนียว,3,49,147
ซุปหน่อไม้,5,33,165
ข้าวเหนียว,3,53,159
น้ำตกหมู,2,112,224
แกงอ่อม,1,95,95
ซุปหน่อไม้,4,36,144
ข้าวจี่,2,45,90
แจ่วบอง,1,50,50
ลาบหมู,3,137,411
ต้มแซ่บ,1,107,107
ตำปู,1,113,113
แกงอ่อม,5,97,485
ส้มตำ,5,141,705
ปลาดุกย่าง,2,106,212
ต้มแซ่บ,2,132,264
ปลาดุกย่าง,3,84,252
ข้าวเหนียว,4,72,288
หมูยอ,3,117,351
ซุปหน่อไม้,5,80,400
ต้มแซ่บ,3,56,168
ซุปหน่อไม้,1,137,137
น้ำตกหมู,5,69,345
ต้มแซ่บ,4,139,556
แจ่วบอง,3,55,165
ข้าวจี่,3,37,111
ต้มแซ่บ,5,66,330
ซุปหน่อไม้,3,147,441
ก้อยปลา,5,102,510
แหนม,1,146,146
ก้อยปลา,1,110,110
ตำปู,5,48,240
ไก่ย่าง,2,50,100
น้ำตกหมู,1,102,102
แหนม,3,39,117
ปลาร้าบอง,5,44,220
ปลาร้าบอง,4,56,224
แกงอ่อม,4,113,452
ตำปู,4,122,488
ไส้กรอกอีสาน,3,82,246
ตำปู,1,42,42
ข้าวเหนียว,4,68,272
หมกหน่อไม้,4,119,476
ตำไทย,2,124,248
ตำแตง,1,56,56
ก้อยปลา,4,137,548
น้ำตกหมู,1,117,117
ตำไทย,1,54,54
ข้าวเหนียว,5,116,580
ลาบหมู,3,114,342
แกงอ่อม,3,78,234
ตำแตง,5,115,575
ซุปหน่อไม้,2,134,268
ปลาร้าบอง,2,150,300
ตำแตง,1,115,115
น้ำตกหมู,4,34,136
ลาบหมู,3,53,159
ก้อยปลา,2,95,190
ปลาดุกย่าง,5,139,695
ส้มตำ,3,107,321
ซุปหน่อไม้,3,93,279
หมูยอ,3,37,111
ข้าวเหนียว,1,33,33
น้ำตกหมู,3,82,246
ปลาร้าบอง,1,100,100
ซุปหน่อไม้,4,55,220
ซุปหน่อไม้,5,119,595
ไส้กรอกอีสาน,5,37,185
หมูยอ,5,32,160
แหนม,2,83,166
แหนม,3,47,141
น้ำตกหมู,1,148,148
หมูยอ,5,40,200
ตำแตง,1,37,37
ข้าวจี่,1,140,140
ข้าวจี่,5,117,585
ก้อยปลา,3,138,414
หมกหน่อไม้,3,51,153
ตำปู,2,94,188
ตำไทย,3,119,357
ส้มตำ,1,41,41
แหนม,3,92,276
น้ำตกหมู,3,136,408
ลาบหมู,2,122,244
แจ่วบอง,1,52,52
ตำแตง,2,136,272
ไก่ย่าง,2,47,94
ตำปู,1,111,111
ข้าวเหนียว,3,30,90
ปลาดุกย่าง,4,57,228
ไส้กรอกอีสาน,4,77,308
ลาบหมู,5,88,440
ซุปหน่อไม้,5,64,320
น้ำตกหมู,3,148,444
ข้าวเหนียว,4,123,492
แจ่วบอง,4,42,168
ปลาร้าบอง,3,115,345
ตำแตง,4,84,336
ปลาร้าบอง,5,108,540
ไก่ย่าง,3,58,174
ไส้กรอกอีสาน,1,78,78
น้ำตกหมู,2,147,294
ซุปหน่อไม้,1,147,147
ลาบหมู,2,94,188
ปลาดุกย่าง,1,149,149
ข้าวเหนียว,4,31,124
แกงอ่อม,2,38,76
ปลาร้าบอง,1,80,80
ลาบหมู,5,100,500
ก้อยปลา,4,114,456
ตำไทย,1,42,42
แหนม,3,33,99
ต้มแซ่บ,1,113,113
ปลาดุกย่าง,4,96,384
ส้มตำ,2,73,146
แกงอ่อม,4,136,544
ข้าวเหนียว,2,50,100
ปลาดุกย่าง,2,116,232
ก้อยปลา,5,108,540
ไส้กรอกอีสาน,1,59,59
ต้มแซ่บ,5,84,420
ส้มตำ,5,110,550
ต้มแซ่บ,2,56,112
ไก่ย่าง,4,38,152
แหนม,2,75,150
แหนม,3,70,210
แหนม,4,116,464
น้ำตกหมู,1,87,87
หมูยอ,5,34,170
แหนม,3,58,174
ส้มตำ,5,138,690
ตำปู,3,139,417
ก้อยปลา,4,85,340
ไส้กรอกอีสาน,2,68,136
ไก่ย่าง,1,33,33
ลาบหมู,4,39,156
ส้มตำ,2,31,62
ลาบหมู,2,42,84
หมกหน่อไม้,3,84,252
แจ่วบอง,5,136,680
ลาบหมู,5,72,360
น้ำตกหมู,4,92,368
น้ำตกหมู,2,95,190
หมกหน่อไม้,2,66,132
ลาบหมู,3,50,150
ตำไทย,3,131,393
ปลาดุกย่าง,1,92,92
แกงอ่อม,2,126,252
หมกหน่อไม้,4,48,192
ก้อยปลา,2,49,98
ปลาดุกย่าง,4,119,476
ต้มแซ่บ,5,112,560
ปลาดุกย่าง,3,121,363
แจ่วบอง,4,150,600
ปลาดุกย่าง,1,148,148
ข้าวจี่,4,101,404
แหนม,5,133,665
ตำปู,3,73,219
ปลาร้าบอง,1,92,92
ก้อยปลา,2,120,240
ส้มตำ,5,140,700
ลาบหมู,1,129,129
ข้าวเหนียว,4,93,372
ปลาดุกย่าง,3,73,219
ข้าวจี่,1,86,86
ต้มแซ่บ,3,65,195
แจ่วบอง,3,138,414
ไก่ย่าง,1,108,108
ต้มแซ่บ,5,137,685
หมกหน่อไม้,2,68,136
ตำไทย,4,54,216
แจ่วบอง,3,121,363
ไก่ย่าง,5,141,705
แหนม,1,97,97
ข้าวเหนียว,1,86,86
ปลาร้าบอง,5,64,320
ข้าวจี่,2,131,262
ตำไทย,4,102,408
ปลาร้าบอง,3,133,399
ต้มแซ่บ,2,65,130
ไส้กรอกอีสาน,5,131,655
ซุปหน่อไม้,2,35,70
หมูยอ,5,83,415
ตำปู,4,43,172
แจ่วบอง,5,30,150
น้ำตกหมู,3,98,294
แกงอ่อม,2,40,80
ปลาดุกย่าง,3,95,285
ปลาร้าบอง,4,41,164
น้ำตกหมู,4,89,356
ซุปหน่อไม้,5,42,210
ข้าวเหนียว,3,83,249
แหนม,3,134,402
ตำแตง,1,96,96
ตำไทย,3,43,129
ซุปหน่อไม้,4,105,420
แจ่วบอง,5,131,655
แกงอ่อม,1,54,54
ลาบหมู,5,89,445
หมกหน่อไม้,5,43,215
แกงอ่อม,4,135,540
หมกหน่อไม้,3,31,93
ตำไทย,5,106,530
ตำไทย,3,64,192
ข้าวจี่,4,53,212
ปลาร้าบอง,2,63,126
ไส้กรอกอีสาน,4,102,408
ตำปู,1,92,92
ส้มตำ,5,52,260
ข้าวเหนียว,1,139,139
ปลาดุกย่าง,5,80,400
ตำแตง,2,76,152
หมกหน่อไม้,3,93,279
แหนม,1,125,125
แหนม,5,59,295
หมูยอ,5,30,150
หมกหน่อไม้,5,64,320
ก้อยปลา,5,64,320
ข้าวเหนียว,4,116,464
ข้าวจี่,2,42,84
น้ำตกหมู,4,129,516
ส้มตำ,3,106,318
ตำปู,5,38,190
ปลาร้าบอง,5,92,460
ไก่ย่าง,2,129,258
ข้าวจี่,5,94,470
แจ่วบอง,5,90,450
ไส้กรอกอีสาน,1,145,145
ส้มตำ,3,54,162
ต้มแซ่บ,2,78,156
ก้อยปลา,5,52,260
ข้าวจี่,1,62,62
แกงอ่อม,2,150,300
ข้าวจี่,5,146,730
น้ำตกหมู,2,100,200
ตำไทย,2,87,174
ก้อยปลา,2,45,90
ไส้กรอกอีสาน,3,40,120
แจ่วบอง,5,117,585
ตำไทย,3,116,348
ส้มตำ,5,39,195
แหนม,3,149,447
ส้มตำ,3,121,363
น้ำตกหมู,1,92,92
หมูยอ,5,144,720
หมูยอ,3,116,348
ข้าวจี่,4,87,348
แกงอ่อม,1,77,77
ตำปู,4,139,556
แจ่วบอง,5,138,690
ปลาร้าบอง,4,101,404
ข้าวจี่,1,44,44
ตำไทย,1,57,57
แกงอ่อม,4,32,128
ตำปู,1,83,83
หมูยอ,1,112,112
แหนม,3,92,276
ก้อยปลา,1,95,95
น้ำตกหมู,2,147,294
ตำแตง,4,50,200
หมกหน่อไม้,2,132,264
ข้าวเหนียว,3,40,120
ตำแตง,1,30,30
แจ่วบอง,1,129,129
แกงอ่อม,5,112,560
แกงอ่อม,5,83,415
ปลาร้าบอง,3,133,399
น้ำตกหมู,2,105,210
ไก่ย่าง,2,79,158
ซุปหน่อไม้,4,58,232
ปลาดุกย่าง,5,124,620
ไก่ย่าง,4,65,260
ก้อยปลา,1,112,112
หมูยอ,1,137,137
ตำปู,2,148,296
ตำปู,5,105,525
ตำแตง,2,42,84
ตำแตง,3,33,99
ก้อยปลา,2,140,280
ซุปหน่อไม้,2,50,100
ไส้กรอกอีสาน,4,79,316
แหนม,1,136,136
ปลาดุกย่าง,1,82,82
แกงอ่อม,5,56,280
ปลาร้าบอง,4,115,460
น้ำตกหมู,4,121,484
ปลาร้าบอง,3,104,312
หมกหน่อไม้,1,57,57
น้ำตกหมู,2,44,88
ซุปหน่อไม้,2,37,74
น้ำตกหมู,5,46,230
หมกหน่อไม้,5,90,450
น้ำตกหมู,3,135,405
ข้าวเหนียว,2,142,284
แจ่วบอง,4,125,500
หมูยอ,2,113,226
ซุปหน่อไม้,3,90,270
น้ำตกหมู,5,85,425
แจ่วบอง,4,80,320
ตำปู,3,82,246
ตำปู,4,130,520
หมกหน่อไม้,3,40,120
ไส้กรอกอีสาน,4,79,316
ปลาร้าบอง,2,100,200
แกงอ่อม,3,45,135
ไก่ย่าง,5,123,615
ต้มแซ่บ,3,46,138
ก้อยปลา,5,107,535
ต้มแซ่บ,5,141,705
ซุปหน่อไม้,3,118,354
ไก่ย่าง,5,122,610
ตำแตง,1,61,61
ต้มแซ่บ,2,121,242
ตำไทย,4,43,172
หมูยอ,4,100,400
ตำไทย,4,110,440
แกงอ่อม,4,69,276
ส้มตำ,4,49,196
แหนม,5,32,160
ปลาร้าบอง,3,103,309
ข้าวจี่,1,84,84
ปลาดุกย่าง,3,123,369
ตำปู,2,137,274
ลาบหมู,2,49,98
หมกหน่อไม้,1,116,116
ก้อยปลา,5,123,615
ปลาดุกย่าง,4,142,568
ข้าวจี่,3,75,225
ตำปู,3,144,432
แหนม,5,87,435
แหนม,1,67,67
ข้าวเหนียว,3,99,297
ตำแตง,3,77,231
ลาบหมู,4,40,160
แกงอ่อม,5,138,690
แจ่วบอง,3,39,117
ปลาดุกย่าง,1,149,149
หมกหน่อไม้,2,98,196
ลาบหมู,1,138,138
ข้าวเหนียว,4,121,484
ก้อยปลา,1,108,108
แจ่วบอง,5,47,235
ข้าวจี่,1,34,34
น้ำตกหมู,2,85,170
แกงอ่อม,5,79,395
ลาบหมู,5,65,325
ต้มแซ่บ,1,148,148
แหนม,2,150,300
ตำปู,3,148,444
ปลาร้าบอง,5,143,715
ซุปหน่อไม้,3,114,342
ต้มแซ่บ,1,128,128
ก้อยปลา,2,111,222
หมูยอ,3,128,384
ไก่ย่าง,4,69,276
แหนม,4,75,300
ลาบหมู,5,65,325
ตำแตง,2,107,214
ลาบหมู,3,76,228
ไส้กรอกอีสาน,1,108,108
แหนม,1,66,66
หมกหน่อไม้,2,53,106
ซุปหน่อไม้,5,67,335
หมูยอ,3,87,261
ซุปหน่อไม้,2,105,210
ไส้กรอกอีสาน,1,127,127
ต้มแซ่บ,4,36,144
แกงอ่อม,1,53,53
แหนม,2,111,222
ข้าวเหนียว,3,66,198
ก้อยปลา,4,146,584
ต้มแซ่บ,4,128,512
ตำแตง,2,60,120
ตำปู,4,92,368
แกงอ่อม,2,59,118
ไก่ย่าง,4,34,136
น้ำตกหมู,2,59,118
ไส้กรอกอีสาน,2,83,166
ตำแตง,5,49,245
ลาบหมู,1,70,70
แจ่วบอง,3,67,201
แจ่วบอง,4,109,436
ตำแตง,5,49,245
ตำไทย,4,110,440
ซุปหน่อไม้,2,120,240
ก้อยปลา,1,84,84
ตำปู,3,127,381
ตำไทย,5,45,225
ต้มแซ่บ,3,71,213
หมกหน่อไม้,2,116,232
ตำแตง,1,129,129
ต้มแซ่บ,3,116,348
หมกหน่อไม้,3,73,219
ปลาร้าบอง,5,135,675
น้ำตกหมู,1,77,77
ปลาดุกย่าง,5,131,655
แจ่วบอง,4,148,592
หมูยอ,2,69,138
หมูยอ,3,30,90
ส้มตำ,4,138,552
ตำปู,3,114,342
ตำไทย,3,66,198
ข้าวจี่,3,38,114
ต้มแซ่บ,4,68,272
หมกหน่อไม้,4,72,288
ก้อยปลา,5,131,655
ส้มตำ,3,84,252
แหนม,3,38,114
ซุปหน่อไม้,2,56,112
ลาบหมู,5,80,400
ตำปู,4,116,464
ไส้กรอกอีสาน,5,104,520
ข้าวเหนียว,2,102,204
ซุปหน่อไม้,5,38,190
ปลาร้าบอง,2,66,132
แจ่วบอง,1,148,148
หมกหน่อไม้,5,135,675
ต้มแซ่บ,3,92,276
แจ่วบอง,3,94,282
ก้อยปลา,5,63,315
แจ่วบอง,1,120,120
ตำไทย,5,126,630
ก้อยปลา,2,52,104
ข้าวจี่,2,79,158
หมกหน่อไม้,3,104,312
ตำไทย,5,102,510
แจ่วบอง,1,33,33
ปลาดุกย่าง,2,128,256
ไก่ย่าง,2,103,206
ข้าวจี่,5,122,610
ก้อยปลา,5,64,320
ไก่ย่าง,4,113,452
ไส้กรอกอีสาน,5,68,340
ลาบหมู,4,148,592
ปลาดุกย่าง,2,78,156
ตำแตง,5,122,610
แจ่วบอง,2,70,140
หมกหน่อไม้,2,45,90
หมกหน่อไม้,1,32,32
ตำปู,3,121,363
หมกหน่อไม้,3,116,348
ต้มแซ่บ,1,60,60
ไก่ย่าง,4,90,360
หมกหน่อไม้,3,149,447
ปลาร้าบอง,1,120,120
ข้าวจี่,2,86,172
ซุปหน่อไม้,5,59,295
แหนม,3,94,282
ปลาร้าบอง,3,40,120
หมูยอ,1,36,36
แหนม,1,110,110
ตำไทย,2,89,178
ซุปหน่อไม้,2,78,156
ลาบหมู,4,88,352
ไก่ย่าง,5,119,595
ซุปหน่อไม้,3,114,342
ไก่ย่าง,3,146,438
ลาบหมู,2,146,292
ไส้กรอกอีสาน,5,103,515
ข้าวเหนียว,1,121,121
ส้มตำ,1,72,72
ส้มตำ,5,111,555
ก้อยปลา,3,39,117
ข้าวจี่,2,141,282
ไส้กรอกอีสาน,2,99,198
ปลาดุกย่าง,2,35,70
ข้าวจี่,4,60,240
น้ำตกหมู,4,92,368
แหนม,4,125,500
ตำแตง,1,115,115
ต้มแซ่บ,5,98,490
หมูยอ,3,106,318
แจ่วบอง,2,69,138
ตำปู,4,46,184
หมกหน่อไม้,4,122,488
ซุปหน่อไม้,4,133,532
ปลาร้าบอง,1,77,77
ไก่ย่าง,5,100,500
ต้มแซ่บ,1,86,86
ซุปหน่อไม้,2,58,116
หมกหน่อไม้,1,33,33
ต้มแซ่บ,5,149,745
ลาบหมู,4,111,444
หมูยอ,3,45,135
ต้มแซ่บ,5,95,475
แกงอ่อม,1,42,42
ตำไทย,2,108,216
ปลาร้าบอง,2,84,168
ตำปู,5,94,470
ลาบหมู,3,129,387
ก้อยปลา,1,98,98
แหนม,5,120,600
ตำแตง,4,150,600
น้ำตกหมู,4,140,560
ไก่ย่าง,1,125,125
ไก่ย่าง,1,50,50
ไก่ย่าง,3,40,120
ตำแตง,1,62,62
ปลาดุกย่าง,2,58,116
น้ำตกหมู,1,149,149
ต้มแซ่บ,1,37,37
ต้มแซ่บ,1,122,122
น้ำตกหมู,5,52,260
ลาบหมู,3,35,105
น้ำตกหมู,5,134,670
หมูยอ,1,42,42
ไส้กรอกอีสาน,4,49,196
ตำแตง,4,102,408
ไส้กรอกอีสาน,4,128,512
แจ่วบอง,3,41,123
ข้าวเหนียว,3,67,201
ไก่ย่าง,3,40,120
หมกหน่อไม้,2,31,62
ส้มตำ,1,93,93
ตำปู,1,84,84
ก้อยปลา,4,99,396
ข้าวจี่,4,49,196
ตำปู,5,64,320
ข้าวเหนียว,1,61,61
แหนม,4,132,528
แกงอ่อม,1,142,142
ข้าวเหนียว,2,95,190
ไส้กรอกอีสาน,5,133,665
ไก่ย่าง,2,132,264
น้ำตกหมู,2,93,186
หมูยอ,3,48,144
แกงอ่อม,1,127,127
ปลาดุกย่าง,3,69,207
